modulename,category,gfx,add_equipment_type,manpower,critical_parts,dismantle_cost_ic,steel,rubber,aluminium,chromium
equipment_modules,ship_mine_layer,ship_mine_layer_1,,,,,,,,
multiply_stats,,,,,,,,,,
can_convert_from,,,,,,,0,,,
critical_parts,,,,,,,,,,
ship_mine_layer_2,ship_mine_layer,ship_mine_layer_2,,,,,,,,
multiply_stats,,,,,,,,,,
can_convert_from,,,,,,,0,,,
critical_parts,,,,,,,,,,
ship_mine_layer_3,ship_mine_layer,ship_mine_layer_3,,,,,,,,
multiply_stats,,,,,,,,,,
can_convert_from,,,,,,,0,,,
critical_parts,,,,,,,,,,
ship_mine_layer_4,ship_mine_layer,ship_mine_layer_4,,,,,,,,
multiply_stats,,,,,,,,,,
can_convert_from,,,,,,,0,,,
critical_parts,,,,,,,,,,
ship_mine_layer_5,ship_mine_layer,ship_mine_layer_5,,,,,,,,
multiply_stats,,,,,,,,,,
can_convert_from,,,,,,,0,,,
critical_parts,,,,,,,,,,
ship_mine_layer_6,ship_mine_layer,ship_mine_layer_6,,,,,,,,
multiply_stats,,,,,,,,,,
can_convert_from,,,,,,,0,,,
critical_parts,,,,,,,,,,
ship_mine_layer_7,ship_mine_layer,ship_mine_layer_6,,,,,,,,
multiply_stats,,,,,,,,,,
can_convert_from,,,,,,,0,,,
critical_parts,,,,,,,,,,
ship_mine_layer_8,ship_mine_layer,ship_mine_layer_6,,,,,,,,
multiply_stats,,,,,,,,,,
can_convert_from,,,,,,,0,,,
critical_parts,,,,,,,,,,
ship_mine_layer_sub,ship_mine_layer_sub,ship_mine_layer_sub_1,,,,,,,,
can_convert_from,,,,,,,0,,,
critical_parts,,,,,,,,,,
ship_mine_layer_sub_2,ship_mine_layer_sub,ship_mine_layer_sub_2,,,,,,,,
can_convert_from,,,,,,,0,,,
critical_parts,,,,,,,,,,
ship_mine_layer_sub_3,ship_mine_layer_sub,ship_mine_layer_sub_3,,,,,,,,
can_convert_from,,,,,,,0,,,
critical_parts,,,,,,,,,,
ship_mine_layer_sub_4,ship_mine_layer_sub,ship_mine_layer_sub_4,,,,,,,,
can_convert_from,,,,,,,0,,,
critical_parts,,,,,,,,,,
ship_mine_layer_sub_5,ship_mine_layer_sub,ship_mine_layer_sub_5,,,,,,,,
can_convert_from,,,,,,,0,,,
critical_parts,,,,,,,,,,
ship_mine_layer_sub_6,ship_mine_layer_sub,ship_mine_layer_sub_6,,,,,,,,
can_convert_from,,,,,,,0,,,
critical_parts,,,,,,,,,,
ship_mine_layer_sub_7,ship_mine_layer_sub,ship_mine_layer_sub_6,,,,,,,,
can_convert_from,,,,,,,0,,,
critical_parts,,,,,,,,,,
ship_mine_layer_sub_8,ship_mine_layer_sub,ship_mine_layer_sub_6,,,,,,,,
can_convert_from,,,,,,,0,,,
critical_parts,,,,,,,,,,
ship_mine_layer_rocket_1,ship_mine_layer,ship_mine_layer,,,,,,,,
multiply_stats,,,,16,,,,,,
critical_parts,,,,,,,,,,
ship_mine_layer_rocket_2,ship_mine_layer,ship_mine_layer,,,,,,,,
multiply_stats,,,,20,,,,,,
critical_parts,,,,,,,,,,
ship_mine_sweeper_1,ship_mine_warfare,ship_mine_sweeper_1,,,,,,,,
multiply_stats,,,,,,,,,,
can_convert_from,,,,,,,0,,,
ship_mine_sweeper_2,ship_mine_warfare,ship_mine_sweeper_2,,,,,,,,
multiply_stats,,,,,,,,,,
can_convert_from,,,,,,,0,,,
ship_mine_sweeper_3,ship_mine_warfare,ship_mine_sweeper_3,,,,,,,,
multiply_stats,,,,,,,,,,
can_convert_from,,,,,,,0,,,
ship_mine_sweeper_4,ship_mine_warfare,ship_mine_sweeper_4,,,,,,,,
multiply_stats,,,,,,,,,,
can_convert_from,,,,,,,0,,,
ship_mine_sweeper_5,ship_mine_warfare,ship_mine_sweeper_5,,,,,,,,
multiply_stats,,,,,,,,,,
can_convert_from,,,,,,,0,,,
ship_mine_sweeper_6,ship_mine_warfare,ship_mine_sweeper_6,,,,,,,,
multiply_stats,,,,,,,,,,
can_convert_from,,,,,,,0,,,
ship_mine_sweeper_7,ship_mine_warfare,ship_mine_sweeper_6,,,,,,,,
multiply_stats,,,,,,,,,,
can_convert_from,,,,,,,0,,,
ship_mine_sweeper_8,ship_mine_warfare,ship_mine_sweeper_6,,,,,,,,
multiply_stats,,,,,,,,,,
can_convert_from,,,,,,,0,,,
ship_mine_sweeper_L,ship_mine_warfare,ship_mine_sweeper_6,,,,,,,,
multiply_stats,,,,,,,,,,
can_convert_from,,,,,,,0,,,
equipment_modules,ship_medium_battery,,capital_ship,,,,,,,
multiply_stats,,,,,,,,,,
add_average_stats,,,,,,,,,,
build_cost_resources,,,,,,,2,,,
critical_parts,,,,,,,,,,
ship_GER_heavy_medium_battery_2,ship_medium_battery,,capital_ship,,,,,,,
multiply_stats,,,,,,,,,,
add_average_stats,,,,,,,,,,
build_cost_resources,,,,,,,2,,,
critical_parts,,,,,,,,,,
ship_ENG_mid_battery_1,ship_mid_battery,,capital_ship,,,,,,,
multiply_stats,,,,,,,,,,
add_average_stats,,,,,,,,,,
build_cost_resources,,,,,,,2,,,
can_convert_from,,,,,,,2,,,
can_convert_from,,,,,,,1,,,
critical_parts,,,,,,,,,,
ship_ENG_mid_battery_2,ship_mid_battery,,capital_ship,,,,,,,
multiply_stats,,,,,,,,,,
add_average_stats,,,,,,,,,,
build_cost_resources,,,,,,,2,,,
can_convert_from,,,,,,,2,,,
can_convert_from,,,,,,,1,,,
critical_parts,,,,,,,,,,
ship_ENG_mid_battery_3,ship_mid_battery,,capital_ship,,,,,,,
multiply_stats,,,,,,,,,,
add_average_stats,,,,,,,,,,
build_cost_resources,,,,,,,2,,,
can_convert_from,,,,,,,2,,,
can_convert_from,,,,,,,1,,,
critical_parts,,,,,,,,,,
ship_mid_battery_1,ship_mid_battery,,capital_ship,,,,,,,
multiply_stats,,,,,,,,,,
add_average_stats,,,,,,,,,,
build_cost_resources,,,,,,,2,,,
can_convert_from,,,,,,,2,,,
can_convert_from,,,,,,,1,,,
critical_parts,,,,,,,,,,
ship_mid_battery_2,ship_mid_battery,,capital_ship,,,,,,,
multiply_stats,,,,,,,,,,
add_average_stats,,,,,,,,,,
build_cost_resources,,,,,,,2,,,
can_convert_from,,,,,,,2,,,
can_convert_from,,,,,,,1,,,
critical_parts,,,,,,,,,,
ship_mid_battery_3,ship_mid_battery,,capital_ship,,,,,,,
multiply_stats,,,,,,,,,,
add_average_stats,,,,,,,,,,
build_cost_resources,,,,,,,2,,,
can_convert_from,,,,,,,2,,,
can_convert_from,,,,,,,1,,,
critical_parts,,,,,,,,,,
ship_mid_battery_4,ship_mid_battery,,capital_ship,,,,,,,
multiply_stats,,,,,,,,,,
add_average_stats,,,,,,,,,,
build_cost_resources,,,,,,,2,,,
can_convert_from,,,,,,,2,,,
can_convert_from,,,,,,,1,,,
critical_parts,,,,,,,,,,
ship_mid_battery_5,ship_mid_battery,,capital_ship,,,,,,,
multiply_stats,,,,,,,,,,
add_average_stats,,,,,,,,,,
build_cost_resources,,,,,,,2,,,
can_convert_from,,,,,,,2,,,
can_convert_from,,,,,,,1,,,
critical_parts,,,,,,,,,,
ship_mid_battery_6,ship_mid_battery,,capital_ship,,,,,,,
multiply_stats,,,,,,,,,,
add_average_stats,,,,,,,,,,
build_cost_resources,,,,,,,2,,,
can_convert_from,,,,,,,2,,,
can_convert_from,,,,,,,1,,,
critical_parts,,,,,,,,,,
equipment_modules,ship_fire_control_system,ship_fire_control_system,,,,,,,,
multiply_stats,,,,,,,,,,
ship_fire_control_system_1,ship_fire_control_system,,,,,,,,,
multiply_stats,,,,,,,,,,
can_convert_from,,,,,,,,,,
ship_fire_control_system_2,ship_fire_control_system,,,,,,,,,
multiply_stats,,,,,,,,,,
can_convert_from,,,,,,,,,,
can_convert_from,,,,,,,,,,
ship_fire_control_system_3,ship_fire_control_system,,,,,,,,,
multiply_stats,,,,,,,,,,
can_convert_from,,,,,,,,,,
can_convert_from,,,,,,,,,,
ship_fire_control_system_4,ship_fire_control_system,,,,,,,,,
multiply_stats,,,,,,,,,,
can_convert_from,,,,,,,,,,
can_convert_from,,,,,,,,,,
ship_fire_control_system_5,ship_fire_control_system,,,,,,,,,
multiply_stats,,,,,,,,,,
can_convert_from,,,,,,,,,,
can_convert_from,,,,,,,,,,
ship_fire_control_system_6,ship_fire_control_system,,,,,,,,,
multiply_stats,,,,,,,,,,
can_convert_from,,,,,,,,,,
can_convert_from,,,,,,,,,,
ship_fire_control_system_7,ship_fire_control_system,,,,,,,,,
multiply_stats,,,,,,,,,,
can_convert_from,,,,,,,,,,
can_convert_from,,,,,,,,,,
ship_fire_control_system_8,ship_fire_control_system,,,,,,,,,
multiply_stats,,,,,,,,,,
can_convert_from,,,,,,,,,,
can_convert_from,,,,,,,,,,
ship_fire_control_system_9,ship_fire_control_system,,,,,,,,,
multiply_stats,,,,,,,,,,
can_convert_from,,,,,,,,,,
can_convert_from,,,,,,,,,,
ship_fire_control_system_10,ship_fire_control_system,,,,,,,,,
multiply_stats,,,,,,,,,,
can_convert_from,,,,,,,,,,
can_convert_from,,,,,,,,,,
ship_light_1,ship_light,,,,,,,,,
multiply_stats,,,,,,,,,,
ship_light_2,ship_light,,,,,,,,,
multiply_stats,,,,,,,,,,
can_convert_from,,,,,,,,,,
ship_radar_1,ship_radar,,,,,,,,,
multiply_stats,,,,,,,,,,
critical_parts,,,,,,,,,,
ship_radar_2,ship_radar,,,,,,,,,
multiply_stats,,,,,,,,,,
can_convert_from,,,,,,,,,,
critical_parts,,,,,,,,,,
ship_radar_3,ship_radar,,,,,,,,,
add_stats,,,,,,,,,,
can_convert_from,,,,,,,,,,
can_convert_from,,,,,,,,,,
critical_parts,,,,,,,,,,
ship_radar_4,ship_radar,,,,,,,,,
add_stats,,,,,,,,,,
can_convert_from,,,,,,,,,,
can_convert_from,,,,,,,,,,
critical_parts,,,,,,,,,,
ship_radar_5,ship_radar,,,,,,,,,
add_stats,,,,,,,,,,
can_convert_from,,,,,,,,,,
can_convert_from,,,,,,,,,,
critical_parts,,,,,,,,,,
ship_radar_6,ship_radar,,,,,,,,,
add_stats,,,,,,,,,,
can_convert_from,,,,,,,,,,
can_convert_from,,,,,,,,,,
critical_parts,,,,,,,,,,
ship_radar_7,ship_radar,,,,,,,,,
add_stats,,,,,,,,,,
can_convert_from,,,,,,,,,,
can_convert_from,,,,,,,,,,
critical_parts,,,,,,,,,,
ship_radar_8,ship_radar,,,,,,,,,
add_stats,,,,,,,,,,
can_convert_from,,,,,,,,,,
can_convert_from,,,,,,,,,,
critical_parts,,,,,,,,,,
ship_radar_9,ship_radar,,,,,,,,,
add_stats,,,,,,,,,,
can_convert_from,,,,,,,,,,
can_convert_from,,,,,,,,,,
can_convert_from,,,,,,,,,,
critical_parts,,,,,,,,,,
ship_radar_10,ship_radar,,,,,,,,,
add_stats,,,,,,,,,,
can_convert_from,,,,,,,,,,
can_convert_from,,,,,,,,,,
can_convert_from,,,,,,,,,,
critical_parts,,,,,,,,,,
ship_sonar_1,ship_sonar,ship_sonar_1,,,,,,,,
ship_sonar_2,ship_sonar,ship_sonar_2,,,,,,,,
can_convert_from,,,,,,,,,,
ship_sonar_3,ship_sonar,ship_sonar_3,,,,,,,,
can_convert_from,,,,,,,,,,
ship_sonar_4,ship_sonar,ship_sonar_4,,,,,,,,
can_convert_from,,,,,,,,,,
ship_sonar_5,ship_sonar,ship_sonar_5,,,,,,,,
can_convert_from,,,,,,,,,,
ship_sonar_6,ship_sonar,ship_sonar_6,,,,,,,,
can_convert_from,,,,,,,,,,
ship_sonar_7,ship_sonar,ship_sonar_7,,,,,,,,
can_convert_from,,,,,,,,,,
ship_sonar_8,ship_sonar,ship_sonar_8,,,,,,,,
can_convert_from,,,,,,,,,,
ship_sonar_9,ship_sonar,ship_sonar_9,,,,,,,,
can_convert_from,,,,,,,,,,
ship_sonar_10,ship_sonar,ship_sonar_10,,,,,,,,
can_convert_from,,,,,,,,,,
equipment_modules,flush_deck,flush_deck,capital_ship,,,,,,,
multiply_stats,,,,360,,,,,,
build_cost_resources,,,,,,,1,,,
oil_catapult,oil_catapult,oil_catapult,capital_ship,,,,,,,
multiply_stats,,,,400,,,,,,
build_cost_resources,,,,,,,2,,,
can_convert_from,,,,,,900,1,,,
steam_catapult,ship_jet_deck_space,steam_catapult,capital_ship,,,,,,,
multiply_stats,,,,600,,,,,,
build_cost_resources,,,,,,,2,,,
can_convert_from,,,,,,900,1,,,
oil_catapult_s,ship_jet_deck_space_s,oil_catapult_s,capital_ship,,,,,,,
multiply_stats,,,,400,,,,,,
build_cost_resources,,,,,,,2,,,
can_convert_from,,,,,,900,1,,,
angled_deck,ship_deck_space_option,oil_catapult_s,capital_ship,,,,,,,
multiply_stats,,,,,,,,,,
multiply_stats,,,,400,,,,,,
build_cost_resources,,,,,,,1,,,
sub_deck_space_1,sub_deck_space,,carrier,,,,,,,
multiply_stats,,,,90,,,,,,
build_cost_resources,,,,,,,1,,,
ship_deck_space_C,ship_deck_space_C,flush_deck,carrier,,,,,,,
multiply_stats,,,,60,,,,,,
build_cost_resources,,,,,,,1,,,
ship_deck_space_C_2,ship_deck_space_C,flush_deck,carrier,,,,,,,
multiply_stats,,,,120,,,,,,
build_cost_resources,,,,,,,1,,,
ship_deck_space_BB,ship_deck_space_BB,flush_deck,carrier,,,,,,,
multiply_stats,,,,180,,,,,,
build_cost_resources,,,,,,,1,,,
SM_CAT_D,SM_CV_D,flush_deck,capital_ship,,,,,,,
build_cost_resources,,,,360,,,1,,,
equipment_modules,ship_engine,,,,,,,,,
add_stats,,,,,,,,,,
build_cost_resources,,,,,,,30,20,20,30
equipment_modules,ship_heavy_battery,,capital_ship,,,,,,,
multiply_stats,,,,,,,,,,
add_average_stats,,,,,,,,,,
build_cost_resources,,,,,,,1,,,
can_convert_from,,,,,,,,,,
critical_parts,,,,,,,,,,
ship_older_heavy_battery_2,ship_heavy_battery,,capital_ship,,,,,,,
multiply_stats,,,,,,,,,,
add_average_stats,,,,,,,,,,
build_cost_resources,,,,,,,1,,,
can_convert_from,,,,,,,,,,
can_convert_from,,,,,,,,,,
critical_parts,,,,,,,,,,
ship_older_heavy_battery_3,ship_heavy_battery,,capital_ship,,,,,,,
multiply_stats,,,,,,,,,,
add_average_stats,,,,,,,,,,
build_cost_resources,,,,,,,1,,,
can_convert_from,,,,,,,,,,
can_convert_from,,,,,,,,,,
critical_parts,,,,,,,,,,
ship_older_heavy_battery_4,ship_heavy_battery,,capital_ship,,,,,,,
multiply_stats,,,,,,,,,,
add_average_stats,,,,,,,,,,
build_cost_resources,,,,,,,1,,,
can_convert_from,,,,,,,,,,
can_convert_from,,,,,,,,,,
critical_parts,,,,,,,,,,
ship_old_heavy_battery_1,ship_heavy_battery,,capital_ship,,,,,,,
multiply_stats,,,,,,,,,,
add_average_stats,,,,,,,,,,
build_cost_resources,,,,,,,1,,,
can_convert_from,,,,,,,,,,
can_convert_from,,,,,,,,,,
critical_parts,,,,,,,,,,
ship_old_heavy_battery_2,ship_heavy_battery,,capital_ship,,,,,,,
multiply_stats,,,,,,,,,,
add_average_stats,,,,,,,,,,
build_cost_resources,,,,,,,1,,,1
can_convert_from,,,,,,,,,,
can_convert_from,,,,,,,,,,
critical_parts,,,,,,,,,,
ship_heavy_battery_1,ship_heavy_battery,,capital_ship,,,,,,,
multiply_stats,,,,,,,,,,
add_average_stats,,,,,,,,,,
build_cost_resources,,,,,,,1,,,
can_convert_from,,,,,,,,,,
critical_parts,,,,,,,,,,
ship_heavy_battery_2,ship_heavy_battery,,capital_ship,,,,,,,
multiply_stats,,,,,,,,,,
add_average_stats,,,,,,,,,,
build_cost_resources,,,,,,,1,,,
can_convert_from,,,,,,,,,,
can_convert_from,,,,,,,,,,
critical_parts,,,,,,,,,,
ship_heavy_battery_3,ship_heavy_battery,,capital_ship,,,,,,,
multiply_stats,,,,,,,,,,
add_average_stats,,,,,,,,,,
build_cost_resources,,,,,,,1,,,
can_convert_from,,,,,,,,,,
can_convert_from,,,,,,,,,,
critical_parts,,,,,,,,,,
ship_heavy_battery_4,ship_heavy_battery,,capital_ship,,,,,,,
multiply_stats,,,,,,,,,,
add_average_stats,,,,,,,,,,
build_cost_resources,,,,,,,1,,,1
can_convert_from,,,,,,,,,,
can_convert_from,,,,,,,,,,
critical_parts,,,,,,,,,,
ship_heavy_battery_5,ship_heavy_battery,,capital_ship,,,,,,,
multiply_stats,,,,,,,,,,
add_average_stats,,,,,,,,,,
build_cost_resources,,,,,,,1,,,1
can_convert_from,,,,,,,,,,
can_convert_from,,,,,,,,,,
critical_parts,,,,,,,,,,
ship_SPR_heavy_battery_1,ship_heavy_battery,,capital_ship,,,,,,,
multiply_stats,,,,,,,,,,
add_average_stats,,,,,,,,,,
build_cost_resources,,,,,,,1,,,
can_convert_from,,,,,,,,,,
critical_parts,,,,,,,,,,
ship_ENG_heavy_battery_1,ship_heavy_battery,,capital_ship,,,,,,,
multiply_stats,,,,,,,,,,
add_average_stats,,,,,,,,,,
build_cost_resources,,,,,,,1,,,
can_convert_from,,,,,,,,,,
critical_parts,,,,,,,,,,
ship_ENG_heavy_battery_2,ship_heavy_battery,,capital_ship,,,,,,,
multiply_stats,,,,,,,,,,
add_average_stats,,,,,,,,,,
build_cost_resources,,,,,,,1,,,
can_convert_from,,,,,,,,,,
critical_parts,,,,,,,,,,
ship_ITA_heavy_battery,ship_heavy_battery,,capital_ship,,,,,,,
multiply_stats,,,,,,,,,,
add_average_stats,,,,,,,,,,
build_cost_resources,,,,,,,1,,,
can_convert_from,,,,,,,,,,
critical_parts,,,,,,,,,,
ship_ITA_oldest_heavy_battery_1,ship_heavy_battery,,capital_ship,,,,,,,
multiply_stats,,,,,,,,,,
add_average_stats,,,,,,,,,,
build_cost_resources,,,,,,,1,,,
can_convert_from,,,,,,,,,,
can_convert_from,,,,,,,,,,
critical_parts,,,,,,,,,,
ship_ITA_oldest_heavy_battery_2,ship_heavy_battery,,capital_ship,,,,,,,
multiply_stats,,,,,,,,,,
add_average_stats,,,,,,,,,,
build_cost_resources,,,,,,,1,,,
can_convert_from,,,,,,,,,,
can_convert_from,,,,,,,,,,
critical_parts,,,,,,,,,,
ship_FRA_heavy_battery,ship_heavy_battery,,capital_ship,,,,,,,
multiply_stats,,,,,,,,,,
add_average_stats,,,,,,,,,,
build_cost_resources,,,,,,,1,,,
can_convert_from,,,,,,,,,,
critical_parts,,,,,,,,,,
ship_FRA_heavy_battery_1,ship_heavy_battery,,capital_ship,,,,,,,
multiply_stats,,,,,,,,,,
add_average_stats,,,,,,,,,,
build_cost_resources,,,,,,,1,,,
can_convert_from,,,,,,,,,,
critical_parts,,,,,,,,,,
ship_ENG_heavy_battery_oldest,ship_heavy_battery,,capital_ship,,,,,,,
multiply_stats,,,,,,,,,,
add_average_stats,,,,,,,,,,
build_cost_resources,,,,,,,1,,,
can_convert_from,,,,,,,,,,
critical_parts,,,,,,,,,,
ship_CHL_heavy_battery,ship_heavy_battery,,capital_ship,,,,,,,
multiply_stats,,,,,,,,,,
add_average_stats,,,,,,,,,,
build_cost_resources,,,,,,,1,,,
can_convert_from,,,,,,,,,,
critical_parts,,,,,,,,,,
ship_JAP_heavy_battery,ship_heavy_battery,,capital_ship,,,,,,,
multiply_stats,,,,,,,,,,
add_average_stats,,,,,,,,,,
build_cost_resources,,,,,,,1,,,
can_convert_from,,,,,,,,,,
critical_parts,,,,,,,,,,
ship_USA_heavy_battery,ship_heavy_battery,,capital_ship,,,,,,,
multiply_stats,,,,,,,,,,
add_average_stats,,,,,,,,,,
build_cost_resources,,,,,,,1,,,
can_convert_from,,,,,,,,,,
critical_parts,,,,,,,,,,
ship_oldest_heavy_battery_1,ship_heavy_battery,,capital_ship,,,,,,,
multiply_stats,,,,,,,,,,
add_average_stats,,,,,,,,,,
build_cost_resources,,,,,,,1,,,
can_convert_from,,,,,,,,,,
critical_parts,,,,,,,,,,
ship_oldest_heavy_battery_2,ship_heavy_battery,,capital_ship,,,,,,,
multiply_stats,,,,,,,,,,
add_average_stats,,,,,,,,,,
build_cost_resources,,,,,,,1,,,
can_convert_from,,,,,,,,,,
critical_parts,,,,,,,,,,
ship_super_heavy_battery_0,ship_super_heavy_battery,,capital_ship,,,,,,,
build_cost_resources,,,,,,,1,,,1
multiply_stats,,,,,,,,,,
add_average_stats,,,,,,,,,,
can_convert_from,,,,,,,,,,
critical_parts,,,,,,,,,,
ship_super_heavy_battery_1,ship_super_heavy_battery,,capital_ship,,,,,,,
build_cost_resources,,,,,,,1,,,1
multiply_stats,,,,,,,,,,
add_average_stats,,,,,,,,,,
can_convert_from,,,,,,,,,,
critical_parts,,,,,,,,,,
ship_super_heavy_battery_2,ship_super_heavy_battery,,capital_ship,,,,,,,
build_cost_resources,,,,,,,1,,,1
multiply_stats,,,,,,,,,,
add_average_stats,,,,,,,,,,
can_convert_from,,,,,,,,,,
critical_parts,,,,,,,,,,
ship_super_heavy_battery_3,ship_super_heavy_battery,,capital_ship,,,,,,,
build_cost_resources,,,,,,,1,,,1
multiply_stats,,,,,,,,,,
add_average_stats,,,,,,,,,,
can_convert_from,,,,,,,,,,
critical_parts,,,,,,,,,,
ship_GER_super_heavy_battery_1,ship_super_super_heavy_battery,,capital_ship,,,,,,,
multiply_stats,,,,,,,,,,
build_cost_resources,,,,,,,10,,,10
multiply_stats,,,,,,,,,,
add_average_stats,,,,1400,,,,,,
critical_parts,,,,,,,,,,
SM_HCT_480_L50,ship_super_heavy_battery,,capital_ship,,,,,,,
build_cost_resources,,,,,,,15,,,15
multiply_stats,,,,,,,,,,
add_average_stats,,,,1400,,,,,,
critical_parts,,,,,,,,,,
equipment_modules,SRMs,SRM_AV,,,,,,,,
can_convert_from,,,,,,,1,,,
equipment_modules,ship_torpedo_sub,,,,,,,,,
build_cost_resources,,,,,,,0,,,
critical_parts,,,,,,,,,,
ship_torpedo_sub_1,ship_torpedo_sub,,,,,,,,,
build_cost_resources,,,,,,,0,,,
critical_parts,,,,,,,,,,
ship_torpedo_sub_2,ship_torpedo_sub,,,,,,,,,
build_cost_resources,,,,,,,0,,,
can_convert_from,,,,,,,,,,
critical_parts,,,,,,,,,,
ship_torpedo_sub_3,ship_torpedo_sub,,,,,,,,,
can_convert_from,,,,,,,,,,
critical_parts,,,,,,,,,,
ship_torpedo_sub_4,ship_torpedo_sub,,,,,,,,,
can_convert_from,,,,,,,,,,
critical_parts,,,,,,,,,,
ship_torpedo_sub_5,ship_torpedo_sub,,,,,,,,,
can_convert_from,,,,,,,,,,
critical_parts,,,,,,,,,,
ship_torpedo_sub_6,ship_torpedo_sub,,,,,,,,,
can_convert_from,,,,,,,,,,
critical_parts,,,,,,,,,,
ship_torpedo_sub_7,ship_torpedo_sub,,,,,,,,,
can_convert_from,,,,,,,,,,
can_convert_from,,,,,,,,,,
critical_parts,,,,,,,,,,
ship_JAP_torpedo_sub,ship_torpedo_sub,,,,,,,,,
can_convert_from,,,,,,,,,,
critical_parts,,,,,,,,,,
equipment_modules,SM_SH_TP,,,,,,,,,
multiply_stats,,,,,,,,,,
SM_SH_TP_2,SM_SH_TP,,,,,,,,,
multiply_stats,,,,,,,,,,
SM_SH_TP_3,SM_SH_TP,,,,,,,,,
multiply_stats,,,,,,,,,,
SM_SH_TP_4,SM_SH_TP,,,,,,,,,
multiply_stats,,,,,,,,,,
SM_SH_TP_5,SM_SH_TP,,,,,,,,,
multiply_stats,,,,,,,,,,
SM_SH_TP_6,SM_SH_TP,,,,,,,,,
multiply_stats,,,,,,,,,,
ship_short_torpedo_1,ship_short_torpedo,,,,,,,,,
multiply_stats,,,,,,,,,,
build_cost_resources,,,,,,,0,,,
critical_parts,,,,,,,,,,
equipment_modules,ship_secondaries,,,,,,,,,
multiply_stats,,,,,,,,,,
add_average_stats,,,,,,,,,,
can_convert_from,,,,,,,,,,
critical_parts,,,,,,,,,,
ship_older_secondaries_1,ship_secondaries,,,,,,,,,
multiply_stats,,,,,,,,,,
add_average_stats,,,,,,,,,,
can_convert_from,,,,,,,,,,
critical_parts,,,,,,,,,,
ship_older_secondaries_2,ship_secondaries,,,,,,,,,
multiply_stats,,,,,,,,,,
add_average_stats,,,,,,,,,,
can_convert_from,,,,,,,,,,
critical_parts,,,,,,,,,,
ship_old_secondaries_1,ship_secondaries,,,,,,,,,
multiply_stats,,,,,,,,,,
add_average_stats,,,,,,,,,,
can_convert_from,,,,,,,,,,
critical_parts,,,,,,,,,,
ship_old_secondaries_2,ship_secondaries,,,,,,,,,
multiply_stats,,,,,,,,,,
add_average_stats,,,,,,,,,,
can_convert_from,,,,,,,,,,
critical_parts,,,,,,,,,,
ship_old_secondaries_3,ship_secondaries,,,,,,,,,
multiply_stats,,,,,,,,,,
add_average_stats,,,,,,,,,,
can_convert_from,,,,,,,,,,
can_convert_from,,,,,,,,,,
critical_parts,,,,,,,,,,
ship_secondaries_1,ship_secondaries,,,,,,,,,
multiply_stats,,,,,,,,,,
add_average_stats,,,,,,,,,,
can_convert_from,,,,,,,,,,
critical_parts,,,,,,,,,,
ship_secondaries_2,ship_secondaries,,,,,,,,,
multiply_stats,,,,,,,,,,
add_average_stats,,,,,,,,,,
can_convert_from,,,,,,,,,,
critical_parts,,,,,,,,,,
ship_secondaries_3,ship_secondaries,,,,,,,,,
multiply_stats,,,,,,,,,,
add_average_stats,,,,,,,,,,
can_convert_from,,,,,,,,,,
can_convert_from,,,,,,,,,,
critical_parts,,,,,,,,,,
ship_secondaries_4,ship_secondaries,,,,,,,,,
multiply_stats,,,,,,,,,,
add_average_stats,,,,,,,,,,
can_convert_from,,,,,,,,,,
can_convert_from,,,,,,,,,,
critical_parts,,,,,,,,,,
ship_secondaries_5,ship_secondaries,,,,,,,,,
multiply_stats,,,,,,,,,,
add_average_stats,,,,,,,,,,
can_convert_from,,,,,,,,,,
can_convert_from,,,,,,,,,,
critical_parts,,,,,,,,,,
ship_secondaries_6,ship_secondaries,,,,,,,,,
multiply_stats,,,,,,,,,,
add_average_stats,,,,,,,,,,
can_convert_from,,,,,,,,,,
can_convert_from,,,,,,,,,,
critical_parts,,,,,,,,,,
ship_old_light_battery_1x4,ship_light_batteryx4,,,,,,,,,
multiply_stats,,,,,,,,,,
add_average_stats,,,,,,,,,,
can_convert_from,,,,,,,,,,
critical_parts,,,,,,,,,,
ship_old_light_battery_2x4,ship_light_batteryx4,,,,,,,,,
multiply_stats,,,,,,,,,,
add_average_stats,,,,,,,,,,
can_convert_from,,,,,,,,,,
critical_parts,,,,,,,,,,
ship_old_light_battery_3x4,ship_light_batteryx4,,,,,,,,,
multiply_stats,,,,,,,,,,
add_average_stats,,,,,,,,,,
can_convert_from,,,,,,,,,,
critical_parts,,,,,,,,,,
ship_light_battery_1x4,ship_light_batteryx4,,,,,,,,,
multiply_stats,,,,,,,,,,
add_average_stats,,,,,,,,,,
can_convert_from,,,,,,,,,,
critical_parts,,,,,,,,,,
ship_light_battery_2x4,ship_light_batteryx4,,,,,,,,,
multiply_stats,,,,,,,,,,
add_average_stats,,,,,,,,,,
can_convert_from,,,,,,,,,,
can_convert_from,,,,,,,,,,
critical_parts,,,,,,,,,,
ship_light_battery_3x4,ship_light_batteryx4,,,,,,,,,
add_average_stats,,,,,,,,,,
multiply_stats,,,,,,,,,,
can_convert_from,,,,,,,,,,
can_convert_from,,,,,,,,,,
critical_parts,,,,,,,,,,
ship_light_battery_4x4,ship_light_batteryx4,,,,,,,,,
build_cost_resources,,,,,,,1,,,
multiply_stats,,,,,,,,,,
add_average_stats,,,,,,,,,,
can_convert_from,,,,,,,,,,
can_convert_from,,,,,,,,,,
critical_parts,,,,,,,,,,
ship_light_battery_5x4,ship_light_batteryx4,,,,,,,,,
build_cost_resources,,,,,,,1,,,
multiply_stats,,,,,,,,,,
add_average_stats,,,,,,,,,,
can_convert_from,,,,,,,,,,
can_convert_from,,,,,,,,,,
critical_parts,,,,,,,,,,
ship_GER_light_batteryx4,ship_light_batteryx4,,,,,,,,,
multiply_stats,,,,,,,,,,
add_average_stats,,,,,,,,,,
can_convert_from,,,,,,,,,,
critical_parts,,,,,,,,,,
ship_FRA_light_batteryx4,ship_light_batteryx4,,,,,,,,,
multiply_stats,,,,,,,,,,
add_average_stats,,,,,,,,,,
can_convert_from,,,,,,,,,,
critical_parts,,,,,,,,,,
ship_ITA_light_batteryx4,ship_light_batteryx4,,,,,,,,,
multiply_stats,,,,,,,,,,
add_average_stats,,,,,,,,,,
can_convert_from,,,,,,,,,,
critical_parts,,,,,,,,,,
ship_USA_light_battery_1x4,ship_light_batteryx4,,,,,,,,,
multiply_stats,,,,,,,,,,
add_average_stats,,,,,,,,,,
can_convert_from,,,,,,,,,,
critical_parts,,,,,,,,,,
ship_USA_light_battery_2x4,ship_light_batteryx4,,,,,,,,,
multiply_stats,,,,,,,,,,
add_average_stats,,,,,,,,,,
can_convert_from,,,,,,,,,,
critical_parts,,,,,,,,,,
ship_ENG_light_battery_1x4,ship_light_batteryx4,,,,,,,,,
multiply_stats,,,,,,,,,,
add_average_stats,,,,,,,,,,
can_convert_from,,,,,,,,,,
critical_parts,,,,,,,,,,
ship_ENG_light_battery_2x4,ship_light_batteryx4,,,,,,,,,
multiply_stats,,,,,,,,,,
add_average_stats,,,,,,,,,,
can_convert_from,,,,,,,,,,
critical_parts,,,,,,,,,,
ship_ENG_light_battery_3x4,ship_light_batteryx4,,,,,,,,,
multiply_stats,,,,,,,,,,
add_average_stats,,,,,,,,,,
can_convert_from,,,,,,,,,,
critical_parts,,,,,,,,,,
ship_ENG_light_battery_4x4,ship_light_batteryx4,,,,,,,,,
multiply_stats,,,,,,,,,,
add_average_stats,,,,,,,,,,
can_convert_from,,,,,,,,,,
critical_parts,,,,,,,,,,
ship_JAP_light_battery_1x4,ship_light_batteryx4,,,,,,,,,
multiply_stats,,,,,,,,,,
add_average_stats,,,,,,,,,,
can_convert_from,,,,,,,,,,
critical_parts,,,,,,,,,,
ship_JAP_light_battery_2x4,ship_light_batteryx4,,,,,,,,,
multiply_stats,,,,,,,,,,
add_average_stats,,,,,,,,,,
can_convert_from,,,,,,,,,,
critical_parts,,,,,,,,,,
ship_short_light_batteryx4,ship_light_batteryx4,,,,,,,,,
multiply_stats,,,,,,,,,,
add_average_stats,,,,,,,,,,
can_convert_from,,,,,,,,,,
critical_parts,,,,,,,,,,
ship_short_light_battery_2x4,ship_light_batteryx4,,,,,,,,,
multiply_stats,,,,,,,,,,
add_average_stats,,,,,,,,,,
can_convert_from,,,,,,,,,,
critical_parts,,,,,,,,,,
ship_oldest_light_batteryx4,ship_light_batteryx4,,,,,,,,,
multiply_stats,,,,,,,,,,
add_average_stats,,,,,,,,,,
can_convert_from,,,,,,,,,,
critical_parts,,,,,,,,,,
equipment_modules,ship_anti_air_rocket,,anti_air,,,,,,,
build_cost_resources,,,,,,,1,,,
multiply_stats,,,,,,,,,,
can_convert_from,,,,,,,,,,
critical_parts,,,,,,,,,,
ship_anti_air_rocket_2,ship_anti_air_rocket,,anti_air,,,,,,,
build_cost_resources,,,,,,,1,,,
multiply_stats,,,,,,,,,,
can_convert_from,,,,,,,,,,
critical_parts,,,,,,,,,,
ship_anti_air_missile_0,ship_anti_air_missile,,anti_air,,,,,,,
build_cost_resources,,,,,,,1,,,
multiply_stats,,,,,,,,,,
can_convert_from,,,,,,,,,,
critical_parts,,,,,,,,,,
ship_anti_air_missile_1,ship_anti_air_missile,,anti_air,,,,,,,
build_cost_resources,,,,,,,1,,,
multiply_stats,,,,,,,,,,
can_convert_from,,,,,,,,,,
critical_parts,,,,,,,,,,
ship_anti_air_missile_2,ship_anti_air_missile,,anti_air,,,,,,,
build_cost_resources,,,,,,,1,,,
multiply_stats,,,,,,,,,,
can_convert_from,,,,,,,,,,
critical_parts,,,,,,,,,,
ship_anti_air_missile_3,ship_anti_air_missile,,anti_air,,,,,,,
build_cost_resources,,,,,,,1,,,
multiply_stats,,,,,,,,,,
can_convert_from,,,,,,,,,,
critical_parts,,,,,,,,,,
ship_anti_air_missile_4,ship_anti_air_missile,,anti_air,,,,,,,
build_cost_resources,,,,,,,1,,,1
multiply_stats,,,,,,,,,,
can_convert_from,,,,,,,,,,
critical_parts,,,,,,,,,,
ship_anti_air_missile_5,ship_anti_air_missile,,anti_air,,,,,,,
build_cost_resources,,,,,,,1,,,1
multiply_stats,,,,,,,,,,
can_convert_from,,,,,,,,,,
critical_parts,,,,,,,,,,
ship_anti_ship_rocket_1,ship_anti_air,,,,,,,,,
multiply_stats,,,,,,,,,,
add_average_stats,,,,,,,,,,
build_cost_resources,,,,,,,1,,,
can_convert_from,,,,,,,,,,
critical_parts,,,,,,,,,,
ship_anti_ship_rocket_2,ship_anti_air,,,,,,,,,
multiply_stats,,,,,,,,,,
add_average_stats,,,,,,,,,,
build_cost_resources,,,,,,,1,,,
can_convert_from,,,,,,,,,,
critical_parts,,,,,,,,,,
ship_anti_ship_missile_0,ship_anti_ship_missile,,capital_ship,,,,,,,
multiply_stats,,,,,,,,,,
add_average_stats,,,,,,,,,,
build_cost_resources,,,,,,,1,,,1
can_convert_from,,,,,,,,,,
critical_parts,,,,,,,,,,
ship_anti_ship_missile_1,ship_anti_ship_missile,,capital_ship,,,,,,,
multiply_stats,,,,,,,,,,
add_average_stats,,,,,,,,,,
build_cost_resources,,,,,,,1,,,1
can_convert_from,,,,,,,,,,
critical_parts,,,,,,,,,,
ship_anti_ship_missile_2,ship_anti_ship_missile,,capital_ship,,,,,,,
multiply_stats,,,,,,,,,,
add_average_stats,,,,,,,,,,
build_cost_resources,,,,,,,1,,,2
can_convert_from,,,,,,,,,,
critical_parts,,,,,,,,,,
ship_anti_ship_missile_3,ship_anti_ship_missile,,capital_ship,,,,,,,
multiply_stats,,,,,,,,,,
add_average_stats,,,,,,,,,,
build_cost_resources,,,,,,,1,,,2
can_convert_from,,,,,,,,,,
critical_parts,,,,,,,,,,
ship_anti_ship_missile_4,ship_anti_ship_missile,,capital_ship,,,,,,,
multiply_stats,,,,,,,,,,
add_average_stats,,,,,,,,,,
build_cost_resources,,,,,,,2,,,3
can_convert_from,,,,,,,,,,
critical_parts,,,,,,,,,,
ship_anti_ship_missile_5,ship_anti_ship_missile,,capital_ship,,,,,,,
multiply_stats,,,,,,,,,,
add_average_stats,,,,,,,,,,
build_cost_resources,,,,,,,2,,,3
can_convert_from,,,,,,,,,,
critical_parts,,,,,,,,,,
ship_anti_submarine_rocket_1,ship_depth_charge,,,,,,,,,
multiply_stats,,,,,,,,,,
build_cost_resources,,,,,,,1,,,
can_convert_from,,,,,,,,,,
critical_parts,,,,,,,,,,
ship_anti_submarine_rocket_2,ship_depth_charge,,,,,,,,,
multiply_stats,,,,,,,,,,
build_cost_resources,,,,,,,1,,,
can_convert_from,,,,,,,,,,
critical_parts,,,,,,,,,,
ship_anti_submarine_missile_1,ship_anti_sub_missile,,,,,,,,,
can_convert_from,,,,,,,,,,
multiply_stats,,,,,,,,,,
critical_parts,,,,,,,,,,
ship_anti_submarine_missile_2,ship_anti_sub_missile,,,,,,,,,
can_convert_from,,,,,,,,,,
multiply_stats,,,,,,,,,,
critical_parts,,,,,,,,,,
ship_anti_submarine_missile_3,ship_anti_sub_missile,,,,,,,,,
can_convert_from,,,,,,,,,,
multiply_stats,,,,,,,,,,
critical_parts,,,,,,,,,,
ship_anti_submarine_missile_4,ship_anti_sub_missile,,,,,,,,,
can_convert_from,,,,,,,,,,
multiply_stats,,,,,,,,,,
critical_parts,,,,,,,,,,
ship_vls_1,ship_vls,,capital_ship,,,,,,,
multiply_stats,,,,,,,,,,
add_average_stats,,,,,,,,,,
build_cost_resources,,,,,,,1,,,
critical_parts,,,,,,,,,,
ship_vls_2,ship_vls,,capital_ship,,,,,,,
multiply_stats,,,,,,,,,,
add_average_stats,,,,,,,,,,
build_cost_resources,,,,,,,1,,,
critical_parts,,,,,,,,,,
ship_vls_3,ship_vls,,capital_ship,,,,,,,
multiply_stats,,,,,,,,,,
add_average_stats,,,,,,,,,,
build_cost_resources,,,,,,,1,,,
critical_parts,,,,,,,,,,
ship_pvls_1,ship_secondaries,,capital_ship,,,,,,,
multiply_stats,,,,,,,,,,
add_average_stats,,,,,,,,,,
build_cost_resources,,,,,,,1,,,
critical_parts,,,,,,,,,,
equipment_modules,ship_torpedo_uw,,,,,,,,,
build_cost_resources,,,,,,,0,,,
critical_parts,,,,,,,,,,
ship_torpedo_uw_s,ship_torpedo_uw,,,,,,,,,
build_cost_resources,,,,,,,0,,,
critical_parts,,,,,,,,,,
ship_short_torpedo_uw,ship_torpedo_uw,,,,,,,,,
multiply_stats,,,,,,,,,,
build_cost_resources,,,,,,,0,,,
can_convert_from,,,,,,,,,,
critical_parts,,,,,,,,,,
ship_short_torpedo_uw_s,ship_torpedo_uw,,,,,,,,,
multiply_stats,,,,,,,,,,
build_cost_resources,,,,,,,0,,,
can_convert_from,,,,,,,,,,
critical_parts,,,,,,,,,,
equipment_modules,ship_medium_battery,,capital_ship,,,,,,,
multiply_stats,,,,,,,,,,
add_average_stats,,,,,,,,,,
build_cost_resources,,,,,,,1,,,
can_convert_from,,,,,,,,,,
can_convert_from,,,,,,,,,,
critical_parts,,,,,,,,,,
ship_old_medium_battery_2,ship_medium_battery,,capital_ship,,,,,,,
multiply_stats,,,,,,,,,,
add_average_stats,,,,,,,,,,
build_cost_resources,,,,,,,1,,,
can_convert_from,,,,,,,,,,
can_convert_from,,,,,,,,,,
critical_parts,,,,,,,,,,
ship_old_medium_battery_3,ship_medium_battery,,capital_ship,,,,,,,
multiply_stats,,,,,,,,,,
add_average_stats,,,,,,,,,,
build_cost_resources,,,,,,,2,,,
can_convert_from,,,,,,,2,,,
can_convert_from,,,,,,,1,,,
critical_parts,,,,,,,,,,
ship_medium_battery_1,ship_medium_battery,,capital_ship,,,,,,,
multiply_stats,,,,,,,,,,
add_average_stats,,,,,,,,,,
build_cost_resources,,,,,,,1,,,
can_convert_from,,,,,,,,,,
can_convert_from,,,,,,,,,,
critical_parts,,,,,,,,,,
ship_medium_battery_2,ship_medium_battery,,capital_ship,,,,,,,
multiply_stats,,,,,,,,,,
add_average_stats,,,,,,,,,,
build_cost_resources,,,,,,,1,,,
can_convert_from,,,,,,,,,,
can_convert_from,,,,,,,,,,
critical_parts,,,,,,,,,,
ship_medium_battery_3,ship_medium_battery,,capital_ship,,,,,,,
multiply_stats,,,,,,,,,,
add_average_stats,,,,,,,,,,
build_cost_resources,,,,,,,2,,,
can_convert_from,,,,,,,2,,,
can_convert_from,,,,,,,1,,,
critical_parts,,,,,,,,,,
ship_medium_battery_4,ship_medium_battery,,capital_ship,,,,,,,
multiply_stats,,,,,,,,,,
add_average_stats,,,,,,,,,,
build_cost_resources,,,,,,,2,,,
can_convert_from,,,,,,,2,,,
can_convert_from,,,,,,,,,,
critical_parts,,,,,,,,,,
ship_medium_battery_5,ship_medium_battery,,capital_ship,,,,,,,
multiply_stats,,,,,,,,,,
add_average_stats,,,,,,,,,,
build_cost_resources,,,,,,,2,,,
can_convert_from,,,,,,,2,,,
can_convert_from,,,,,,,,,,
critical_parts,,,,,,,,,,
ship_USA_medium_battery_1,ship_medium_battery,,capital_ship,,,,,,,
multiply_stats,,,,,,,,,,
add_average_stats,,,,,,,,,,
build_cost_resources,,,,,,,1,,,
can_convert_from,,,,,,,,,,
can_convert_from,,,,,,,,,,
critical_parts,,,,,,,,,,
ship_USA_medium_battery_2,ship_medium_battery,,capital_ship,,,,,,,
multiply_stats,,,,,,,,,,
add_average_stats,,,,,,,,,,
build_cost_resources,,,,,,,1,,,
can_convert_from,,,,,,,,,,
can_convert_from,,,,,,,,,,
critical_parts,,,,,,,,,,
ship_ENG_medium_battery_1,ship_medium_battery,,capital_ship,,,,,,,
multiply_stats,,,,,,,,,,
add_average_stats,,,,,,,,,,
build_cost_resources,,,,,,,1,,,
can_convert_from,,,,,,,,,,
can_convert_from,,,,,,,,,,
critical_parts,,,,,,,,,,
ship_ENG_medium_battery_2,ship_medium_battery,,capital_ship,,,,,,,
multiply_stats,,,,,,,,,,
add_average_stats,,,,,,,,,,
build_cost_resources,,,,,,,1,,,
can_convert_from,,,,,,,,,,
can_convert_from,,,,,,,,,,
critical_parts,,,,,,,,,,
ship_GER_medium_battery,ship_medium_battery,,capital_ship,,,,,,,
multiply_stats,,,,,,,,,,
add_average_stats,,,,,,,,,,
build_cost_resources,,,,,,,2,,,
can_convert_from,,,,,,,2,,,
can_convert_from,,,,,,,1,,,
critical_parts,,,,,,,,,,
SM_MCT_200_L50,ship_medium_battery,,capital_ship,,,,,,,
build_cost_resources,,,,,,,10,,,10
multiply_stats,,,,,,,,,,
add_average_stats,,,,1000,,,,,,
critical_parts,,,,,,,,,,
sub_medium_battery_1,sub_medium_battery,,,,,,,,,
multiply_stats,,,,,,,,,,
add_average_stats,,,,,,,,,,
build_cost_resources,,,,,,,2,,,
can_convert_from,,,,,,,2,,,
critical_parts,,,,,,,,,,
equipment_modules,SM_engine_ss,,,,,,,,,
add_stats,,,,,,,,,,
build_cost_resources,,,,,,,,,,
SM_engine_0,ship_engine,,,,,,,,,
add_stats,,,,,,,,,,
build_cost_resources,,,,,,,1,,,
SM_engine_1,ship_engine,,,,,,,,,
add_stats,,,,,,,,,,
build_cost_resources,,,,,,,2,,,
SM_engine_2,ship_engine,,,,,,,,,
add_stats,,,,,,,,,,
build_cost_resources,,,,,,,1,,,
SM_engine_3,ship_engine,,,,,,,,,
add_stats,,,,,,,,,,
build_cost_resources,,,,,,,1,,1,
SM_engine_4,ship_engine,,,,,,,,,
add_stats,,,,,,,,,,
build_cost_resources,,,,,,,1,,1,1
SM_engine_5,ship_engine,,,,,,,,,
add_stats,,,,,,,,,,
build_cost_resources,,,,,,,1,,1,1
SM_engine_6,ship_engine,,,,,,,,,
add_stats,,,,,,,,,,
build_cost_resources,,,,,,,2,,2,1
SM_engine_7,ship_engine,,,,,,,,,
add_stats,,,,,,,,,,
build_cost_resources,,,,,,,2,,3,1
SM_engine_8,ship_engine,,,,,,,,,
add_stats,,,,,,,,,,
build_cost_resources,,,,,,,2,,3,2
SM_engine_9,ship_engine,,,,,,,,,
add_stats,,,,,,,,,,
build_cost_resources,,,,,,,3,,3,2
SM_nuke_engine,ship_engine_n,,,,,,,,,
add_stats,,,,,,,,,,
build_cost_resources,,,,,,,3,1,3,3
critical_parts,,,,,,,,,,
equipment_modules,ship_anti_air,,anti_air,,,,,,,
multiply_stats,,,,,,,,,,
can_convert_from,,,,,,,,,,
critical_parts,,,,,,,,,,
ship_old_anti_air_2,ship_anti_air,,anti_air,,,,,,,
multiply_stats,,,,,,,,,,
can_convert_from,,,,,,,,,,
can_convert_from,,,,,,,,,,
critical_parts,,,,,,,,,,
ship_old_anti_air_3,ship_anti_air,,anti_air,,,,,,,
multiply_stats,,,,,,,,,,
can_convert_from,,,,,,,,,,
can_convert_from,,,,,,,,,,
critical_parts,,,,,,,,,,
ship_anti_air_1,ship_anti_air,,anti_air,,,,,,,
multiply_stats,,,,,,,,,,
can_convert_from,,,,,,,,,,
critical_parts,,,,,,,,,,
ship_anti_air_2,ship_anti_air,,anti_air,,,,,,,
multiply_stats,,,,,,,,,,
can_convert_from,,,,,,,,,,
can_convert_from,,,,,,,,,,
critical_parts,,,,,,,,,,
ship_anti_air_3,ship_anti_air,,anti_air,,,,,,,
multiply_stats,,,,,,,,,,
can_convert_from,,,,,,,,,,
can_convert_from,,,,,,,,,,
critical_parts,,,,,,,,,,
ship_anti_air_4,ship_anti_air,,anti_air,,,,,,,
multiply_stats,,,,,,,,,,
can_convert_from,,,,,,,,,,
can_convert_from,,,,,,,,,,
critical_parts,,,,,,,,,,
ship_anti_air_5,ship_anti_air,,anti_air,,,,,,,
multiply_stats,,,,,,,,,,
can_convert_from,,,,,,,,,,
can_convert_from,,,,,,,,,,
critical_parts,,,,,,,,,,
ship_old_anti_air_1A,ship_anti_air,,anti_air,,,,,,,
multiply_stats,,,,,,,,,,
can_convert_from,,,,,,,,,,
can_convert_from,,,,,,,,,,
critical_parts,,,,,,,,,,
ship_old_anti_air_2A,ship_anti_air,,anti_air,,,,,,,
multiply_stats,,,,,,,,,,
can_convert_from,,,,,,,,,,
can_convert_from,,,,,,,,,,
ship_old_anti_air_3A,ship_anti_air,,anti_air,,,,,,,
multiply_stats,,,,,,,,,,
can_convert_from,,,,,,,,,,
critical_parts,,,,,,,,,,
ship_old_anti_air_4A,ship_anti_air,,anti_air,,,,,,,
multiply_stats,,,,,,,,,,
can_convert_from,,,,,,,,,,
critical_parts,,,,,,,,,,
ship_old_anti_air_1x8,ship_anti_airx8,,anti_air,,,,,,,
multiply_stats,,,,,,,,,,
can_convert_from,,,,,,,,,,
critical_parts,,,,,,,,,,
ship_old_anti_air_2x8,ship_anti_airx8,,anti_air,,,,,,,
multiply_stats,,,,,,,,,,
can_convert_from,,,,,,,,,,
can_convert_from,,,,,,,,,,
critical_parts,,,,,,,,,,
ship_old_anti_air_3x8,ship_anti_airx8,,anti_air,,,,,,,
multiply_stats,,,,,,,,,,
can_convert_from,,,,,,,,,,
can_convert_from,,,,,,,,,,
critical_parts,,,,,,,,,,
ship_anti_air_1x8,ship_anti_airx8,,anti_air,,,,,,,
multiply_stats,,,,,,,,,,
can_convert_from,,,,,,,,,,
critical_parts,,,,,,,,,,
ship_anti_air_2x8,ship_anti_airx8,,anti_air,,,,,,,
multiply_stats,,,,,,,,,,
can_convert_from,,,,,,,,,,
can_convert_from,,,,,,,,,,
critical_parts,,,,,,,,,,
ship_anti_air_3x8,ship_anti_airx8,,anti_air,,,,,,,
multiply_stats,,,,,,,,,,
can_convert_from,,,,,,,,,,
can_convert_from,,,,,,,,,,
critical_parts,,,,,,,,,,
ship_anti_air_4x8,ship_anti_airx8,,anti_air,,,,,,,
multiply_stats,,,,,,,,,,
can_convert_from,,,,,,,,,,
can_convert_from,,,,,,,,,,
critical_parts,,,,,,,,,,
ship_anti_air_5x8,ship_anti_airx8,,anti_air,,,,,,,
multiply_stats,,,,,,,,,,
can_convert_from,,,,,,,,,,
can_convert_from,,,,,,,,,,
critical_parts,,,,,,,,,,
ship_old_anti_air_1Ax8,ship_anti_airx8,,anti_air,,,,,,,
multiply_stats,,,,,,,,,,
can_convert_from,,,,,,,,,,
can_convert_from,,,,,,,,,,
critical_parts,,,,,,,,,,
ship_old_anti_air_2Ax8,ship_anti_airx8,,anti_air,,,,,,,
multiply_stats,,,,,,,,,,
can_convert_from,,,,,,,,,,
can_convert_from,,,,,,,,,,
ship_old_anti_air_3Ax8,ship_anti_airx8,,anti_air,,,,,,,
multiply_stats,,,,,,,,,,
can_convert_from,,,,,,,,,,
critical_parts,,,,,,,,,,
ship_old_anti_air_4Ax8,ship_anti_airx8,,anti_air,,,,,,,
multiply_stats,,,,,,,,,,
can_convert_from,,,,,,,,,,
critical_parts,,,,,,,,,,
ship_dp_Bofors_battery_1x8,ship_anti_airx8,ship_light_dp_battery_1,,,,,,,,
multiply_stats,,,,,,,,,,
can_convert_from,,,,,,,,,,
ship_dp_Bofors_battery_2x8,ship_anti_airx8,ship_light_dp_battery_1,,,,,,,,
multiply_stats,,,,,,,,,,
can_convert_from,,,,,,,,,,
ship_dp_Bofors_battery_3x8,ship_anti_airx8,ship_light_dp_battery_1,,,,,,,,
multiply_stats,,,,,,,,,,
can_convert_from,,,,,,,,,,
ship_ciws_1,ship_ciws,,anti_air,,,,,,,
multiply_stats,,,,,,,,,,
can_convert_from,,,,,,,,,,
critical_parts,,,,,,,,,,
equipment_modules,ship_depth_charge,,,,,,,,,
can_convert_from,,,,,,,,,,
multiply_stats,,,,,,,,,,
critical_parts,,,,,,,,,,
SM_SH_DC_2,ship_depth_charge,,,,,,,,,
can_convert_from,,,,,,,,,,
multiply_stats,,,,,,,,,,
critical_parts,,,,,,,,,,
SM_SH_DC_3,ship_depth_charge,,,,,,,,,
can_convert_from,,,,,,,,,,
multiply_stats,,,,,,,,,,
critical_parts,,,,,,,,,,
SM_SH_DC_4,ship_depth_charge,,,,,,,,,
can_convert_from,,,,,,,,,,
multiply_stats,,,,,,,,,,
critical_parts,,,,,,,,,,
SM_SH_DC_5,ship_depth_charge,,,,,,,,,
can_convert_from,,,,,,,,,,
multiply_stats,,,,,,,,,,
critical_parts,,,,,,,,,,
SM_SH_DC_6,ship_depth_charge,,,,,,,,,
can_convert_from,,,,,,,,,,
multiply_stats,,,,,,,,,,
critical_parts,,,,,,,,,,
equipment_modules,ship_armor,,,,,,,,,
multiply_stats,,,,,,,,,,
build_cost_resources,,,,,,,-1,,,
sm_armor_0,ship_armor,,,,,,,,,
multiply_stats,,,,,,,,,,
build_cost_resources,,,,,,,,,1,
sm_armor_ms_1,ship_armor_ms,,,,,,,,,
multiply_stats,,,,,,,,,,
sm_armor_1,ship_armor,,,,,,,,,
multiply_stats,,,,,,,,,,
build_cost_resources,,,,,,,1,,,
sm_armor_2,ship_armor,,,,,,,,,
multiply_stats,,,,,,,,,,
build_cost_resources,,,,,,,2,,,
sm_armor_3,ship_armor,,,,,,,,,
multiply_stats,,,,,,,,,,
build_cost_resources,,,,,,,2,,,1
sm_armor_4,ship_armor,,,,,,,,,
multiply_stats,,,,,,,,,,
build_cost_resources,,,,,,,3,,,2
sm_armor_5,ship_armor,,,,,,,,,
build_cost_resources,,,,,,,4,,,2
sm_armor_5,ship_armor,,,,,,,,,
multiply_stats,,,,,,,,,,
build_cost_resources,,,,,,,4,,2,2
sm_armor_6,ship_armor,,,,,,,,,
multiply_stats,,,,,,,,,,
build_cost_resources,,,,,,,6,,3,4
sm_armor_ms_2,ship_armor_ms,,,,,,,,,
multiply_stats,,,,,,,,,,
sub_armor_1,sub_armor,,,,,,,,,
multiply_stats,,,,,,,,,,
build_cost_resources,,,,,,,,,1,
sub_armor_2,sub_armor,,,,,,,,,
multiply_stats,,,,,,,,,,
build_cost_resources,,,,,,,,1,,
sub_armor_3,sub_armor,,,,,,,,,
multiply_stats,,,,,,,,,,
build_cost_resources,,,,,,,,1,1,
ship_anechoic_tile,ship_sub_coating,ship_sub_anechoic_tile_1,,,,,,,,
build_cost_resources,,,,,,,,2,,
can_convert_from,,,,,,,,,,
ship_armor_carrier_deck,ship_carrier_armor,ship_armor,,,,,,,,
build_cost_resources,,,,,,,1,,,
add_stats,,,,,,,,,,
ship_armor_carrier_deck_2,ship_carrier_armor,ship_armor,,,,,,,,
build_cost_resources,,,,,,,1,,,
add_stats,,,,,,,,,,
ship_armor_carrier_deck_3,ship_carrier_armor,ship_armor,,,,,,,,
build_cost_resources,,,,,,,1,,,
add_stats,,,,,,,,,,
equipment_modules,SRM_AVs,SRM_AV,,,,,,,,
can_convert_from,,,,,,,1,,,
SRM_SV,SRM_AVs,,,,,,,,,
can_convert_from,,,,,,,1,,,
SRM_CV,SRM_CVs,,,,,,,,,
multiply_stats,,,carrier,,,,,,,
can_convert_from,,,,,,,1,,,
SRM_CVL,SRM_CVs,,missile_launcher,,,,,,,
multiply_stats,,,carrier,,,,,,,
can_convert_from,,,,,,,1,,,
SRM_CVE,SRM_CVs,,,,,,,,,
multiply_stats,,,carrier,,,,,,,
can_convert_from,,,,,,,1,,,
equipment_modules,ship_light_battery,,,,,,,,,
multiply_stats,,,,,,,,,,
add_average_stats,,,,,,,,,,
ship_old_light_battery_1,ship_light_battery,,,,,,,,,
multiply_stats,,,,,,,,,,
add_average_stats,,,,,,,,,,
can_convert_from,,,,,,,,,,
critical_parts,,,,,,,,,,
ship_old_light_battery_2,ship_light_battery,,,,,,,,,
multiply_stats,,,,,,,,,,
add_average_stats,,,,,,,,,,
can_convert_from,,,,,,,,,,
critical_parts,,,,,,,,,,
ship_old_light_battery_3,ship_light_battery,,,,,,,,,
multiply_stats,,,,,,,,,,
add_average_stats,,,,,,,,,,
can_convert_from,,,,,,,,,,
critical_parts,,,,,,,,,,
ship_light_battery_1,ship_light_battery,,,,,,,,,
multiply_stats,,,,,,,,,,
add_average_stats,,,,,,,,,,
can_convert_from,,,,,,,,,,
critical_parts,,,,,,,,,,
ship_light_battery_2,ship_light_battery,,,,,,,,,
multiply_stats,,,,,,,,,,
add_average_stats,,,,,,,,,,
can_convert_from,,,,,,,,,,
can_convert_from,,,,,,,,,,
critical_parts,,,,,,,,,,
ship_light_battery_3,ship_light_battery,,,,,,,,,
add_average_stats,,,,,,,,,,
multiply_stats,,,,,,,,,,
can_convert_from,,,,,,,,,,
can_convert_from,,,,,,,,,,
critical_parts,,,,,,,,,,
ship_light_battery_4,ship_light_battery,,,,,,,,,
build_cost_resources,,,,,,,1,,,
multiply_stats,,,,,,,,,,
add_average_stats,,,,,,,,,,
can_convert_from,,,,,,,,,,
can_convert_from,,,,,,,,,,
critical_parts,,,,,,,,,,
ship_light_battery_5,ship_light_battery,,,,,,,,,
build_cost_resources,,,,,,,1,,,
multiply_stats,,,,,,,,,,
add_average_stats,,,,,,,,,,
can_convert_from,,,,,,,,,,
can_convert_from,,,,,,,,,,
critical_parts,,,,,,,,,,
ship_GER_light_battery,ship_light_battery,,,,,,,,,
multiply_stats,,,,,,,,,,
add_average_stats,,,,,,,,,,
can_convert_from,,,,,,,,,,
critical_parts,,,,,,,,,,
ship_FRA_light_battery,ship_light_battery,,,,,,,,,
multiply_stats,,,,,,,,,,
add_average_stats,,,,,,,,,,
can_convert_from,,,,,,,,,,
critical_parts,,,,,,,,,,
ship_JAP_light_battery_RR,ship_light_battery,,,,,,,,,
multiply_stats,,,,,,,,,,
add_average_stats,,,,,,,,,,
can_convert_from,,,,,,,,,,
critical_parts,,,,,,,,,,
ship_USA_light_battery_1,ship_light_battery,,,,,,,,,
multiply_stats,,,,,,,,,,
add_average_stats,,,,,,,,,,
can_convert_from,,,,,,,,,,
critical_parts,,,,,,,,,,
ship_USA_light_battery_2,ship_light_battery,,,,,,,,,
multiply_stats,,,,,,,,,,
add_average_stats,,,,,,,,,,
can_convert_from,,,,,,,,,,
critical_parts,,,,,,,,,,
ship_ENG_light_battery_1,ship_light_battery,,,,,,,,,
multiply_stats,,,,,,,,,,
add_average_stats,,,,,,,,,,
can_convert_from,,,,,,,,,,
critical_parts,,,,,,,,,,
ship_ENG_light_battery_2,ship_light_battery,,,,,,,,,
multiply_stats,,,,,,,,,,
add_average_stats,,,,,,,,,,
can_convert_from,,,,,,,,,,
critical_parts,,,,,,,,,,
ship_ENG_light_battery_3,ship_light_battery,,,,,,,,,
multiply_stats,,,,,,,,,,
add_average_stats,,,,,,,,,,
can_convert_from,,,,,,,,,,
critical_parts,,,,,,,,,,
ship_ENG_light_battery_4,ship_light_battery,,,,,,,,,
multiply_stats,,,,,,,,,,
add_average_stats,,,,,,,,,,
can_convert_from,,,,,,,,,,
critical_parts,,,,,,,,,,
ship_JAP_light_battery_1,ship_light_battery,,,,,,,,,
multiply_stats,,,,,,,,,,
add_average_stats,,,,,,,,,,
can_convert_from,,,,,,,,,,
critical_parts,,,,,,,,,,
ship_JAP_light_battery_2,ship_light_battery,,,,,,,,,
multiply_stats,,,,,,,,,,
add_average_stats,,,,,,,,,,
can_convert_from,,,,,,,,,,
critical_parts,,,,,,,,,,
ship_short_light_battery,ship_light_battery,,,,,,,,,
multiply_stats,,,,,,,,,,
add_average_stats,,,,,,,,,,
can_convert_from,,,,,,,,,,
critical_parts,,,,,,,,,,
ship_short_light_battery_2,ship_light_battery,,,,,,,,,
multiply_stats,,,,,,,,,,
add_average_stats,,,,,,,,,,
can_convert_from,,,,,,,,,,
critical_parts,,,,,,,,,,
ship_oldest_light_battery,ship_light_battery,,,,,,,,,
multiply_stats,,,,,,,,,,
add_average_stats,,,,,,,,,,
can_convert_from,,,,,,,,,,
critical_parts,,,,,,,,,,
ship_oldest_light_battery_2,ship_light_battery,ship_light_dp_battery_1,,,,,,,,
multiply_stats,,,,,,,,,,
build_cost_resources,,,,,,,,,,
add_average_stats,,,,,,,,,,
can_convert_from,,,,,,,,,,
critical_parts,,,,,,,,,,
ship_dp_old_light_battery_1,dp_ship_light_battery,ship_light_dp_battery_1,,,,,,,,
multiply_stats,,,,,,,,,,
build_cost_resources,,,,,,,,,,
add_average_stats,,,,,,,,,,
can_convert_from,,,,,,,,,,
critical_parts,,,,,,,,,,
ship_dp_SER_old_light_battery_1,dp_ship_light_battery,ship_light_dp_battery_1,,,,,,,,
multiply_stats,,,,,,,,,,
build_cost_resources,,,,,,,,,,
add_average_stats,,,,,,,,,,
can_convert_from,,,,,,,,,,
critical_parts,,,,,,,,,,
ship_dp_old_light_battery_2,dp_ship_light_battery,ship_light_dp_battery_1,,,,,,,,
multiply_stats,,,,,,,,,,
build_cost_resources,,,,,,,,,,
add_average_stats,,,,,,,,,,
can_convert_from,,,,,,,,,,
critical_parts,,,,,,,,,,
ship_dp_old_light_battery_3,dp_ship_light_battery,ship_light_dp_battery_1,,,,,,,,
multiply_stats,,,,,,,,,,
build_cost_resources,,,,,,,,,,
add_average_stats,,,,,,,,,,
can_convert_from,,,,,,,,,,
critical_parts,,,,,,,,,,
ship_dp_light_battery,dp_ship_light_battery,ship_light_dp_battery_1,,,,,,,,
multiply_stats,,,,,,,,,,
build_cost_resources,,,,,,,,,,
add_average_stats,,,,,,,,,,
can_convert_from,,,,,,,,,,
critical_parts,,,,,,,,,,
ship_dp_light_battery_2,dp_ship_light_battery,ship_light_dp_battery_2,,,,,,,,
multiply_stats,,,,,,,,,,
build_cost_resources,,,,,,,1,,,
add_average_stats,,,,,,,,,,
can_convert_from,,,,,,,,,,
critical_parts,,,,,,,,,,
ship_dp_light_battery_3,dp_ship_light_battery,ship_light_dp_battery_3,,,,,,,,
multiply_stats,,,,,,,,,,
build_cost_resources,,,,,,,1,,,
add_average_stats,,,,,,,,,,
can_convert_from,,,,,,,,,,
critical_parts,,,,,,,,,,
ship_dp_light_battery_4,dp_ship_light_battery,,,,,,,,,
build_cost_resources,,,,,,,1,,,
multiply_stats,,,,,,,,,,
add_average_stats,,,,,,,,,,
can_convert_from,,,,,,,,,,
can_convert_from,,,,,,,,,,
critical_parts,,,,,,,,,,
ship_dp_light_battery_5,dp_ship_light_battery,,,,,,,,,
build_cost_resources,,,,,,,1,,,
multiply_stats,,,,,,,,,,
add_average_stats,,,,,,,,,,
can_convert_from,,,,,,,,,,
can_convert_from,,,,,,,,,,
critical_parts,,,,,,,,,,
dp_FRA_light_battery,dp_ship_light_battery,ship_light_dp_battery_1,,,,,,,,
multiply_stats,,,,,,,,,,
build_cost_resources,,,,,,,,,,
add_average_stats,,,,,,,,,,
can_convert_from,,,,,,,,,,
critical_parts,,,,,,,,,,
dp_ITA_light_battery,dp_ship_light_battery,ship_light_dp_battery_1,,,,,,,,
multiply_stats,,,,,,,,,,
build_cost_resources,,,,,,,,,,
add_average_stats,,,,,,,,,,
can_convert_from,,,,,,,,,,
critical_parts,,,,,,,,,,
dp_ITA_light_battery_2,dp_ship_light_battery,ship_light_dp_battery_1,,,,,,,,
multiply_stats,,,,,,,,,,
build_cost_resources,,,,,,,,,,
add_average_stats,,,,,,,,,,
can_convert_from,,,,,,,,,,
critical_parts,,,,,,,,,,
dp_ITA_light_battery_3,dp_ship_light_battery,ship_light_dp_battery_1,,,,,,,,
multiply_stats,,,,,,,,,,
build_cost_resources,,,,,,,,,,
add_average_stats,,,,,,,,,,
can_convert_from,,,,,,,,,,
critical_parts,,,,,,,,,,
dp_GER_light_battery,dp_ship_light_battery,ship_light_dp_battery_1,,,,,,,,
multiply_stats,,,,,,,,,,
build_cost_resources,,,,,,,1,,,
add_average_stats,,,,,,,,,,
can_convert_from,,,,,,,,,,
critical_parts,,,,,,,,,,
ship_dp_JAP_light_battery_1,dp_ship_light_battery,ship_light_dp_battery_1,,,,,,,,
multiply_stats,,,,,,,,,,
build_cost_resources,,,,,,,,,,
add_average_stats,,,,,,,,,,
can_convert_from,,,,,,,,,,
critical_parts,,,,,,,,,,
ship_dp_JAP_light_battery_2,dp_ship_light_battery,ship_light_dp_battery_1,,,,,,,,
multiply_stats,,,,,,,,,,
build_cost_resources,,,,,,,,,,
add_average_stats,,,,,,,,,,
can_convert_from,,,,,,,,,,
critical_parts,,,,,,,,,,
ship_dp_Bofors_battery_1,ship_anti_air,ship_light_dp_battery_1,,,,,,,,
multiply_stats,,,,,,,,,,
can_convert_from,,,,,,,,,,
can_convert_from,,,,,,,,,,
ship_dp_Bofors_battery_2,ship_anti_air,ship_light_dp_battery_1,,,,,,,,
multiply_stats,,,,,,,,,,
can_convert_from,,,,,,,,,,
can_convert_from,,,,,,,,,,
ship_dp_Bofors_battery_3,ship_anti_air,ship_light_dp_battery_1,,,,,,,,
multiply_stats,,,,,,,,,,
can_convert_from,,,,,,,,,,
can_convert_from,,,,,,,,,,
equipment_modules,ship_sub_snorkel,ship_sub_snorkel_1,,,,,,,,
add_stats,,,,,,,,,,
ship_old_sub_snorkel_2,ship_sub_snorkel,ship_sub_snorkel_2,,,,,,,,
add_stats,,,,,,,,,,
can_convert_from,,,,,,,,,,
ship_sub_snorkel_1,ship_sub_snorkel,ship_sub_snorkel_1,,,,,,,,
add_stats,,,,,,,,,,
ship_sub_snorkel_2,ship_sub_snorkel,ship_sub_snorkel_2,,,,,,,,
add_stats,,,,,,,,,,
can_convert_from,,,,,,,,,,
ship_sub_snorkel_3,ship_sub_snorkel,ship_sub_snorkel_3,,,,,,,,
add_stats,,,,,,,,,,
can_convert_from,,,,,,,,,,
ship_sub_snorkel_4,ship_sub_snorkel,ship_sub_snorkel_4,,,,,,,,
add_stats,,,,,,,,,,
can_convert_from,,,,,,,,,,
ship_sub_snorkel_5,ship_sub_snorkel,ship_sub_snorkel_5,,,,,,,,
add_stats,,,,,,,,,,
can_convert_from,,,,,,,,,,
ship_sub_snorkel_6,ship_sub_snorkel,ship_sub_snorkel_6,,,,,,,,
add_stats,,,,,,,,,,
can_convert_from,,,,,,,,,,
ship_sub_snorkel_7,ship_sub_snorkel,ship_sub_snorkel_7,,,,,,,,
add_stats,,,,,,,,,,
can_convert_from,,,,,,,,,,
ship_sub_snorkel_8,ship_sub_snorkel,ship_sub_snorkel_8,,,,,,,,
add_stats,,,,,,,,,,
can_convert_from,,,,,,,,,,
equipment_modules,big_ship_deck_space,big_ship_deck_space,capital_ship,,,,,,,
multiply_stats,,,,800,,,,,,
build_cost_resources,,,,,,,2,,,
sub_missile_launcher,ship_rocket,,missile_launcher,,,,,,,
add_stats,,,,,,,,,,
multiply_stats,,,,,,,,,,
slbm_launcher,ship_nuclear_rocket,,missile_launcher,,,,,,,
add_stats,,,,,,,,,,
multiply_stats,,,,,,,,,,
ship_armor_ice_carrier_deck_1,ship_ice_carrier_armor,ship_armor_ice_carrier_deck_1,,,,,,,,
build_cost_resources,,,,,,,2,,,
add_stats,,,,,,,,,,
ship_armor_ice_carrier_deck_2,ship_ice_carrier_armor,ship_armor_ice_carrier_deck_2,,,,,,,,
build_cost_resources,,,,,,,2,,,
add_stats,,,,,,,,,,
ship_armor_ice_carrier_deck_3,ship_ice_carrier_armor,ship_armor_ice_carrier_deck_3,,,,,,,,
build_cost_resources,,,,,,,3,,,
add_stats,,,,,,,,,,
equipment_modules,ship_extra_fuel_tank,,,,,,,,,
multiply_stats,,,,,,,,,,
ship_extra_fuel_tank_2,ship_extra_fuel_tank,,,,,,,,,
multiply_stats,,,,,,,,,,
ship_extra_fuel_tank_3,ship_extra_fuel_tank,,,,,,,,,
multiply_stats,,,,,,,,,,
ship_extra_fuel_tank_4,ship_extra_fuel_tank,,,,,,,,,
multiply_stats,,,,,,,,,,
equipment_modules,ship_depth_charge_projection_device,,,,,,,,,
can_convert_from,,,,,,,,,,
multiply_stats,,,,,,,,,,
critical_parts,,,,,,,,,,
ship_depth_charge_projection_device_2,ship_depth_charge_projection_device,,,,,,,,,
can_convert_from,,,,,,,,,,
multiply_stats,,,,,,,,,,
critical_parts,,,,,,,,,,
ship_depth_charge_projection_device_3,ship_depth_charge_projection_device,,,,,,,,,
can_convert_from,,,,,,,,,,
multiply_stats,,,,,,,,,,
critical_parts,,,,,,,,,,
ship_depth_charge_projection_device_4,ship_depth_charge_projection_device,,,,,,,,,
can_convert_from,,,,,,,,,,
multiply_stats,,,,,,,,,,
critical_parts,,,,,,,,,,
ship_anti_submarine_battery_1,ship_depth_charge_projection_device,,,,,,,,,
multiply_stats,,,,,,,,,,
add_average_stats,,,,,,,,,,
can_convert_from,,,,,,,,,,
critical_parts,,,,,,,,,,
ship_anti_submarine_battery_2,ship_depth_charge_projection_device,,,,,,,,,
multiply_stats,,,,,,,,,,
add_average_stats,,,,,,,,,,
can_convert_from,,,,,,,,,,
critical_parts,,,,,,,,,,
ship_anti_submarine_battery_3,ship_depth_charge_projection_device,,,,,,,,,
multiply_stats,,,,,,,,,,
add_average_stats,,,,,,,,,,
can_convert_from,,,,,,,,,,
critical_parts,,,,,,,,,,
ship_anti_submarine_battery_4,ship_depth_charge_projection_device,,,,,,,,,
multiply_stats,,,,,,,,,,
add_average_stats,,,,,,,,,,
can_convert_from,,,,,,,,,,
critical_parts,,,,,,,,,,
equipment_modules,ship_dp_secondaries,ship_older_secondaries_1,,,,,,,,
multiply_stats,,,,,,,,,,
add_average_stats,,,,,,,,,,
can_convert_from,,,,,,,,,,
critical_parts,,,,,,,,,,
dp_ship_old_secondaries_2,ship_dp_secondaries,ship_older_secondaries_2,,,,,,,,
multiply_stats,,,,,,,,,,
add_average_stats,,,,,,,,,,
can_convert_from,,,,,,,,,,
critical_parts,,,,,,,,,,
dp_ship_old_secondaries_3,ship_dp_secondaries,ship_dp_old_light_battery_3,,,,,,,,
multiply_stats,,,,,,,,,,
add_average_stats,,,,,,,,,,
can_convert_from,,,,,,,,,,
can_convert_from,,,,,,,,,,
critical_parts,,,,,,,,,,
dp_ship_secondaries,ship_dp_secondaries,ship_dp_light_battery,,,,,,,,
multiply_stats,,,,,,,,,,
add_average_stats,,,,,,,,,,
can_convert_from,,,,,,,,,,
critical_parts,,,,,,,,,,
dp_ship_secondaries_2,ship_dp_secondaries,ship_dp_light_battery_2,,,,,,,,
multiply_stats,,,,,,,,,,
add_average_stats,,,,,,,,,,
can_convert_from,,,,,,,,,,
can_convert_from,,,,,,,,,,
critical_parts,,,,,,,,,,
dp_ship_secondaries_3,ship_dp_secondaries,ship_dp_light_battery_3,,,,,,,,
multiply_stats,,,,,,,,,,
add_average_stats,,,,,,,,,,
can_convert_from,,,,,,,,,,
can_convert_from,,,,,,,,,,
critical_parts,,,,,,,,,,
dp_ship_secondaries_4,ship_dp_secondaries,ship_dp_light_battery_4,,,,,,,,
multiply_stats,,,,,,,,,,
add_average_stats,,,,,,,,,,
can_convert_from,,,,,,,,,,
can_convert_from,,,,,,,,,,
critical_parts,,,,,,,,,,
dp_ship_secondaries_5,ship_dp_secondaries,ship_dp_light_battery_5,,,,,,,,
multiply_stats,,,,,,,,,,
add_average_stats,,,,,,,,,,
can_convert_from,,,,,,,,,,
can_convert_from,,,,,,,,,,
critical_parts,,,,,,,,,,
dp_ship_secondaries_6,ship_dp_secondaries,ship_dp_light_battery_6,,,,,,,,
multiply_stats,,,,,,,,,,
add_average_stats,,,,,,,,,,
can_convert_from,,,,,,,,,,
can_convert_from,,,,,,,,,,
critical_parts,,,,,,,,,,
dp_ship_secondaries_A,ship_dp_secondaries,dp_GER_light_battery,,,,,,,,
multiply_stats,,,,,,,,,,
add_average_stats,,,,,,,,,,
can_convert_from,,,,,,,,,,
can_convert_from,,,,,,,,,,
critical_parts,,,,,,,,,,
ship_dp_old_light_battery_1x4,dp_ship_light_battery_secondaries,ship_light_dp_battery_1,,,,,,,,
multiply_stats,,,,,,,,,,
build_cost_resources,,,,,,,,,,
add_average_stats,,,,,,,,,,
can_convert_from,,,,,,,,,,
critical_parts,,,,,,,,,,
ship_dp_old_light_battery_2x4,dp_ship_light_battery_secondaries,ship_light_dp_battery_1,,,,,,,,
multiply_stats,,,,,,,,,,
build_cost_resources,,,,,,,,,,
add_average_stats,,,,,,,,,,
can_convert_from,,,,,,,,,,
critical_parts,,,,,,,,,,
ship_dp_old_light_battery_3x4,dp_ship_light_battery_secondaries,ship_light_dp_battery_1,,,,,,,,
multiply_stats,,,,,,,,,,
build_cost_resources,,,,,,,,,,
add_average_stats,,,,,,,,,,
can_convert_from,,,,,,,,,,
critical_parts,,,,,,,,,,
ship_dp_light_batteryx4,dp_ship_light_battery_secondaries,ship_light_dp_battery_1,,,,,,,,
multiply_stats,,,,,,,,,,
build_cost_resources,,,,,,,,,,
add_average_stats,,,,,,,,,,
can_convert_from,,,,,,,,,,
critical_parts,,,,,,,,,,
ship_dp_light_battery_2x4,dp_ship_light_battery_secondaries,ship_light_dp_battery_2,,,,,,,,
multiply_stats,,,,,,,,,,
build_cost_resources,,,,,,,1,,,
add_average_stats,,,,,,,,,,
can_convert_from,,,,,,,,,,
critical_parts,,,,,,,,,,
ship_dp_light_battery_3x4,dp_ship_light_battery_secondaries,ship_light_dp_battery_3,,,,,,,,
multiply_stats,,,,,,,,,,
build_cost_resources,,,,,,,1,,,
add_average_stats,,,,,,,,,,
can_convert_from,,,,,,,,,,
critical_parts,,,,,,,,,,
ship_dp_light_battery_4x4,dp_ship_light_battery_secondaries,,,,,,,,,
build_cost_resources,,,,,,,1,,,
multiply_stats,,,,,,,,,,
add_average_stats,,,,,,,,,,
can_convert_from,,,,,,,,,,
can_convert_from,,,,,,,,,,
critical_parts,,,,,,,,,,
ship_dp_light_battery_5x4,dp_ship_light_battery_secondaries,,,,,,,,,
build_cost_resources,,,,,,,1,,,
multiply_stats,,,,,,,,,,
add_average_stats,,,,,,,,,,
can_convert_from,,,,,,,,,,
can_convert_from,,,,,,,,,,
critical_parts,,,,,,,,,,
dp_FRA_light_batteryx4,dp_ship_light_battery_secondaries,ship_light_dp_battery_1,,,,,,,,
multiply_stats,,,,,,,,,,
build_cost_resources,,,,,,,,,,
add_average_stats,,,,,,,,,,
can_convert_from,,,,,,,,,,
critical_parts,,,,,,,,,,
dp_ITA_light_batteryx4,dp_ship_light_battery_secondaries,ship_light_dp_battery_1,,,,,,,,
multiply_stats,,,,,,,,,,
build_cost_resources,,,,,,,,,,
add_average_stats,,,,,,,,,,
can_convert_from,,,,,,,,,,
critical_parts,,,,,,,,,,
dp_ITA_light_battery_2x4,dp_ship_light_battery_secondaries,ship_light_dp_battery_1,,,,,,,,
multiply_stats,,,,,,,,,,
build_cost_resources,,,,,,,,,,
add_average_stats,,,,,,,,,,
can_convert_from,,,,,,,,,,
critical_parts,,,,,,,,,,
dp_ITA_light_battery_3x4,dp_ship_light_battery_secondaries,ship_light_dp_battery_1,,,,,,,,
multiply_stats,,,,,,,,,,
build_cost_resources,,,,,,,,,,
add_average_stats,,,,,,,,,,
can_convert_from,,,,,,,,,,
critical_parts,,,,,,,,,,
dp_GER_light_batteryx4,dp_ship_light_battery_secondaries,ship_light_dp_battery_1,,,,,,,,
multiply_stats,,,,,,,,,,
build_cost_resources,,,,,,,1,,,
add_average_stats,,,,,,,,,,
can_convert_from,,,,,,,,,,
critical_parts,,,,,,,,,,
ship_dp_JAP_light_battery_1x4,dp_ship_light_battery_secondaries,ship_light_dp_battery_1,,,,,,,,
multiply_stats,,,,,,,,,,
build_cost_resources,,,,,,,,,,
add_average_stats,,,,,,,,,,
can_convert_from,,,,,,,,,,
critical_parts,,,,,,,,,,
ship_dp_JAP_light_battery_2x4,dp_ship_light_battery_secondaries,ship_light_dp_battery_1,,,,,,,,
multiply_stats,,,,,,,,,,
build_cost_resources,,,,,,,,,,
add_average_stats,,,,,,,,,,
can_convert_from,,,,,,,,,,
critical_parts,,,,,,,,,,
equipment_modules,SRHC_B,,,,,,,,,
SRM_BBY,SRHC_B,,,,,,,,,
multiply_stats,,,,,,,,,,
equipment_modules,sub_anti_ship_missile,,,,,,,,,
multiply_stats,,,,,,,,,,
add_average_stats,,,,,,,,,,
build_cost_resources,,,,,,,1,,,1
can_convert_from,,,,,,,,,,
critical_parts,,,,,,,,,,
sub_anti_ship_missile_1,sub_anti_ship_missile,,,,,,,,,
multiply_stats,,,,,,,,,,
add_average_stats,,,,,,,,,,
build_cost_resources,,,,,,,1,,,1
can_convert_from,,,,,,,,,,
critical_parts,,,,,,,,,,
sub_anti_ship_missile_2,sub_anti_ship_missile,,,,,,,,,
multiply_stats,,,,,,,,,,
add_average_stats,,,,,,,,,,
build_cost_resources,,,,,,,1,,,2
can_convert_from,,,,,,,,,,
critical_parts,,,,,,,,,,
sub_anti_ship_missile_3,sub_anti_ship_missile,,,,,,,,,
multiply_stats,,,,,,,,,,
add_average_stats,,,,,,,,,,
build_cost_resources,,,,,,,1,,,2
can_convert_from,,,,,,,,,,
critical_parts,,,,,,,,,,
sub_anti_ship_missile_4,sub_anti_ship_missile,,,,,,,,,
multiply_stats,,,,,,,,,,
add_average_stats,,,,,,,,,,
build_cost_resources,,,,,,,2,,,3
can_convert_from,,,,,,,,,,
critical_parts,,,,,,,,,,
sub_anti_ship_missile_5,sub_anti_ship_missile,,,,,,,,,
multiply_stats,,,,,,,,,,
add_average_stats,,,,,,,,,,
build_cost_resources,,,,,,,2,,,3
can_convert_from,,,,,,,,,,
critical_parts,,,,,,,,,,
equipment_modules,SUSRM_CV,,,,,,,,,
multiply_stats,,,,,,,,,,
can_convert_from,,,,,,,1,1,,
SURM_SC,SUSRM_L,,,,,,,,,
can_convert_from,,,,,,,1,1,,
SURM_SF,SUSRMs,,,,,,,,,
can_convert_from,,,,,,,1,1,,
SURM_SM,SUSRMs,,,,,,,,,
can_convert_from,,,,,,,1,1,,
SURM_CSS,SUSRMs,,,,,,,,,
can_convert_from,,,,,,,,,,
SURM_MSM,SUSRMs,,,,,,,,,
can_convert_from,,,,,,,,,,
equipment_modules,ship_medium_battery,,,,,,,,,
multiply_stats,,,,,,,,,,
add_average_stats,,,,,,,,,,
can_convert_from,,,,,,,,,,
critical_parts,,,,,,,,,,
ship_old_light_medium_battery_2,ship_medium_battery,,,,,,,,,
multiply_stats,,,,,,,,,,
add_average_stats,,,,,,,,,,
can_convert_from,,,,,,,1,,,
can_convert_from,,,,,,,,,,
critical_parts,,,,,,,,,,
ship_old_light_medium_battery_3,ship_medium_battery,,,,,,,,,
multiply_stats,,,,,,,,,,
add_average_stats,,,,,,,,,,
build_cost_resources,,,,,,,1,,,
can_convert_from,,,,,,,1,,,
can_convert_from,,,,,,,,,,
critical_parts,,,,,,,,,,
ship_light_medium_battery_1,ship_medium_battery,,,,,,,,,
multiply_stats,,,,,,,,,,
add_average_stats,,,,,,,,,,
can_convert_from,,,,,,,,,,
critical_parts,,,,,,,,,,
ship_light_medium_battery_2,ship_medium_battery,,,,,,,,,
multiply_stats,,,,,,,,,,
add_average_stats,,,,,,,,,,
can_convert_from,,,,,,,1,,,
can_convert_from,,,,,,,,,,
critical_parts,,,,,,,,,,
ship_light_medium_battery_3,ship_medium_battery,,,,,,,,,
multiply_stats,,,,,,,,,,
add_average_stats,,,,,,,,,,
build_cost_resources,,,,,,,1,,,
can_convert_from,,,,,,,1,,,
can_convert_from,,,,,,,,,,
critical_parts,,,,,,,,,,
ship_light_medium_battery_4,ship_medium_battery,,,,,,,,,
multiply_stats,,,,,,,,,,
add_average_stats,,,,,,,,,,
build_cost_resources,,,,,,,1,,,
can_convert_from,,,,,,,1,,,
can_convert_from,,,,,,,,,,
critical_parts,,,,,,,,,,
ship_light_medium_battery_5,ship_medium_battery,,,,,,,,,
multiply_stats,,,,,,,,,,
add_average_stats,,,,,,,,,,
build_cost_resources,,,,,,,1,,,
can_convert_from,,,,,,,1,,,
can_convert_from,,,,,,,,,,
critical_parts,,,,,,,,,,
ship_USA_light_medium_battery,ship_medium_battery,,,,,,,,,
multiply_stats,,,,,,,,,,
add_average_stats,,,,,,,,,,
ship_JAP_light_medium_battery_1,ship_medium_battery,,,,,,,,,
multiply_stats,,,,,,,,,,
add_average_stats,,,,,,,,,,
ship_ENG_light_medium_battery_1,ship_medium_battery,,,,,,,,,
multiply_stats,,,,,,,,,,
add_average_stats,,,,,,,,,,
ship_JAP_light_medium_battery_2,ship_medium_battery,,,,,,,,,
multiply_stats,,,,,,,,,,
add_average_stats,,,,,,,,,,
ship_JAP_light_medium_battery_3,ship_medium_battery,,,,,,,,,
multiply_stats,,,,,,,,,,
add_average_stats,,,,,,,,,,
ship_JAP_light_medium_battery_4,ship_medium_battery,,,,,,,,,
multiply_stats,,,,,,,,,,
add_average_stats,,,,,,,,,,
ship_ITA_light_medium_battery,ship_medium_battery,,,,,,,,,
multiply_stats,,,,,,,,,,
add_average_stats,,,,,,,,,,
can_convert_from,,,,,,,,,,
critical_parts,,,,,,,,,,
ship_GER_light_medium_battery,ship_medium_battery,,,,,,,,,
multiply_stats,,,,,,,,,,
add_average_stats,,,,,,,,,,
build_cost_resources,,,,,,,1,,,
can_convert_from,,,,,,,1,,,
can_convert_from,,,,,,,,,,
critical_parts,,,,,,,,,,
ship_FRA_light_medium_battery,ship_medium_battery,,,,,,,,,
multiply_stats,,,,,,,,,,
add_average_stats,,,,,,,,,,
can_convert_from,,,,,,,,,,
critical_parts,,,,,,,,,,
ship_FRA_light_medium_battery_2,ship_medium_battery,,,,,,,,,
multiply_stats,,,,,,,,,,
add_average_stats,,,,,,,,,,
can_convert_from,,,,,,,,,,
critical_parts,,,,,,,,,,
ship_JAP_light_medium_battery,ship_medium_battery,,,,,,,,,
multiply_stats,,,,,,,,,,
build_cost_resources,,,,,,,1,,,
add_average_stats,,,,,,,,,,
critical_parts,,,,,,,,,,
equipment_modules,ship_airplane_launcher,ship_airplane_launcher_1,,,,,,,,
multiply_stats,,,,,,,,,,
ship_airplane_launcher_2,ship_airplane_launcher,ship_airplane_launcher_2,,,,,,,,
can_convert_from,,,,,,,,,,
multiply_stats,,,,,,,,,,
ship_jet_airplane_launcher_1,ship_airplane_launcher,ship_airplane_launcher_2,,,,,,,,
can_convert_from,,,,,,,,,,
multiply_stats,,,,,,,,,,
ship_jet_airplane_launcher_2,ship_airplane_launcher,ship_airplane_launcher_2,,,,,,,,
can_convert_from,,,,,,,,,,
multiply_stats,,,,,,,,,,
ship_jet_airplane_launcher_3,ship_airplane_launcher,ship_airplane_launcher_2,,,,,,,,
can_convert_from,,,,,,,,,,
multiply_stats,,,,,,,,,,
ship_large_airplane_launcher_1,ship_airplane_launcher,ship_airplane_launcher_1,,,,,,,,
multiply_stats,,,,,,,,,,
ship_large_airplane_1,ship_airplane_launcher,ship_airplane_launcher_1,,,,,,,,
multiply_stats,,,,,,,,,,
equipment_modules,SRMA,SRM_AC,,,,,,,,
can_convert_from,,,,,,,,,,
SRM_AAA,SRMA_1,,,,,,,,,
can_convert_from,,,,,,,,,,
SRM_AAG,SRMA_1,,,,,,,,,
can_convert_from,,,,,,,,,,
equipment_modules,bow_equipmnt,,,,,,,,,
build_cost_resources,,,,,,,,,20,
equipment_modules,ship_heli_deck_space,flush_deck,capital_ship,,,,,,,
multiply_stats,,,,30,,,,,,
build_cost_resources,,,,,,,2,2,2,
equipment_modules,sub_ship_engine,,,,,,,,,
multiply_stats,,,,,,,,,,
can_convert_from,,,,,,,,,,
can_convert_from,,,,,,,,,,
sub_engine_1,sub_ship_engine,,,,,,,,,
multiply_stats,,,,,,,,,,
can_convert_from,,,,,,,,,,
can_convert_from,,,,,,,,,,
sub_engine_2,sub_ship_engine,,,,,,,,,
multiply_stats,,,,,,,,,,
can_convert_from,,,,,,,,,,
can_convert_from,,,,,,,,,,
sub_engine_3,sub_ship_engine,,,,,,,,,
multiply_stats,,,,,,,,,,
can_convert_from,,,,,,,,,,
can_convert_from,,,,,,,,,,
sub_engine_4,sub_ship_engine,,,,,,,,,
multiply_stats,,,,,,,,,,
can_convert_from,,,,,,,,,,
sub_engine_6,sub_ship_engine,,,,,,,,,
multiply_stats,,,,,,,,,,
can_convert_from,,,,,,,,,,
sub_engine_5,sub_ship_engine,,,,,,,,,
multiply_stats,,,,,,,,,,
can_convert_from,,,,,,,,,,
sub_nuke_engine,sub_engine_n,,,,,,,,,
multiply_stats,,,,,,,,,,
can_convert_from,,,,,,,,,,
critical_parts,,,,,,,,,,
