Class,Type,Displacement,Country,First commissioned,YEAR
L,SS,1106,ENG,31 October 1924,1924
L,SS,1106,ENG,11 October 1926,1926
L,training submarine,1106,ENG,,
La Argentina,training light cruiser,6500,Argentine Navy,April 1939,1939
Flower,K,925,FRA,22 June 1940,1940
La Galissonnière,CL,7600,FRA,1 January 1936,1936
River,FF,1445,Royal Canadian Navy,6 December 1945,1945
Flower,K,925,Royal Canadian Navy,28 April 1942,1942
Flower,K,925,ENG,29 July 1940,1940
Mendoza,DD,1570,Argentine Navy,23 July 1929,1929
Flower modified,K,1015,Royal Canadian Navy,26 October 1944,1944
Benson,DD,1620,USA,31 March 1942,1942
Sumner,DD,2200,USA,8 February 1944,1944
L,DD,1920,ENG,26 August 1941,1941
Battle,DD,2325,ENG,2 November 1945[5],1945
Basset,AM,529,Royal Indian Navy,1941–1944,1941
Ticonderoga,CV,27100,USA,3 June 1945,1945
Wickes,DAM,1090,USA,22 August 1918,1918
Lambridge,Special Service Ship,5119,ENG,,
Hunt,DD,1000,ENG,16 August 1941,1941
Duguay-Trouin,CL,7249,FRA,5 March 1927,1927
Mahan,DD,1450,USA,21 October 1936,1936
River,FF,1445,Royal Canadian Navy,6 July 1944,1944
Benham,DD,1500,USA,30 March 1939,1939
Langley,Seaplane carrier,11500,USA,7 April 1913,1913
Independence,CVL,11000,USA,31 August 1943,1943
Benson,DD,1620,USA,17 September 1940,1940
Gleaves,DD,1630,USA,29 April 1942,1942
Flower,K,925,Royal Navy  United States Navy,4 June 1940,1940
Abdiel,CM,2650,ENG,4 May 1941,1941
Hunt,DD,1050,ENG,August 1942,1942
Flower,K,925,ENG,16 May 1941,1941
Captain,FF,1140,ENG,3 November 1943,1943
Lawrence,SL,1245,Royal Indian Navy,27 December 1919,1919
Town,DD,1327,Royal Navy  Royal Canadian Navy  Soviet Navy,23 October 1940,1940
Leander,CL,6985,Royal New Zealand Navy,23 July 1931,1931
Hunt,DD,1050,ENG,,
Town,DD,1125,ENG,12 January 1918,1918
L,DD,1920,ENG,19 December 1940,1940
Leipzig,CL,6515,GER,8 October 1931,1931
Leningrad,DD,2150,Soviet Navy,December 1936,1936
Aetos,DD,1030,Hellenic Navy,19 October 1912,1912
Raubtier,torpedo boat,1320,GER,1 June 1928,1928
Chacal,DD,2126,Free French Naval Forces,31 August 1940,1940
Flower,K,925,Royal Canadian Navy,25 June 1941,1941
Town,DD,1125,ENG,23 October 1940,1940
Lexington,CV,33000,USA,14 December 1927,1927
Essex,CV,27100,USA,17 February 1943,1943
Libertad,riverine battleship,2336,Argentine Navy,26 November 1892,1892
Flower modified,K,1015,ENG,19 June 1943,1943
Town,DD,1190,Royal Navy  Royal Norwegian Navy  Royal Canadian Navy  Soviet Navy,20 October 1940,1940
Flower modified,K,1015,Royal Canadian Navy,15 November 1943,1943
Flower,K,925,ENG,,
Casablanca,CVE,7800,USA,7 August 1943,1943
Littorio,BB,43835,Regia Marina,6 May 1940,1940
Gleaves,DD,1630,USA,7 October 1940,1940
Flower,K,925,Free French Naval Forces,16 July 1941,1941
Loch,FF,1435,Royal Canadian Navy,31 July 1944,1944
Loch,FF,1435,ENG,20 October 1944,1944
County,CA,9850,ENG,31 January 1929,1929
Long Island,CVE,13500,USA,2 June 1941,1941
Looe,Special Service Ship,1030,ENG,,
L,DD,1920,ENG,30 January 1942,1942
PB,,1640,GER,25 April 1943,1943
Bretagne,BB,22200,French Navy  Free French Naval Forces,27 July 1916,1916
Baltimore,CA,17200,USA,22 July 1945,1945
Lothringen,CM,1975,GER,December 1941,1941
Flower,K,925,ENG,23 May 1942,1942
Northampton,CA,9200,USA,15 January 1931,1931
Raubtier,torpedo boat,1320,GER,15 April 1929,1929
Gleaves,DD,1630,USA,5 March 1941,1941
Condottieri,CL,5316,Regia Marina,11 August 1933,1933
Condottieri,CL,9952,Regia Marina,1 December 1937,1937
Casablanca,CVE,7800,USA,14 May 1944,1944
enlarged Admiral Hipper,CA,14680,GER,not completed,
Farragut,DD,1365,USA,15 March 1935,1935
Rapana,merchant aircraft carrier,8000,Royal Netherlands Navy,1 April 1944,1944
Bathurst,K,1025,Royal Indian Navy,12 May 1942,1942
M,DD,1920,ENG,28 July 1942,1942
El Mahrousa,yacht,3417,Egyptian Navy,1865,1865
Queen Elizabeth,BB,31000,ENG,1 February 1916,1916
Äran,coastal defence ship,3650,Swedish Navy,,
Town,DD,1190,ENG,23 October 1940,1940
Tribal,DD,2020,ENG,2 January 1939,1939
Pegasus,fighter catapult ship,,ENG,1932,1932
Omaha,CL,7050,USA,8 September 1924,1924
Marcílio Dias,DD,1500,Brazilian Navy,29 November 1943,1943
Marcilio Dias,DD,1500,Brazilian Navy,29 November 1943,1943
M,DD,1920,ENG,2 December 1941,1941
Cannon,DE,1240,United States Navy  Free French Naval Forces,29 February 1944,1944
La Galissonniere,CL,7600,FRA,10 October 1937,1937
Marshal Ney,BM,6700,ENG,,
Marsuinul,SS,860 submerged,Royal Romanian Navy,July 1943,1943
M,DD,1920,ENG,,
Colorado,BB,32600,USA,21 July 1921,1921
Evarts,DE,1140,USA,20 March 1944,1944
South Dakota,BB,37970,USA,12 May 1942,1942
River,FF,1445,Royal Canadian Navy,22 October 1943,1943
Maunder,Special Service Ship,5072,ENG,1919,1919
Fiji,CL,8000,ENG,1 January 1941,1941
Gridley,DD,1590,USA,5 August 1938,1938
Maxim Gorkiy (Project 26 bis),CA,8200,Soviet Navy,25 October 1940,1940
Takao,CA,13350,JPN,30 June 1932,1932
Flower,K,925,Royal Navy  Royal Canadian Navy,28 November 1940,1940
Benson,DD,1500,USA,13 September 1939,1939
Gleaves,DD,1630,USA,15 March 1943,1943
Porter,DD,1850,USA,23 December 1936,1936
Medway,submarine tender,14650,ENG,July 1929,1929
Hunt,DE,1050,ENG,10 October 1942,1942
Fletcher,DD,2050,USA,24 November 1943,1943
Omaha,CL,7050,USA,17 December 1925,1925
Hunt,DE,1000,ENG,12 October 1940,1940
Mendoza,DD,1570,Argentine Navy,,
River,FF,1445,Royal Navy  Royal Canadian Navy,31 December 1943,1943
Hunt,DE,1050,ENG,10 December 1940,1940
Cleveland,CL,11800,USA,28 December 1943,1943
Hunt,DE,1050,Hellenic Navy,25 November 1942,1942
Michel,MC,10900,GER,7 September 1941,1941
Tribal,DD,1927,Royal Canadian Navy,18 September 1945,1945
Hunt,DE,1050,ENG,10 January 1943,1943
Flower modified,K,1015,USA,22 December 1942,1942
Mogami,CA,13440,JPN,29 August 1935,1935
M,DD,1935,ENG,6 August 1942,1942
Omaha,CL,7050,United States Navy  Soviet Navy,20 June 1923; to USSR as Murmansk 20 April 1944,1923
Flower,K,925,FRA,11 May 1941,1941
Minas Geraes,dreadnought,19200,Brazilian Navy,6 January 1910,1910
Asashio,DD,1961,JPN,,
New Orleans,CA,9950,USA,19 May 1934,1934
Rapana,merchant aircraft carrier,16000,ENG,January 1944,1944
Buenos Aires,DD,1375,Argentine Navy,,
Maracaibo,LST,4193,ENG,11 August 1941,1941
New Mexico,BB,32000,USA,25 January 1917,1917
Iowa,BB,45000,USA,11 June 1944,1944
Mogami,CA,12400,JPN,1935,1935
Tribal,DD,2020,ENG,7 September 1938,1938
River,FF,1445,Royal Navy  Royal Canadian Navy,11 May 1944,1944
Monowai,armed merchant cruiser,4925,Royal New Zealand Navy,30 August 1940,1940
Flower,K,925,Royal Norwegian Navy,29 September 1941,1941
La Galissonniere,CL,7600,French Navy  Free French Naval Forces,15 November 1937,1937
Montclare,submarine tender,21550,ENG,2 June 1942 (former AMC Montclare),1942
Town,DD,1247,Royal Navy  Royal Canadian Navy,23 October 1940,1940
Cleveland,CL,11800,USA,9 September 1942,1942
Admiralty,flotilla leader,1530,ENG,14 September 1918,1918
Körös,river monitor,448,Royal Yugoslav Navy,15 April 1920,1920
Rivadavia,dreadnought,27720,Argentine Navy,26 February 1915,1915
Sims,DD,1570,USA,5 March 1940,1940
Fletcher,DD,"2,050 tons",USA,18 December 1943,1943
Raubvogel,torpedo boat,1213,GER,1 October 1926,1926
River,FF,1370,Royal Navy  Free French Naval Forces,15 October 1944,1944
Bagley,DD,1500,USA,16 August 1937,1937
Shiratsuyu,DD,1685,JPN,7 January 1937,1937
Yamato,BB,68200,JPN,5 August 1942,1942
Sims,DD,1570,USA,15 September 1939,1939
Nagato,dreadnought,42850,JPN,24 October 1921,1921
Montecuccoli,CL,3184,Regia Marina,1935,1935
V,DD,1830,ENG,23 June 1944,1944
Myōkō,CA,13380,JPN,1929,1929
M,DD,1920,Royal Navy  Polish Navy,1941,1941
Type 1934,DD,"2,259 t (2,223 long tons) (standard)[5][a]",GER,14 January 1937[6],1937
Type 1934,DD,"2,259 t (2,223 long tons) (standard)[5]",GER,27 February 1937[6],1937
Type 1934,DD,3150,GER,27 February 1937,1937
Type 1934A,DD,"2,206 t (2,171 long tons) (normal) 3,160 t (3,110 long tons) (deep load)",GER,29 June 1937,1937
Type 1934A,DD,3100,GER,2 July 1937,1937
Type 1934A,DD,3100,GER,8 January 1938,1938
Type 1934A,DD,3100,GER,4 March 1939,1939
Type 1936,DD,4400,GER,29 August 1938,1938
Type 1936,DD,3400,GER,8 October 1938,1938
Type 1936,DD,3400,GER,12 January 1939,1939
Type 1936,DD,3415,GER,21 March 1939,1939
Type 1936A,DD,3605,GER,15 September 1940,1940
Type 1936A,DD,3605,GER,11 January 1941,1941
Type 1936A Mob,DD,3691,GER,11 April 1942,1942
Type 1936A Mob,DD,3691,GER,6 February 1943,1943
Type 1936B,DD,"2,559 t (2,519 long tons)",GER,22 September 1943,1943
Type 1936B,DD,"2,559 t (normal) 3,599 t (3,542 long tons) (deep load)",GER,19 February 1944,1944
Type 1936B,DD,"2,559 t (normal) 3,599 t (deep load)",GER,,
Type 1936B,DD,,GER,,
Type 1936B,DD,"2,559 t (normal) 3,599 t (deep load)",GER,31 May 1944,1944
Z,DD,1830,ENG,18 July 1944,1944
Zara,CA,11500,Regia Marina,20 October 1931,1931
Zuihō,CV,11260,JPN,January 1941,1941
Shōkaku,CV,29800,JPN,25 September 1941,1941
Archimede,SS,1230,ENG,19 March 1934,1934
X,SS,30,ENG,1942,1942
X,SS,30,ENG,1943,1943
X,SS,30,ENG,1944,1944
Xanthus,repair ship,5801,USA,9 May 1945,1945
XE,SS,33,ENG,1944,1944
XE,SS,33,ENG,,
Artemis,attack cargo ship,4087,USA,28 July 1945,1945
XT,training submarine,30,ENG,1944,1944
Sims,DD,1570.0,USA,2 March 1940,1940
Atlanta,CL,6000.0,USA,17 July 1943,1943
Hunt,DD,1050.0,ENG,7 May 1942,1942
Flower,K,925.0,Royal Canadian Navy,18 November 1941,1941
O,minelayer destroyer,1540.0,ENG,3 September 1942,1942
Odin,SS,1922.0,ENG,24 August 1927,1927
Colossus,CV,13200.0,ENG,8 August 1945,1945
Odin,SS,2038.0,ENG,21 December 1929,1929
O,DD,1540.0,ENG,20 September 1941,1941
Kuma,CL,5100.0,JPN,10 October 1921,1921
Okinoshima,CM,4290.0,JPN,30 September 1936,1936
Nevada,BB,29000.0,USA,2 May 1916,1916
Cleveland,CL,11800.0,USA,22 December 1944,1944
Gangut,BB,23000.0,Soviet Navy,3 June 1909,1909
Oldenburg,CM,1141.0,GER,13 September 1943,1943
Odin,SS,2038.0,ENG,14 June 1930,1930
Omaha,CL,7050.0,USA,24 February 1923,1923
Casablanca,CVE,7800.0,USA,11 February 1944,1944
O,DD,1540.0,ENG,19 June 1942,1942
Minotaur,CL,8800.0,Royal Canadian Navy,July 1944,1944
Flower,K,925.0,ENG,29 November 1940,1940
Benson,DD,1620.0,USA,13 February 1943,1943
Flower,K,925.0,Royal Canadian Navy,25 November 1940,1940
Serrano,DD,1090.0,Chile,,
Leander,CL,7000.0,ENG,18 January 1934,1934
Orion,MC,15700.0,GER,9 December 1939,1939
River,FF,1445.0,Royal Canadian Navy,18 April 1944,1944
Orzeł,SS,1100.0,Poland,2 February 1939,1939
Oscar II,coastal defence ship,,Swedish Navy,,
C,DD,1375.0,Royal Canadian Navy,15 June 1938,1938
Bourrasque,DD,1319.0,French Navy  Free French Naval Forces  Poland,19 January 1927,1927
River,FF,1445.0,Royal Canadian Navy,27 November 1943,1943
Flower modified,K,1015.0,Royal Canadian Navy,17 November 1943,1943
Flower,K,925.0,ENG,28 December 1941,1941
Ōyodo,CL,11433.0,JPN,28 February 1943,1943
Ruler,CVE,11400,Royal Navy  Royal Canadian Navy,7 September 1943,1943
Myōkō,CA,13380,JPN,,
Nagara,CL,5088,JPN,,
Nagato,dreadnought,42850,JPN,25 November 1920,1920
Nairana,CVE,14280,ENG,12 December 1943,1943
Najaden,torpedo boat,782,Royal Danish Navy,1947,1947
Sendai,CL,7100,JPN,1925,1925
N,DD,1773,Royal Australian Navy,28 November 1940,1940
Black Swan,SL,1250,Royal Indian Navy,,
Brooklyn,CL,9475,USA,6 June 1938,1938
Bogue,CVE,11400,USA,20 August 1942,1942
Loch,FF,1435,South African Navy,9 March 1945,1945
Akizuki,DD,2700,JPN,8 April 1945,1945
Nelson,BB,34000,ENG,10 September 1927,1927
N,DD,1773,Royal Australian Navy,29 May 1942,1942
Leander,CL,7000,ENG,23 February 1934,1934
N,DD,1773,Royal Australian Navy,12 February 1941,1941
Nevada,BB,29000,USA,11 March 1916,1916
Iowa,BB,57271,USA,23 May 1943,1943
New Mexico,BB,33000,USA,20 May 1918,1918
New Orleans,CA,9950,USA,12 April 1933,1933
New York,BB,27000,USA,15 April 1914,1914
Town,DD,1060,ENG,26 November 1940,1940
Fiji,CL,8800,ENG,21 January 1943,1943
Town,DD,1190,Royal Norwegian Navy,March 1942,1942
Town,DD,1190,Royal Canadian Navy,24 September 1940,1940
Niedersachsen,CM,1794,GER,20 December 1943,1943
Benson,DD,1620,USA,15 January 1943,1943
Niels Juel,coastal defence ship,3400,Royal Danish Navy,23 May 1923,1923
Fiji,CL,8000,ENG,23 September 1940,1940
Ning Hai,CL,2200,Republic of China Navy,,
Holland,anti-aircraft cruiser,4100,GER,1 March 1941,1941
Holland,C,4033,Royal Netherlands Navy,1 March 1900,1900
Tribal,DD,1927,Royal Canadian Navy,9 August 1946,1946
Eidsvold,coastal defence ship,4230,Royal Norwegian Navy,7 February 1901,1901
North Carolina,BB,35000,USA,9 April 1941,1941
Northampton,CA,9050,USA,17 May 1930,1930
Agano,CL,6650,JPN,,
Nürnberg,CL,6980,GER,2 November 1935,1935
Tordenskjold,coastal defence ship,3858,GER,21 March 1898,1898
Agano,CL,6650,JPN,29 December 1943,1943
Novik,DD,1260,Soviet Navy,9 September 1913,1913
Yakumo,armored cruiser,9646,JPN,20 June 1900,1900
Fusō,dreadnought,39154,JPN,31 March 1917,1917
Yamato,BB,74170,JPN,16 December 1941,1941
Yorktown,CV,19900,USA,30 September 1937,1937
Essex,CV,30800,USA,15 April 1943,1943
Yubari,CL,2890,JPN,23 July 1923,1923
Kagero,DD,2490,JPN,20 January 1940,1940
Nagara,CL,5088,JPN,20 March 1923,1923
BYMS,AM,360,ENG,1 February 1943,1943
J,DD,1690,ENG,31 March 1939,1939
Tromp,C,4064,Royal Netherlands Navy,16 September 1939,1939
Fiji,CL,8000,ENG,29 June 1942,1942
Java,C,8078,Royal Netherlands Navy,1925,1925
Courbet,dreadnought,23475,FRA,5 June 1913,1913
La Galissonnière,CL,7600,FRA,10 February 1937,1937
Jeanne d'Arc,CL,6496,FRA,14 August 1931,1931
Armed Merchant Cruiser,,14164,ENG,1 October 1940,1940
Johan Maurits van Nassau,GB,1537,Royal Netherlands Navy,5 April 1933,1933
River,FF,1400,Royal Netherlands Navy,25 June 1943,1943
Fletcher,DD,2700,USA,27 October 1943,1943
Somers,DD,1850,USA,25 January 1939,1939
Churruca,DD,1522,Argentine Navy,,
Catamarca,DD,1010,Argentine Navy,,
Black Swan,SL,1250,Royal Indian Navy,13 May 1941,1941
Atlanta,CL,6000,USA,14 February 1942,1942
Hiyō,CV,26949,JPN,5 May 1942,1942
Kaga,CV,38200,JPN,1 November 1929,1929
Maxim Gorkiy (Project 26 bis),CA,8200,Soviet Navy,6 December 1944,1944
Furutaka,CA,7950,JPN,31 July 1926,1926
Kaiyō,CV,13600,JPN,23 November 1943,1943
Maxim Gorkiy (Project 26 bis),CA,8200,Soviet Navy,31 December 1942,1942
Hunt,DD,1050,Hellenic Navy,10 August 1942,1942
K,DD,1690,ENG,10 October 1939,1939
K,CL,6650,GER,6 November 1929,1929
Katori,CL,6180,JPN,15 July 1941,1941
Katori,CL,6180,JPN,31 May 1940,1940
Unryū,CV,17150,JPN,15 October 1944,1944
B,DD,1350,ENG,20 March 1931,1931
W,DD,1710,ENG,25 October 1943,1943
County,CA,9750,ENG,25 June 1928,1928
Ruler,CVE,11400,ENG,25 August 1943,1943
Fletcher,DD,2500,USA,23 April 1943,1943
Mississippi,BB,13000,Hellenic Navy,1 February 1908,1908
K,DD,1690,ENG,21 February 1940,1940
King George V,BB,35000,ENG,11 December 1940,1940
Nagara,CL,5088,JPN,10 November 1922,1922
Aoba,CA,9000,JPN,30 September 1927,1927
Kongō,battlecruiser,36600,JPN,19 April 1915,1915
Kirov (Project 26),CA,7880,Soviet Navy,23 September 1938,1938
Kuma,CL,5100,JPN,29 January 1921,1921
Black Swan,SL,1350,Royal Indian Navy,26 August 1943,1943
K,CL,6650,GER,January 1930,1930
Komet,MC,7500,GER,2 June 1940,1940
Raubvogel,torpedo boat,1290,GER,15 July 1927,1927
Kongō,battlecruiser,36600,JPN,16 August 1913,1913
Kormoran,MC,19900,GER,9 October 1940,1940
Admiralen,DD,1680,Royal Netherlands Navy,3 September 1928,1928
Kountouriotis,DD,1389,Hellenic Navy,1933,1933
Hunt,DD,1050,Polish Navy,28 May 1941,1941
Krasnoye Znamya,GB,1735,Soviet Navy,1897,1897
Kraznyi Kavkaz,C,7560,Soviet Navy,25 January 1932,1932
Krasnyi Krym,C,6800,Soviet Navy,1 July 1928,1928
Commencement Bay,CVE,10900,USA,12 May 1945,1945
Kuma,CL,5550,JPN,31 August 1920,1920
Mogami,CA,13440,JPN,31 October 1931,1931
Type J1,cruiser submarine,2791,JPN,10 March 1926,1926
Type J1,cruiser submarine,2791,JPN,24 December 1929,1929
Type J1 Modified,submarine aircraft carrier,2921,JPN,31 July 1932,1932
Type J2,submarine aircraft carrier,2921,JPN,15 May 1935,1935
Type J3,submarine aircraft carrier,3583,JPN,31 March 1937,1937
Type J3,submarine aircraft carrier,3583,JPN,5 December 1938,1938
Type A1,submarine aircraft carrier,4129,JPN,13 February 1941,1941
Type A1,submarine aircraft carrier,4129,JPN,16 May 1942,1942
Type A2,SS,4150,JPN,25 May 1944,1944
Type A3,submarine aircraft carrier,4762,JPN,16 December 1944,1944
Type A3,submarine aircraft carrier,4762,JPN,14 March 1945,1945
Type B1,submarine aircraft carrier,3654,JPN,30 September 1940,1940
Type C1,midget submarine-carrying submarine,3561,JPN,30 March 1940,1940
Type B1,submarine aircraft carrier,3654,JPN,24 January 1941,1941
Type C1,midget submarine-carrying submarine,3561,JPN,31 January 1941,1941
Type B1,submarine aircraft carrier,3654,JPN,24 February 1942,1942
Type B1,submarine aircraft carrier,3654,JPN,10 March 1943,1943
Type B2,SS,3700,JPN,31 July 1943,1943
Type B2,SS,3700,JPN,31 January 1944,1944
Type C2,SS,3621,JPN,29 February 1944,1944
Type C3,transport submarine,3644,JPN,28 December 1943,1943
Type C3,SS,3644,JPN,20 February 1944,1944
Type B3,submarine aircraft carrier,3747,JPN,31 March 1944,1944
Type C3,transport submarine,3644,JPN,20 April 1944,1944
KD3 type,cruiser submarine,2300,JPN,24 December 1929,1929
KD4 type,cruiser submarine,2300,JPN,30 August 1930,1930
KD6 type,cruiser submarine,2440,JPN,9 November 1935,1935
KD6 type,cruiser submarine,2440,JPN,7 January 1937,1937
Kiraisen type,minelayer submarine,1768,JPN,31 March 1927,1927
Kiraisen type,minelayer submarine,1768,JPN,28 October 1928,1928
KD2 type,training submarine,2500,JPN,1 November 1924,1924
KD3A type,SS,2300,JPN,30 March 1927,1927
KD3B type,SS,2300,JPN,31 March 1929,1929
KD3B type,SS,2300,JPN,15 May 1928,1928
KD3A type,SS,2300,JPN,24 December 1929,1929
KD3B type,SS,2300,JPN,31 March 1930,1930
KD4 type,SS,2300,JPN,24 April 1930,1930
KD5 type,SS,2330,JPN,1 December 1932,1932
KD6 type,cruiser submarine,2440,JPN,31 July 1934,1934
KD6 type,cruiser submarine,2440,JPN,15 August 1938,1938
KD7 type,cruiser submarine,2602,JPN,4 August 1942,1942
KD7 type,cruiser submarine,2602,JPN,18 June 1943,1943
Sentaka type,SS,1479,JPN,2 February 1945,1945
Senho type,submarine tanker,4290,JPN,28 January 1945,1945
Type D1,transport submarine/kaiten carrier,2215,JPN,25 May 1944,1944
Type D1,transport submarine,2215,JPN,23 May 1944,1944
Type D2,transport/tanker submarine,2240,JPN,14 April 1945,1945
Sentoku type,submarine aircraft carrier,6560,JPN,30 December 1944,1944
Sentoku type,submarine aircraft carrier,6560,JPN,8 January 1945,1945
Sentoku type,submarine tanker,6560,JPN,24 July 1945,1945
Type IXD2,SS,1771,JPN,16 July 1945,1945
Marcello-class,SS,1313,JPN,10 May 1945,1945
Marconi-class,SS,1400,JPN,10 May 1945,1945
Type X,minelayer submarine,2143,JPN,15 July 1945,1945
Type IXD1,SS,1771,JPN,15 July 1945,1945
I,minelayer destroyer,1370,ENG,3 May 1937,1937
Illustrious,CV,23000,ENG,25 May 1940,1940
Väinämöinen,coastal defence ship,3900,Finland,17 April 1934,1934
Implacable,CV,23825,ENG,28 August 1944,1944
I,minelayer destroyer,1370,ENG,29 January 1938,1938
South Dakota,BB,35000,USA,30 April 1942,1942
Portland,CA,9800,USA,15 November 1932,1932
Illustrious,CV,23000,ENG,10 October 1941,1941
Grimsby,SL,1210,Royal Indian Navy,15 March 1935,1935
Ingolf,PB,1180,Royal Danish Navy,1934,1934
Flower modified,K,1015,USA,31 March 1943,1943
Investigator,survey ship,1572,Indian Navy,,
Iowa,BB,45000,USA,22 February 1943,1943
Irene Forsyte,Q-ship,283,USA,26 August 1943,1943
Tribal,DD,2020,Royal Canadian Navy,30 November 1942,1942
Gerard Callenburgh,DD,1606,Royal Netherlands Navy,29 May 1941,1941
Ise,dreadnought,36000,JPN,1917,1917
Izumo,armored cruiser,9750,JPN,18 March 1901,1901
Izumo,armored cruiser,9750,JPN,25 September 1900,1900
H,SS,518,ENG,29 June 1918,1918
H,SS,518,ENG,21 February 1919,1919
H,SS,518,ENG,15 April 1920,1920
Ha-101,transport submarine,493,JPN,22 November 1944,1944
Ha-101,transport submarine,493,JPN,3 February 1945,1945
Ha-201,SS,440,JPN,31 May 1945,1945
Myoko,CA,13300,JPN,25 April 1929,1929
Hai Chao,SL,1250,Republic of China Navy,,
gunship,,2680,Republic of China Navy,,
Hai Chi,C,4300,Republic of China Navy,,
Hai Yung,protected cruiser,2680,Republic of China Navy,,
Tribal,DD,2020,Royal Canadian Navy,30 August 1943,1943
Hunt,DD,1000,ENG,8 June 1940,1940
Town,DD,1060,Royal Navy  Royal Canadian Navy,23 September 1940,1940
Ticonderoga,CV,27100,USA,15 April 1944,1944
Hansa,MC,9138,Nazi Germany,2 February 1944,1944
Gato,SS,"1,525 surfaced",USA,2 December 1942,1942
H,DD,1455,ENG,11 December 1936,1936
V,DD,1710,ENG,August 1943,1943
Kongō,battlecruiser,31660,JPN,,
Havant,DD,1340,ENG,23 May 1940,1940
H,DD,1350,ENG,11 November 1936,1936
Havant,DD,1340,ENG,19 December 1939,1939
H,DD,1350,ENG,16 January 1937,1937
Hekla,light cruiser hulk,1322,Royal Danish Navy,,
St. Louis,CL,10000,USA,18 September 1939,1939
Hermes,CV,10850,ENG,7 July 1923,1923
H,DD,1350,Royal Navy  Royal Canadian Navy,23 October 1936,1936
Hunt,DE,1050,ENG,,
Folkestone,SL,1045,Royal Indian Navy,10 October 1930,1930
Kongō,battlecruiser,36600,JPN,1914,1914
Sōryū,CV,17300,JPN,5 July 1939,1939
Hiyō,CV,24140,JPN,31 July 1942,1942
modified Leander,CL,6980,Royal Australian Navy,28 September 1938,1938
Fletcher,DD,2100,USA,19 July 1943,1943
Brooklyn,CL,9650,USA,15 June 1938,1938
Admiral,battlecruiser,42100,ENG,5 March 1920,1920
Yorktown,CV,26500,USA,25 October 1941,1941
Hōshō,CV,7470,JPN,27 December 1922,1922
Northampton,CA,9200,USA,17 June 1930,1930
Cannon,DE,1240,Free French Naval Forces,18 March 1944,1944
King George V,BB,35000,ENG,28 September 1942,1942
Huáscar,ironclad,1870,CHL,1866,1866
Humaytá,SS,1440,Brazil,20 July 1929,1929
Tribal,DD,1927,Royal Canadian Navy,19 July 1943,1943
Hunt,DD,1050,Royal Navy  Hellenic Navy,2 April 1942,1942
Hunt,DD,1050,ENG,5 October 1941,1941
Hvidbjørnen,PB,1050,Royal Danish Navy,,
Flower,K,925,Royal Navy  Hellenic Navy,2 October 1940,1940
Serrano,DD,1090,CHL,,
Kountouriotis,DD,1350,Hellenic Navy,1933,1933
Ise,BB,36000,JPN,11 April 1913,1913
L,SS,,,31 October 1924,1924
L,training submarine,,,,
La Argentina,training light cruiser,,,April 1939,1939
Flower,K,,,22 June 1940,1940
La Galissonnière,CL,,,1 January 1936,1936
River,FF,,,6 December 1945,1945
Flower,K,,,28 April 1942,1942
Mendoza,DD,,,23 July 1929,1929
Flower modified,K,,,26 October 1944,1944
Benson,DD,,,31 March 1942,1942
Sumner,DD,,,8 February 1944,1944
L,DD,,,26 August 1941,1941
Battle,DD,,,2 November 1945[5],1945
Basset,AM,,,1941–1944,1941
Ticonderoga,CV,,,3 June 1945,1945
Wickes,DAM,,,22 August 1918,1918
Lambridge,Special Service Ship,,,,
Hunt,DD,,,16 August 1941,1941
Duguay-Trouin,CL,,,5 March 1927,1927
Mahan,DD,,,21 October 1936,1936
Benham,DD,,,30 March 1939,1939
Langley,Seaplane carrier,,,7 April 1913,1913
Independence,CVL,,,31 August 1943,1943
Gleaves,DD,,,29 April 1942,1942
Abdiel,CM,,,4 May 1941,1941
Hunt,DD,,,August 1942,1942
Captain,FF,,,3 November 1943,1943
Lawrence,SL,,,27 December 1919,1919
Town,DD,,,23 October 1940,1940
Leander,CL,,,23 July 1931,1931
Town,DD,,,12 January 1918,1918
Leipzig,CL,,,8 October 1931,1931
Leningrad,DD,,,December 1936,1936
Aetos,DD,,,19 October 1912,1912
Raubtier,torpedo boat,,,1 June 1928,1928
Chacal,DD,,,31 August 1940,1940
Lexington,CV,,,14 December 1927,1927
Essex,CV,,,17 February 1943,1943
Libertad,riverine battleship,,,26 November 1892,1892
Flower modified,K,,,19 June 1943,1943
Casablanca,CVE,,,7 August 1943,1943
Littorio,BB,,,6 May 1940,1940
Flower,K,,,16 July 1941,1941
Loch,FF,,,31 July 1944,1944
County,CA,,,31 January 1929,1929
Long Island,CVE,,,2 June 1941,1941
Looe,Special Service Ship,,,,
PB,,,,25 April 1943,1943
Bretagne,BB,,,27 July 1916,1916
Baltimore,CA,,,22 July 1945,1945
Lothringen,CM,,,December 1941,1941
Northampton,CA,,,15 January 1931,1931
Condottieri,CL,,,11 August 1933,1933
Condottieri,CL,,,1 December 1937,1937
enlarged Admiral Hipper,CA,,,not completed,
Farragut,DD,,,15 March 1935,1935
Rapana,merchant aircraft carrier,,,1 April 1944,1944
Bathurst,K,,,12 May 1942,1942
M,DD,,,28 July 1942,1942
El Mahrousa,yacht,,,1865,1865
Queen Elizabeth,BB,,,1 February 1916,1916
Äran,coastal defence ship,,,,
Tribal,DD,,,2 January 1939,1939
Pegasus,fighter catapult ship,,,1932,1932
Omaha,CL,,,8 September 1924,1924
Marcílio Dias,DD,,,29 November 1943,1943
Marcilio Dias,DD,,,29 November 1943,1943
Cannon,DE,,,29 February 1944,1944
La Galissonniere,CL,,,10 October 1937,1937
Marshal Ney,BM,,,,
Marsuinul,SS,,,July 1943,1943
Colorado,BB,,,21 July 1921,1921
Evarts,DE,,,20 March 1944,1944
South Dakota,BB,,,12 May 1942,1942
Maunder,Special Service Ship,,,1919,1919
Fiji,CL,,,1 January 1941,1941
Gridley,DD,,,5 August 1938,1938
Maxim Gorkiy (Project 26 bis),CA,,,25 October 1940,1940
Takao,CA,,,30 June 1932,1932
Benson,DD,,,13 September 1939,1939
Porter,DD,,,23 December 1936,1936
Medway,submarine tender,,,July 1929,1929
Hunt,DE,,,10 October 1942,1942
Fletcher,DD,,,24 November 1943,1943
Hunt,DE,,,12 October 1940,1940
River,FF,,,31 December 1943,1943
Cleveland,CL,,,28 December 1943,1943
Michel,MC,,,7 September 1941,1941
Tribal,DD,,,18 September 1945,1945
Flower modified,K,,,22 December 1942,1942
Mogami,CA,,,29 August 1935,1935
Omaha,CL,,,20 June 1923; to USSR as Murmansk 20 April 1944,1923
Minas Geraes,dreadnought,,,6 January 1910,1910
Asashio,DD,,,,
New Orleans,CA,,,19 May 1934,1934
Buenos Aires,DD,,,,
Maracaibo,LST,,,11 August 1941,1941
New Mexico,BB,,,25 January 1917,1917
Iowa,BB,,,11 June 1944,1944
Monowai,armed merchant cruiser,,,30 August 1940,1940
Montclare,submarine tender,,,2 June 1942 (former AMC Montclare),1942
Admiralty,flotilla leader,,,14 September 1918,1918
Körös,river monitor,,,15 April 1920,1920
Rivadavia,dreadnought,,,26 February 1915,1915
Sims,DD,,,5 March 1940,1940
Raubvogel,torpedo boat,,,1 October 1926,1926
River,FF,,,15 October 1944,1944
Bagley,DD,,,16 August 1937,1937
Shiratsuyu,DD,,,7 January 1937,1937
Yamato,BB,,,5 August 1942,1942
Nagato,dreadnought,,,24 October 1921,1921
Montecuccoli,CL,,,1935,1935
V,DD,,,23 June 1944,1944
Myōkō,CA,,,1929,1929
M,DD,,,1941,1941
Type 1934,DD,,,14 January 1937[6],1937
Type 1934A,DD,,,29 June 1937,1937
Type 1936,DD,,,29 August 1938,1938
Type 1936,DD,,,21 March 1939,1939
Type 1936A,DD,,,15 September 1940,1940
Type 1936A Mob,DD,,,11 April 1942,1942
Type 1936B,DD,,,22 September 1943,1943
Type 1936B,DD,,,19 February 1944,1944
Type 1936B,DD,,,,
Z,DD,,,18 July 1944,1944
Zara,CA,,,20 October 1931,1931
Zuihō,CV,,,January 1941,1941
Shōkaku,CV,,,25 September 1941,1941
Archimede,SS,,,19 March 1934,1934
X,SS,,,1942,1942
Xanthus,repair ship,,,9 May 1945,1945
XE,SS,,,1944,1944
Artemis,attack cargo ship,,,28 July 1945,1945
XT,training submarine,,,1944,1944
Atlanta,CL,,,17 July 1943,1943
O,minelayer destroyer,,,3 September 1942,1942
Odin,SS,,,24 August 1927,1927
Colossus,CV,,,8 August 1945,1945
Odin,SS,,,21 December 1929,1929
O,DD,,,20 September 1941,1941
Kuma,CL,,,10 October 1921,1921
Okinoshima,CM,,,30 September 1936,1936
Nevada,BB,,,2 May 1916,1916
Cleveland,CL,,,22 December 1944,1944
Gangut,BB,,,3 June 1909,1909
Oldenburg,CM,,,13 September 1943,1943
Casablanca,CVE,,,11 February 1944,1944
Minotaur,CL,,,July 1944,1944
Benson,DD,,,13 February 1943,1943
Serrano,DD,,,,
Leander,CL,,,18 January 1934,1934
Orion,MC,,,9 December 1939,1939
Orzeł,SS,,,2 February 1939,1939
Oscar II,coastal defence ship,,,,
C,DD,,,15 June 1938,1938
Bourrasque,DD,,,19 January 1927,1927
Ōyodo,CL,,,28 February 1943,1943
Ruler,CVE,,,7 September 1943,1943
Nagara,CL,,,,
Nairana,CVE,,,12 December 1943,1943
Najaden,torpedo boat,,,1947,1947
Sendai,CL,,,1925,1925
N,DD,,,28 November 1940,1940
Black Swan,SL,,,,
Brooklyn,CL,,,6 June 1938,1938
Bogue,CVE,,,20 August 1942,1942
Loch,FF,,,9 March 1945,1945
Akizuki,DD,,,8 April 1945,1945
Nelson,BB,,,10 September 1927,1927
Iowa,BB,,,23 May 1943,1943
New Mexico,BB,,,20 May 1918,1918
New York,BB,,,15 April 1914,1914
Fiji,CL,,,21 January 1943,1943
Town,DD,,,March 1942,1942
Niedersachsen,CM,,,20 December 1943,1943
Niels Juel,coastal defence ship,,,23 May 1923,1923
Ning Hai,CL,,,,
Holland,anti-aircraft cruiser,,,1 March 1941,1941
Holland,C,,,1 March 1900,1900
Eidsvold,coastal defence ship,,,7 February 1901,1901
North Carolina,BB,,,9 April 1941,1941
Northampton,CA,,,17 May 1930,1930
Agano,CL,,,,
Nürnberg,CL,,,2 November 1935,1935
Tordenskjold,coastal defence ship,,,21 March 1898,1898
Novik,DD,,,9 September 1913,1913
Yakumo,armored cruiser,,,20 June 1900,1900
Fusō,dreadnought,,,31 March 1917,1917
Yamato,BB,,,16 December 1941,1941
Yorktown,CV,,,30 September 1937,1937
Yubari,CL,,,23 July 1923,1923
Kagero,DD,,,20 January 1940,1940
BYMS,AM,,,1 February 1943,1943
J,DD,,,31 March 1939,1939
Tromp,C,,,16 September 1939,1939
Java,C,,,1925,1925
Courbet,dreadnought,,,5 June 1913,1913
Jeanne d'Arc,CL,,,14 August 1931,1931
Armed Merchant Cruiser,,,,1 October 1940,1940
Johan Maurits van Nassau,GB,,,5 April 1933,1933
Somers,DD,,,25 January 1939,1939
Churruca,DD,,,,
Catamarca,DD,,,,
Atlanta,CL,,,14 February 1942,1942
Hiyō,CV,,,5 May 1942,1942
Kaga,CV,,,1 November 1929,1929
Furutaka,CA,,,31 July 1926,1926
Kaiyō,CV,,,23 November 1943,1943
K,DD,,,10 October 1939,1939
K,CL,,,6 November 1929,1929
Katori,CL,,,15 July 1941,1941
Unryū,CV,,,15 October 1944,1944
B,DD,,,20 March 1931,1931
W,DD,,,25 October 1943,1943
County,CA,,,25 June 1928,1928
Mississippi,BB,,,1 February 1908,1908
King George V,BB,,,11 December 1940,1940
Aoba,CA,,,30 September 1927,1927
Kongō,battlecruiser,,,19 April 1915,1915
Kirov (Project 26),CA,,,23 September 1938,1938
Black Swan,SL,,,26 August 1943,1943
Komet,MC,,,2 June 1940,1940
Raubvogel,torpedo boat,,,15 July 1927,1927
Kormoran,MC,,,9 October 1940,1940
Admiralen,DD,,,3 September 1928,1928
Kountouriotis,DD,,,1933,1933
Krasnoye Znamya,GB,,,1897,1897
Kraznyi Kavkaz,C,,,25 January 1932,1932
Krasnyi Krym,C,,,1 July 1928,1928
Commencement Bay,CVE,,,12 May 1945,1945
Kuma,CL,,,31 August 1920,1920
Type J1,cruiser submarine,,,10 March 1926,1926
Type J1 Modified,submarine aircraft carrier,,,31 July 1932,1932
Type J2,submarine aircraft carrier,,,15 May 1935,1935
Type J3,submarine aircraft carrier,,,31 March 1937,1937
Type A1,submarine aircraft carrier,,,13 February 1941,1941
Type A2,SS,,,25 May 1944,1944
Type A3,submarine aircraft carrier,,,16 December 1944,1944
Type B1,submarine aircraft carrier,,,30 September 1940,1940
Type C1,midget submarine-carrying submarine,,,30 March 1940,1940
Type B2,SS,,,31 July 1943,1943
Type C2,SS,,,29 February 1944,1944
Type C3,transport submarine,,,28 December 1943,1943
Type C3,SS,,,20 February 1944,1944
Type B3,submarine aircraft carrier,,,31 March 1944,1944
KD3 type,cruiser submarine,,,24 December 1929,1929
KD4 type,cruiser submarine,,,30 August 1930,1930
KD6 type,cruiser submarine,,,9 November 1935,1935
Kiraisen type,minelayer submarine,,,31 March 1927,1927
KD2 type,training submarine,,,1 November 1924,1924
KD3A type,SS,,,30 March 1927,1927
KD3B type,SS,,,31 March 1929,1929
KD4 type,SS,,,24 April 1930,1930
KD5 type,SS,,,1 December 1932,1932
KD7 type,cruiser submarine,,,4 August 1942,1942
Sentaka type,SS,,,2 February 1945,1945
Senho type,submarine tanker,,,28 January 1945,1945
Type D1,transport submarine/kaiten carrier,,,25 May 1944,1944
Type D1,transport submarine,,,23 May 1944,1944
Type D2,transport/tanker submarine,,,14 April 1945,1945
Sentoku type,submarine aircraft carrier,,,30 December 1944,1944
Sentoku type,submarine tanker,,,24 July 1945,1945
Type IXD2,SS,,,16 July 1945,1945
Marcello-class,SS,,,10 May 1945,1945
Marconi-class,SS,,,10 May 1945,1945
Type X,minelayer submarine,,,15 July 1945,1945
Type IXD1,SS,,,15 July 1945,1945
I,minelayer destroyer,,,3 May 1937,1937
Illustrious,CV,,,25 May 1940,1940
Väinämöinen,coastal defence ship,,,17 April 1934,1934
Implacable,CV,,,28 August 1944,1944
Portland,CA,,,15 November 1932,1932
Grimsby,SL,,,15 March 1935,1935
Ingolf,PB,,,1934,1934
Investigator,survey ship,,,,
Irene Forsyte,Q-ship,,,26 August 1943,1943
Tribal,DD,,,30 November 1942,1942
Gerard Callenburgh,DD,,,29 May 1941,1941
Ise,dreadnought,,,1917,1917
Izumo,armored cruiser,,,18 March 1901,1901
H,SS,,,29 June 1918,1918
Ha-101,transport submarine,,,22 November 1944,1944
Ha-201,SS,,,31 May 1945,1945
Myoko,CA,,,25 April 1929,1929
Hai Chao,SL,,,,
gunship,,,,,
Hai Chi,C,,,,
Hai Yung,protected cruiser,,,,
Hansa,MC,,,2 February 1944,1944
Gato,SS,,,2 December 1942,1942
H,DD,,,11 December 1936,1936
V,DD,,,August 1943,1943
Kongō,battlecruiser,,,,
Havant,DD,,,23 May 1940,1940
Hekla,light cruiser hulk,,,,
St. Louis,CL,,,18 September 1939,1939
Hermes,CV,,,7 July 1923,1923
Folkestone,SL,,,10 October 1930,1930
Sōryū,CV,,,5 July 1939,1939
modified Leander,CL,,,28 September 1938,1938
Admiral,battlecruiser,,,5 March 1920,1920
Yorktown,CV,,,25 October 1941,1941
Hōshō,CV,,,27 December 1922,1922
Huáscar,ironclad,,,1866,1866
Humaytá,SS,,,20 July 1929,1929
Hvidbjørnen,PB,,,,
Ise,BB,,,11 April 1913,1913
Eagle,CV,,,,
E,DD,,,,
Edgehill,Special Service Ship,,,,
Town,CL,,,,
Hawkins,CA,,,,
El Amir Farouq,patrol vessel,,,,
Mount McKinley,amphibious command ship,,,,
Chao Ho,protected cruiser,,,,
Duca d'Aosta,CL,,,,
Emden,CL,,,,
Emerald,CL,,,,
Émile Bertin,CL,,,,
Empire,merchant aircraft carrier,,,,
Buckley,DE,,,,
Erebus,BM,,,,
Eritrea,SL,,,,
York,CA,,,,
Explorer,survey ship,,,,
R,DD,,,,
Rainbow,SS,,,,
Rajputana,armed merchant cruiser,,,,
Ramb I,Armed merchant cruiser,,,,
Ramb II,Armed merchant cruiser,,,,
Ramb III,Armed merchant cruiser,,,,
Revenge,BB,,,,
Wickes,minelayer destroyer,,,,
Ranger,CV,,,,
Rawalpindi,Armed merchant cruiser,,,,
Gnevny,DD,,,,
Rechinul,SS,,,,
Renown,battlecruiser,,,,
Clemson,DD,,,,
Richelieu,BB,,,,
Bahia,CL,,,,
Kaichū V type,training submarine,,,,
Kaichū VI type,SS,,,,
Kaichū VII type,SS,,,,
Type L3,training submarine,,,,
Type L4,SS,,,,
Ko type,coastal submarine,,,,
Type IXC,SS,,,,
Type IXC/40,SS,,,,
Roberts,BM,,,,
Rosario,GB,,,,
Ryūhō,CVL,,,,
Ryūjō,CVL,,,,
S,SS,,,,
A,DD,,,,
Matsu,DD,,,,
Pensacola,CA,,,,
Butler,DE,,,,
San Giorgio,CA,,,,
Sangamon,CVE,,,,
Minas Geraes,BB,,,,
S,DD,,,,
Temes,river monitor,,,,
Scharnhorst,BB,,,,
Deutschland,BB,,,,
Capitani Romani,light cruiser (also known as exploratori oceanici),,,,
Dido,anti-aircraft cruiser,,,,
Enlarged Admiral Hipper,CA,,,,
Shinano,CV,,,,
Shin'yō,CV,,,,
Sirène,SS,,,,
Skagerak,CM,,,,
Flores,GB,,,,
De Zeven Provinciën,coastal defence ship,,,,
Anchusa,SL,,,,
Cannon,DD,,,,
Southampton,CL,,,,
Thonburi,coastal defence ship,,,,
Attacker,CVE,,,,
Stier,MC,,,,
Dunkerque,BB,,,,
Suffren,CA,,,,
Java,CL,,,,
Sverige,coastal defence ship,,,,
Edsall,DE,,,,
Rudderow,DE,,,,
Danae,C,,,,
D,DD,,,,
Allen M. Sumner,DD,,,,
John C. Butler,DE,,,,
Gearing,DD,,,,
Wickes,DD,,,,
De Ruyter,C,,,,
Deutschland,CA,,,,
County,C,,,,
Admiralty,destroyer flotilla leader,,,,
Drache,CM,,,,
Enns,river monitor,,,,
Drazki,torpedo boat,,,,
Dristigheten,seaplane carrier,,,,
Dubrovnik,DD,,,,
Andrea Doria,BB,,,,
Shoreham,SL,,,,
Dunvegan Castle,Armed merchant cruiser,,,,
Duquesne,CA,,,,
Fidelity,Special Service Ship,,,,
F,DD,,,,
Fridtjof Nansen,patrol ship,,,,
Fu An,GB,,,,
Fubuki,DD,,,,
Yūgumo,DD,,,,
Mutsuki,DD,,,,
Glorious,CV,,,,
Q,DD,,,,
P,DD,,,,
Parthian,SS,,,,
P,SL,,,,
Patia,fighter catapult ship,,,,
Patria,GB,,,,
Patroclus,armed merchant cruiser,,,,
Herluf Trolle,coastal defence ship,,,,
Pennsylvania,BB,,,,
Colossus,aircraft maintenance carrier,,,,
Admiral Hipper,CA,,,,
Ping Hai,CL,,,,
Pinguin,Auxiliary cruiser,,,,
Pluton,minelayer light cruiser,,,,
Pretoria Castle,armed merchant cruiser,,,,
Prince David,armed merchant cruiser,,,,
Prince Henry,armed merchant cruiser,,,,
Prince Robert,armed merchant cruiser,,,,
Prins van Oranje,CM,,,,
Prunella,Special Service Ship,,,,
G,DD,,,,
Giuseppe Garibaldi,armored cruiser,,,,
Pisa,armored cruiser,,,,
Giussano,CL,,,,
Conte di Cavour,dreadnought,,,,
Duca degli Abruzzi,CL,,,,
Giuseppe Miraglia,seaplane tender,,,,
Graf Zeppelin,CV,,,,
Type VIIC,SS,,,,
U,DD,,,,
Grom,DD,,,,
Gryf,CM,,,,
Alaska,"battlecruiser (""large cruiser"")",,,,
Type 37,torpedo boat,,,,
Taihō,CV,,,,
Taiyō,CVE,,,,
Tannenberg,CM,,,,
Magdeburg,CL,,,,
Tarmo,escort and icebreaker,,,,
Tenryu,CL,,,,
T,DD,,,,
Tennessee,BB,,,,
Tenryū,CL,,,,
Thor,MC,,,,
Bismarck,BB,,,,
Togo,Night fighter direction vessel,,,,
Asama,armored cruiser,,,,
Tone,CA,,,,
Transylvania,armed merchant cruiser,,,,
Trento,CA,,,,
Tromp,light cruiser/flotilla leader,,,,
Tsingtau,Supply escort and Schnellboot tender,,,,
Fu An,gunship,,,,
Castle-class corvette,K,,,,
Grampus,SS,,,,
C,CL,,,,
Antioquia,DD,,,,
Capitan O'Brien,SS,,,,
Captor,Q-ship,,,,
Carinthia,Armed Merchant Cruiser,,,,
Gleaves,DE,,,,
Cervantes,DD,,,,
Presidente Errazuriz,protected cruiser,,,,
Clemson,DAM,,,,
Chao Ho,C,,,,
Avenger,CVE,,,,
P,Special Service ship,,,,
Svetlana,CL,,,,
Chitose,CVL,,,,
Clive,SL,,,,
River,SS,,,,
A,destroyer leader,,,,
D,CL,,,,
Cornwallis,SL,,,,
Coronel,MC,,,,
Cuba,SL,,,,
C-class light cruiser,,,,,
U,SS,,,,
Cyprus,Special Service Ship,,,,
Bahia-class light cruiser,,,,,
Baltimore-class heavy cruiser,,,,,
Admiralen class,DD,,,,
Gato-class submarine,,,,,
CL,,,,,
Giussano-class light cruiser,,,,,
Béarn,CV,,,,
Town-class cruiser,,,,,
Fiji-class cruiser,,,,,
Big Horn,Q-ship,,,,
Cleveland-class light cruiser,,,,,
Southampton-class light cruiser,,,,,
Dido-class light cruiser,,,,,
C,,,,,
Admiral Hipper-class heavy cruiser,,,,,
Brooklyn-class light cruiser,,,,,
Trento class heavy cruiser,,,,,
Boxer,LST,,,,
Brandenburg,CM,,,,
Brummer,CM,,,,
Brutus,Special Service Ship,,,,
Haskell class attack transport,,,,,
Wicher,DD,,,,
Type IA,SS,,,,
Type IX,SS,,,,
Type IXB,SS,,,,
Type IXD,SS,,,,
Type XIV,"submarine tender (""Milchkuh"")",,,,
Type XXI,"submarine (""Elektroboot"")",,,,
H,training submarine,,,,
Crown Colony,CL,,,,
Unicorn,aircraft maintenance carrier,,,,
Utah,radio controlled target-ship and anti-aircraft training ship,,,,
Somers,destroyer leader,,,,
Wasp (I),CV,,,,
Wichita,CA,,,,
Widder,MC,,,,
Willem van der Zaan,CM,,,,
Admiralty W,DD,,,,
Robert H. Smith,minelayer destroyer,,,,
Birmingham,CL,,,,
Deutschland,C,,,,
Adventure,minelayer cruiser,,,,
Amagi,CV,,,,
Albatross,seaplane carrier,,,,
1923 Raubvogel-class torpedo boat,,,,,
Alcantara,Armed merchant cruiser,,,,
Algérie,CA,,,,
Veinticinco de Mayo,CA,,,,
Almirante Lynch,DD,,,,
Almirante Latorre,BB,,,,
prototype,DD,,,,
Amiral Murgescu,CM,,,,
Anacapa,Q-ship,,,,
Guadiana,DD,,,,
Antoine,Special Service Ship,,,,
Aquila,CV,,,,
Arcona,Floating anti-aircraft battery,,,,
Argus,CV,,,,
Ariguani,fighter catapult ship,,,,
Wyoming,BB,,,,
Ark Royal,CV,,,,
Asterion,Q-ship,,,,
Atik,Q-ship,,,,
Atlantis,MC,,,,
Capitani Romani,CL,,,,
Aurora,C,,,,
V7,river gunboat,,,,
Project 1125,river gunboat,,,,
Van Kinsbergen,SL,,,,
Vedenia,motor torpedo boat,,,,
Sava,river monitor,,,,
Vosper,motor torpedo boat,,,,
Hawkins,repair ship,,,,
Kirov,CA,,,,
Eagle,CV,,,26 February 1924,1924
E,DD,,,22 October 1934,1934
Town,CL,,,6 July 1939,1939
Hawkins,CA,,,2 July 1925,1925
El Amir Farouq,patrol vessel,,,1936,1936
Mount McKinley,amphibious command ship,,,25 August 1944,1944
Chao Ho,protected cruiser,,,November 1913,1913
Duca d'Aosta,CL,,,13 July 1935,1935
Emden,CL,,,October 1925,1925
Emerald,CL,,,14 January 1926,1926
Émile Bertin,CL,,,28 January 1935,1935
Empire,merchant aircraft carrier,,,29 September 1942,1942
Empire,merchant aircraft carrier,,,20 June 1941,1941
Empire,merchant aircraft carrier,,,14 April 1943,1943
Buckley,DE,,,10 December 1943,1943
Yorktown,CV,,,12 May 1938,1938
Erebus,BM,,,2 September 1916,1916
Eritrea,SL,,,1937,1937
Duca d'Aosta,CL,,,16 January 1936,1936
York,CA,,,23 July 1931,1931
Explorer,survey ship,,,Spring 1940,1940
R,DD,,,1942,1942
Rainbow,SS,,,18 January 1932,1932
Ruler,CVE,,,17 January 1944,1944
Rajputana,armed merchant cruiser,,,December 1939,1939
Ramb I,Armed merchant cruiser,,,10 June 1940,1940
Ramb II,Armed merchant cruiser,,,10 June 1940,1940
Ramb III,Armed merchant cruiser,,,10 June 1940,1940
Revenge,BB,,,1 September 1917,1917
Wickes,minelayer destroyer,,,15 February 1919,1919
Essex,CV,,,29 June 1944,1944
Ranger,CV,,,4 June 1934,1934
Rapana,merchant aircraft carrier,,,July 1943,1943
Rawalpindi,Armed merchant cruiser,,,1 October 1939,1939
Gnevny,DD,,,November 1941,1941
Rechinul,SS,,,9 May 1943,1943
Renown,battlecruiser,,,20 September 1916,1916
Clemson,DD,,,24 September 1920,1920
Richelieu,BB,,,15 July 1940,1940
Bahia,CL,,,1910,1910
Rivadavia,dreadnought,,,27 August 1914,1914
Kaichū V type,training submarine,,,10 May 1927,1927
Kaichū VI type,SS,,,7 October 1935,1935
Kaichū VII type,SS,,,25 March 1943,1943
Type L3,training submarine,,,30 July 1922,1922
Type L4,SS,,,17 September 1923,1923
Ko type,coastal submarine,,,23 September 1942,1942
Type IXC,SS,,,16 September 1943,1943
Type IXC/40,SS,,,15 February 1944,1944
Roberts,BM,,,27 October 1941,1941
Littorio,BB,,,14 June 1942,1942
Rosario,GB,,,1909,1909
Revenge,BB,,,1 February 1916,1916
H,SS,,,1917,1917
Ryūhō,CVL,,,31 March 1934,1934
Ryūjō,CVL,,,9 May 1933,1933
S,SS,,,14 March 1942,1942
A,DD,,,21 May 1931,1931
Matsu,DD,,,25 November 1944,1944
S,SS,,,8 March 1935,1935
Pensacola,CA,,,11 December 1929,1929
Butler,DE,,,28 April 1944,1944
San Giorgio,CA,,,1 July 1910,1910
Sangamon,CVE,,,25 August 1942,1942
Minas Geraes,BB,,,12 July 1910,1910
S,DD,,,1 July 1943,1943
Temes,river monitor,,,15 April 1920,1920
Scharnhorst,BB,,,7 January 1939,1939
Deutschland,BB,,,5 May 1908,1908
Capitani Romani,light cruiser (also known as exploratori oceanici),,,September 1942,1942
Dido,anti-aircraft cruiser,,,12 June 1942,1942
Sendai,CL,,,29 April 1924,1924
Shinano,CV,,,19 November 1944,1944
Shin'yō,CV,,,15 November 1943,1943
Sirène,SS,,,12 March 1927,1927
Skagerak,CM,,,1940,1940
Flores,GB,,,12 April 1926,1926
De Zeven Provinciën,coastal defence ship,,,6 October 1910,1910
Anchusa,SL,,,1920,1920
Cannon,DD,,,9 April 1944,1944
Sōryū,CV,,,29 January 1937,1937
Southampton,CL,,,6 March 1937,1937
Pegasus,fighter catapult ship,,,1940,1940
Thonburi,coastal defence ship,,,19 July 1938,1938
Clemson,DD,,,24 September 1940,1940
C,DD,,,17 February 1937,1937
Attacker,CVE,,,21 December 1942,1942
Stier,MC,,,25 November 1939,1939
Dunkerque,BB,,,February 1939,1939
Attacker,CVE,,,29 April 1943,1943
Suffren,CA,,,1 January 1930,1930
Java,CL,,,26 May 1926,1926
Mogami,CA,,,October 1937,1937
S,DD,,,11 March 1944,1944
Sverige,coastal defence ship,,,14 May 1917,1917
Loch,FF,,,,
Edsall,DE,,,17 February 1944,1944
Rudderow,DE,,,28 April 1944,1944
Danae,C,,,10 April 1918,1918
D,DD,,,4 April 1933,1933
Allen M. Sumner,DD,,,31 March 1944,1944
John C. Butler,DE,,,20 March 1944,1944
Gearing,DD,,,2 March 1945,1945
Wickes,DD,,,9 September 1918,1918
De Ruyter,C,,,3 October 1936,1936
Deutschland,CA,,,1 April 1933,1933
County,C,,,18 March 1929,1929
Admiralty,destroyer flotilla leader,,,2 September 1918,1918
Evarts,DE,,,29 July 1943,1943
Drache,CM,,,17 April 1941,1941
Enns,river monitor,,,15 April 1920,1920
Drazki,torpedo boat,,,1907,1907
Dristigheten,seaplane carrier,,,5 September 1901,1901
Sverige,coastal defence ship,,,12 March 1921,1921
Gato,SS,,,1 November 1941,1941
Dubrovnik,DD,,,August 1939,1939
Duguay-Trouin,CL,,,2 November 1926,1926
Andrea Doria,BB,,,1915,1915
Shoreham,SL,,,31 March 1933,1933
Dunvegan Castle,Armed merchant cruiser,,,7 September 1939,1939
Suffren,CA,,,7 July 1932,1932
Duquesne,CA,,,6 December 1928,1928
Fidelity,Special Service Ship,,,24 September 1940,1940
Folkestone,SL,,,25 June 1940,1940
F,DD,,,27 April 1935,1935
V,DD,,,6 June 1935,1935
Edsall,DE,,,14 July 1943,1943
Fridtjof Nansen,patrol ship,,,29 May 1931,1931
Fubuki,DD,,,10 August 1928,1928
Yūgumo,DD,,,31 July 1943,1943
Mutsuki,DD,,,3 July 1926,1926
Glorious,CV,,,14 October 1917,1917
F,DD,,,10 September 1934,1934
Fusō,dreadnought,,,18 November 1915,1915
Q,DD,,,26 November 1942,1942
New Orleans,CA,,,9 June 1936,1936
Baltimore,CA,,,December 1943,1943
P,DD,,,4 February 1942,1942
Parthian,SS,,,30 June 1930,1930
P,SL,,,5 August 1921,1921
Patia,fighter catapult ship,,,1940,1940
Patroclus,armed merchant cruiser,,,12 September 1939,1939
Pegasus,fighter catapult ship,,,10 December 1914,1914
Pennsylvania,BB,,,12 June 1916,1916
Colossus,aircraft maintenance carrier,,,16 December 1944,1944
Brooklyn,CL,,,23 September 1937,1937
Admiralen,DD,,,25 January 1929,1929
Ping Hai,CL,,,1936,1936
Pinguin,Auxiliary cruiser,,,6 February 1940,1940
Pluton,minelayer light cruiser,,,10 April 1931,1931
Zara,CA,,,1932,1932
Portland,CA,,,23 February 1933,1933
Pretoria Castle,armed merchant cruiser,,,28 November 1939,1939
Prince David,armed merchant cruiser,,,28 December 1940,1940
Prince Henry,armed merchant cruiser,,,3 November 1940,1940
Prince Robert,armed merchant cruiser,,,December 1940,1940
Prins van Oranje,CM,,,2 February 1932,1932
G,DD,,,25 February 1936,1936
Fiji,CL,,,21 February 1942,1942
Wickes,minelayer destroyer,,,29 November 1918,1918
Giuseppe Garibaldi,armored cruiser,,,c.1896,1896
La Galissonnière,CL,,,15 November 1937,1937
Pisa,armored cruiser,,,16 May 1911,1911
Giussano,CL,,,10 February 1932,1932
Conte di Cavour,dreadnought,,,10 May 1914,1914
Duca degli Abruzzi,CL,,,1937,1937
Giuseppe Miraglia,seaplane tender,,,1927,1927
Glorious,CV,,,20 April 1916,1916
Type VIIC,SS,,,launched 15 April 1941,1941
U,DD,,,27 May 1943,1943
Grom,DD,,,11 May 1937,1937
Gryf,CM,,,27 February 1938,1938
Alaska,"battlecruiser (""large cruiser"")",,,17 September 1944,1944
Type 37,torpedo boat,,,31 May 1941,1941
Taihō,CV,,,7 March 1944,1944
Taiyō,CVE,,,2 September 1941,1941
Tannenberg,CM,,,2 September 1939,1939
Magdeburg,CL,,,1925,1925
Tarmo,escort and icebreaker,,,4 January 1908,1908
Tenryu,CL,,,31 May 1919,1919
Wickes,DD,,,26 June 1919,1919
T,DD,,,13 September 1943,1943
Tennessee,BB,,,3 June 1920,1920
Tenryū,CL,,,20 November 1919,1919
Thor,MC,,,15 March 1940,1940
Bismarck,BB,,,25 February 1941,1941
N,DD,,,27 May 1942,1942
Togo,Night fighter direction vessel,,,13 August 1938,1938
Asama,armored cruiser,,,18 May 1899,1899
Tone,CA,,,30 November 1938,1938
Transylvania,armed merchant cruiser,,,5 October 1939,1939
Trento,CA,,,1929,1929
Tromp,light cruiser/flotilla leader,,,18 August 1938,1938
Tsingtau,Supply escort and Schnellboot tender,,,24 September 1934,1934
Fu An,gunship,,,1895,1895
Castle-class corvette,K,,,17 April 1944,1944
Grampus,SS,,,15 August 1938,1938
C,DD,,,5 October 1944,1944
C,CL,,,24 September 1919,1919
Antioquia,DD,,,16 May 1934,1934
C,CL,,,6 March 1917,1917
Tennessee,BB,,,10 August 1921,1921
Nairana,CVE,,,9 February 1944,1944
Cannon,DE,,,26 September 1943,1943
Capitan O'Brien,SS,,,1929,1929
Captor,Q-ship,,,5 March 1942,1942
Carinthia,Armed Merchant Cruiser,,,August 1939,1939
Gleaves,DE,,,28 December 1942,1942
Tribal,DD,,,20 October 1947,1947
Cervantes,DD,,,3 September 1927,1927
Presidente Errazuriz,protected cruiser,,,1902,1902
Clemson,DAM,,,5 September 1919,1919
Chao Ho,C,,,23 October 1911,1911
Avenger,CVE,,,3 March 1942,1942
Avenger,CVE,,,9 April 1943,1943
P,Special Service ship,,,1918,1918
Sangamon,CVE,,,20 June 1941,1941
Svetlana,CL,,,3 October 1913,1913
Chitose,CVL,,,25 July 1938,1938
Cleveland,CL,,,15 June 1942,1942
Clive,SL,,,20 April 1920,1920
River,SS,,,1935,1935
C,DD,,,29 September 1945,1945
A,destroyer leader,,,4 June 1930,1930
Commencement Bay,CVE,,,27 November 1944,1944
D,CL,,,4 October 1944,1944
Cornwallis,SL,,,1921,1921
Coronel,MC,,,13 August 1938,1938
Cuba,SL,,,c.1911,1911
C-class light cruiser,,,,18 February 1918,1918
U,SS,,,2 May 1943,1943
Fletcher,DD,,,14 November 1942,1942
Hunt,DE,,,18 August 1941,1941
Bahia-class light cruiser,,,,1910,1910
Baltimore-class heavy cruiser,,,,15 April 1943,1943
Admiralen class,DD,,,14 November 1930,1930
Gato-class submarine,,,,2 April 1942,1942
Queen Elizabeth,BB,,,19 August 1915,1915
CL,,,,1925,1925
Battle,DD,,,14 September 1944,1944
Bogue,CVE,,,20 February 1943,1943
Giussano-class light cruiser,,,,10 February 1932,1932
Sumner,DD,,,30 December 1943,1943
Béarn,CV,,,May 1927,1927
Town-class cruiser,,,,5 August 1939,1939
Fiji-class cruiser,,,,21 August 1942,1942
Shoreham,SL,,,23 February 1932,1932
Big Horn,Q-ship,,,15 April 1942,1942
Cleveland-class light cruiser,,,,31 August 1943,1943
Southampton-class light cruiser,,,,18 November 1937,1937
Bismarck,BB,,,24 August 1940,1940
Dido-class light cruiser,,,,30 November 1943,1943
C,,,,1893,1893
Admiral Hipper-class heavy cruiser,,,,20 September 1939,1939
Brooklyn-class light cruiser,,,,12 August 1938,1938
Trento class heavy cruiser,,,,1933,1933
Boxer,LST,,,10 April 1943,1943
Brandenburg,CM,,,1 May 1943,1943
Bretagne,BB,,,September 1915,1915
Brummer,CM,,,9 April 1940,1940
Haskell class attack transport,,,,23 January 1945,1945
Buenos Aires,DD,,,4 April 1938,1938
Wicher,DD,,,10 July 1932,1932
Type IA,SS,,,6 April 1936,1936
Type IXC/40,SS,,,24 September 1942,1942
H,training submarine,,,1915,1915
Crown Colony,CL,,,21 October 1944,1944
Unicorn,aircraft maintenance carrier,,,12 March 1943,1943
Taiyō,CVE,,,31 August 1942,1942
Utah,radio controlled target-ship and anti-aircraft training ship,,,31 August 1911,1911
Somers,destroyer leader,,,9 February 1938,1938
Wasp (I),CV,,,25 April 1940,1940
Colorado,BB,,,1 December 1923,1923
Wicher,DD,,,13 July 1930,1930
Wichita,CA,,,16 February 1939,1939
Widder,MC,,,30 November 1939,1939
Willem van der Zaan,CM,,,21 August 1939,1939
Admiralty W,DD,,,15 May 1918,1918
Robert H. Smith,minelayer destroyer,,,28 October 1944,1944
Roberts,BM,,,5 May 1943,1943
Nagara,CL,,,26 May 1925,1925
A,DD,,,11 February 1930,1930
Leander,CL,,,6 October 1933,1933
Birmingham,CL,,,5 August 1922,1922
Deutschland,C,,,6 January 1936,1936
Admiral Hipper,CA,,,25 April 1939,1939
Deutschland,C,,,12 November 1934,1934
Adventure,minelayer cruiser,,,4 November 1916,1916
Agano,CL,,,31 October 1942,1942
Leander,CL,,,3 June 1935,1935
Amagi,CV,,,27 March 1927,1927
Akizuki,DD,,,11 June 1942,1942
Albatross,seaplane carrier,,,29 September 1938,1938
1923 Raubvogel-class torpedo boat,,,,5 May 1927,1927
Condottieri,CL,,,9 June 1931,1931
Alcantara,Armed merchant cruiser,,,1927,1927
Clemson,DD,,,24 November 1919,1919
Algérie,CA,,,15 September 1934,1934
Veinticinco de Mayo,CA,,,18 July 1931,1931
Almirante Lynch,DD,,,January 1914,1914
Almirante Latorre,BB,,,1 August 1920,1920
prototype,DD,,,5 May 1927,1927
Amiral Murgescu,CM,,,14 June 1939,1939
Anacapa,Q-ship,,,31 August 1942,1942
Andrea Doria,BB,,,13 March 1916,1916
King George V,BB,,,22 June 1942,1942
Äran,coastal defence ship,,,7 September 1902,1902
Avenger,CVE,,,17 November 1941,1941
Arcona,Floating anti-aircraft battery,,,18 May 1901,1901
Argus,CV,,,September 1918,1918
Ariguani,fighter catapult ship,,,1940,1940
Wyoming,BB,,,17 September 1912,1912
Ark Royal,CV,,,16 December 1938,1938
PB,,,,,
Flower modified,K,,,19 February 1945,1945
C,DD,,,30 May 1932,1932
Asterion,Q-ship,,,March 1942,1942
Tribal,DD,,,3 February 1943,1943
Atik,Q-ship,,,5 March 1942,1942
Atlantis,MC,,,19 December 1939,1939
Capitani Romani,CL,,,August 1942,1942
Aurora,C,,,29 July 1903,1903
Fubuki,DD,,,30 April 1930,1930
V7,river gunboat,,,1943,1943
Project 1125,river gunboat,,,1943,1943
Väinämöinen,coastal defence ship,,,29 April 1932,1932
Van Kinsbergen,SL,,,24 August 1939,1939
Admiralen,DD,,,12 March 1931,1931
Vedenia,motor torpedo boat,,,1943,1943
Sava,river monitor,,,15 April 1920,1920
G,DD,,,15 February 1939,1939
Illustrious,CV,,,29 May 1941,1941
Vosper,motor torpedo boat,,,1940,1940
New Orleans,CA,,,24 February 1937,1937
Hawkins,repair ship,,,1 October 1918,1918
Kirov,CA,,,20 June 1940,1940
L,SS,,,,
La Argentina,training light cruiser,,,,
Flower,K,,,,
La Galissonnière,CL,,,,
River,FF,,,,
Mendoza,DD,,,,
Flower modified,K,,,,
Benson,DD,,,,
Sumner,DD,,,,
L,DD,,,,
Battle,DD,,,,
Basset,AM,,,,
Ticonderoga,CV,,,,
Wickes,DAM,,,,
Hunt,DD,,,,
Duguay-Trouin,CL,,,,
Mahan,DD,,,,
Benham,DD,,,,
Langley,Seaplane carrier,,,,
Independence,CVL,,,,
Gleaves,DD,,,,
Abdiel,CM,,,,
Captain,FF,,,,
Lawrence,SL,,,,
Town,DD,,,,
Leander,CL,,,,
Leipzig,CL,,,,
Leningrad,DD,,,,
Aetos,DD,,,,
Raubtier,torpedo boat,,,,
Chacal,DD,,,,
Lexington,CV,,,,
Essex,CV,,,,
Libertad,riverine battleship,,,,
Casablanca,CVE,,,,
Littorio,BB,,,,
County,CA,,,,
Long Island,CVE,,,,
Bretagne,BB,,,,
Baltimore,CA,,,,
Lothringen,CM,,,,
Northampton,CA,,,,
Condottieri,CL,,,,
Farragut,DD,,,,
Rapana,merchant aircraft carrier,,,,
Bathurst,K,,,,
M,DD,,,,
El Mahrousa,yacht,,,,
Queen Elizabeth,BB,,,,
Tribal,DD,,,,
Pegasus,fighter catapult ship,,,,
Omaha,CL,,,,
Marcílio Dias,DD,,,,
Marcilio Dias,DD,,,,
Cannon,DE,,,,
La Galissonniere,CL,,,,
Marsuinul,SS,,,,
Colorado,BB,,,,
Evarts,DE,,,,
South Dakota,BB,,,,
Maunder,Special Service Ship,,,,
Fiji,CL,,,,
Gridley,DD,,,,
Maxim Gorkiy (Project 26 bis),CA,,,,
Takao,CA,,,,
Porter,DD,,,,
Medway,submarine tender,,,,
Hunt,DE,,,,
Fletcher,DD,,,,
Cleveland,CL,,,,
Michel,MC,,,,
Mogami,CA,,,,
Minas Geraes,dreadnought,,,,
New Orleans,CA,,,,
Maracaibo,LST,,,,
New Mexico,BB,,,,
Iowa,BB,,,,
Monowai,armed merchant cruiser,,,,
Montclare,submarine tender,,,,
Admiralty,flotilla leader,,,,
Körös,river monitor,,,,
Rivadavia,dreadnought,,,,
Sims,DD,,,,
Raubvogel,torpedo boat,,,,
Bagley,DD,,,,
Shiratsuyu,DD,,,,
Yamato,BB,,,,
Nagato,dreadnought,,,,
Montecuccoli,CL,,,,
V,DD,,,,
Myōkō,CA,,,,
Type 1934,DD,,,,
Type 1934A,DD,,,,
Type 1936,DD,,,,
Type 1936A,DD,,,,
Type 1936A Mob,DD,,,,
Z,DD,,,,
Zara,CA,,,,
Zuihō,CV,,,,
Shōkaku,CV,,,,
Archimede,SS,,,,
X,SS,,,,
Xanthus,repair ship,,,,
XE,SS,,,,
Artemis,attack cargo ship,,,,
XT,training submarine,,,,
Atlanta,CL,,,,
O,minelayer destroyer,,,,
Odin,SS,,,,
Colossus,CV,,,,
O,DD,,,,
Kuma,CL,,,,
Okinoshima,CM,,,,
Nevada,BB,,,,
Gangut,BB,,,,
Oldenburg,CM,,,,
Minotaur,CL,,,,
Orion,MC,,,,
Orzeł,SS,,,,
C,DD,,,,
Bourrasque,DD,,,,
Ōyodo,CL,,,,
Ruler,CVE,,,,
Nairana,CVE,,,,
Najaden,torpedo boat,,,,
Sendai,CL,,,,
N,DD,,,,
Brooklyn,CL,,,,
Bogue,CVE,,,,
Akizuki,DD,,,,
Nelson,BB,,,,
New York,BB,,,,
Niedersachsen,CM,,,,
Niels Juel,coastal defence ship,,,,
Holland,anti-aircraft cruiser,,,,
Holland,C,,,,
Eidsvold,coastal defence ship,,,,
North Carolina,BB,,,,
Nürnberg,CL,,,,
Tordenskjold,coastal defence ship,,,,
Novik,DD,,,,
Yakumo,armored cruiser,,,,
Fusō,dreadnought,,,,
Yorktown,CV,,,,
Yubari,CL,,,,
Kagero,DD,,,,
BYMS,AM,,,,
J,DD,,,,
Tromp,C,,,,
Java,C,,,,
Courbet,dreadnought,,,,
Jeanne d'Arc,CL,,,,
Armed Merchant Cruiser,,,,,
Johan Maurits van Nassau,GB,,,,
Somers,DD,,,,
Hiyō,CV,,,,
Kaga,CV,,,,
Furutaka,CA,,,,
Kaiyō,CV,,,,
K,DD,,,,
K,CL,,,,
Katori,CL,,,,
Unryū,CV,,,,
B,DD,,,,
W,DD,,,,
Mississippi,BB,,,,
King George V,BB,,,,
Aoba,CA,,,,
Kirov (Project 26),CA,,,,
Komet,MC,,,,
Kormoran,MC,,,,
Admiralen,DD,,,,
Kountouriotis,DD,,,,
Krasnoye Znamya,GB,,,,
Kraznyi Kavkaz,C,,,,
Krasnyi Krym,C,,,,
Commencement Bay,CVE,,,,
Type J1,cruiser submarine,,,,
Type J1 Modified,submarine aircraft carrier,,,,
Type J2,submarine aircraft carrier,,,,
Type J3,submarine aircraft carrier,,,,
Type A1,submarine aircraft carrier,,,,
Type A2,SS,,,,
Type A3,submarine aircraft carrier,,,,
Type B1,submarine aircraft carrier,,,,
Type C1,midget submarine-carrying submarine,,,,
Type B2,SS,,,,
Type C2,SS,,,,
Type C3,transport submarine,,,,
Type C3,SS,,,,
Type B3,submarine aircraft carrier,,,,
KD3 type,cruiser submarine,,,,
KD4 type,cruiser submarine,,,,
KD6 type,cruiser submarine,,,,
Kiraisen type,minelayer submarine,,,,
KD2 type,training submarine,,,,
KD3A type,SS,,,,
KD3B type,SS,,,,
KD4 type,SS,,,,
KD5 type,SS,,,,
KD7 type,cruiser submarine,,,,
Sentaka type,SS,,,,
Senho type,submarine tanker,,,,
Type D1,transport submarine/kaiten carrier,,,,
Type D1,transport submarine,,,,
Type D2,transport/tanker submarine,,,,
Sentoku type,submarine aircraft carrier,,,,
Sentoku type,submarine tanker,,,,
Type IXD2,SS,,,,
Marcello-class,SS,,,,
Marconi-class,SS,,,,
Type X,minelayer submarine,,,,
Type IXD1,SS,,,,
I,minelayer destroyer,,,,
Illustrious,CV,,,,
Väinämöinen,coastal defence ship,,,,
Implacable,CV,,,,
Portland,CA,,,,
Grimsby,SL,,,,
Ingolf,PB,,,,
Irene Forsyte,Q-ship,,,,
Gerard Callenburgh,DD,,,,
Ise,dreadnought,,,,
Izumo,armored cruiser,,,,
H,SS,,,,
Ha-101,transport submarine,,,,
Ha-201,SS,,,,
Myoko,CA,,,,
Hansa,MC,,,,
Gato,SS,,,,
H,DD,,,,
Havant,DD,,,,
St. Louis,CL,,,,
Hermes,CV,,,,
Folkestone,SL,,,,
Sōryū,CV,,,,
modified Leander,CL,,,,
Admiral,battlecruiser,,,,
Hōshō,CV,,,,
Huáscar,ironclad,,,,
Humaytá,SS,,,,
Ise,BB,,,,
Eagle,CV,22600,ENG,26 February 1924,1924
E,DD,1405,Royal Navy  Hellenic Navy,22 October 1934,1934
Edgehill,Special Service Ship,4702,ENG,,
Town,CL,11500,ENG,6 July 1939,1939
Hawkins,CA,9750,ENG,2 July 1925,1925
Eidsvold,coastal defence ship,4233,Royal Norwegian Navy,1 March 1901,1901
El Amir Farouq,patrol vessel,1441,Egyptian Navy,1936,1936
Mount McKinley,amphibious command ship,7350,USA,25 August 1944,1944
Chao Ho,protected cruiser,2115,Hellenic Navy,November 1913,1913
Duca d'Aosta,CL,8450,Regia Marina,13 July 1935,1935
Emden,CL,5600,GER,October 1925,1925
Emerald,CL,7580,ENG,14 January 1926,1926
Émile Bertin,CL,5886,French Navy  Free French Naval Forces,28 January 1935,1935
Empire,merchant aircraft carrier,14250,ENG,29 September 1942,1942
Empire,merchant aircraft carrier,11000,ENG,20 June 1941,1941
Empire,merchant aircraft carrier,8000,ENG,14 April 1943,1943
Empire,merchant aircraft carrier,9000,ENG,November 1943,1943
Empire,merchant aircraft carrier,8000,ENG,31 March 1944,1944
Ruler,CVE,7800,ENG,9 August 1943,1943
Buckley,DE,1400,USA,10 December 1943,1943
Yorktown,CV,25100,USA,12 May 1938,1938
Erebus,BM,8000,ENG,2 September 1916,1916
Hunt,DE,1050,ENG,28 February 1941,1941
Eritrea,SL,2200,Regia Marina,1937,1937
Hunt,DE,1050,Royal Norwegian Navy,31 July 1942,1942
Essex,CV,30800,USA,31 December 1942,1942
Duca d'Aosta,CL,8750,Regia Marina,16 January 1936,1936
Admiralen,DD,1337,Netherlands,12 April 1928,1928
York,CA,8390,ENG,23 July 1931,1931
Explorer,survey ship,1800,United States Coast and Geodetic Survey,Spring 1940,1940
E,DD,1405,Royal Navy  Royal Canadian Navy,29 May 1934,1934
R,DD,1705.0,ENG,1942,1942
Montecuccoli,CL,3184.0,Regia Marina,1935,1935
Rainbow,SS,2060.0,ENG,18 January 1932,1932
Ruler,CVE,11400.0,ENG,17 January 1944,1944
Rajputana,armed merchant cruiser,16568.0,ENG,December 1939,1939
Omaha,CL,7050.0,USA,6 February 1924,1924
Bagley,DD,1500.0,USA,14 October 1937,1937
Ramb I,Armed merchant cruiser,3667.0,Regia Marina,10 June 1940,1940
Ramb II,Armed merchant cruiser,3667.0,Regia Marina,10 June 1940,1940
Ramb III,Armed merchant cruiser,3667.0,Regia Marina,10 June 1940,1940
Revenge,BB,29150.0,ENG,1 September 1917,1917
Basset,AM,529.0,Royal Indian Navy,1941–1944,1941
Wickes,minelayer destroyer,1090.0,USA,15 February 1919,1919
Essex,CV,27100.0,USA,29 June 1944,1944
Ruler,CVE,7800.0,ENG,2 June 1943,1943
Ranger,CV,14500.0,USA,4 June 1934,1934
Rapana,merchant aircraft carrier,16000.0,ENG,July 1943,1943
R,DD,1705.0,ENG,20 February 1943,1943
Ruler,CVE,14630.0,ENG,25 April 1943,1943
Rawalpindi,Armed merchant cruiser,16697.0,ENG,1 October 1939,1939
Gnevny,DD,1695.0,Soviet Navy,November 1941,1941
Ruler,CVE,7800.0,ENG,21 February 1944,1944
Rechinul,SS,585.0,Royal Romanian Navy,9 May 1943,1943
Captain,FF,1300.0,ENG,30 November 1943,1943
Rainbow,SS,2060.0,ENG,11 November 1930,1930
Flower,K,925.0,Royal Canadian Navy,22 January 1942,1942
Mahan,DD,1450.0,USA,2 November 1936,1936
Flower,K,925.0,Free French Naval Forces,28 July 1941,1941
Renown,battlecruiser,32000.0,ENG,20 September 1916,1916
Revenge,BB,29150.0,ENG,7 December 1916,1916
Clemson,DD,1200.0,USA,24 September 1920,1920
Benham,DD,1500.0,USA,10 November 1939,1939
River,FF,1445.0,Royal Navy  Royal Canadian Navy,1944,1944
Richelieu,BB,35000.0,French Navy  Free French Naval Forces,15 July 1940,1940
Town,DD,1060.0,Royal Navy  Royal Canadian Navy  Soviet Navy,26 November 1940,1940
Bahia,CL,3100.0,Brazilian Navy,1910,1910
Serrano,DD,1090.0,CHL,,
Rivadavia,dreadnought,27720.0,Argentine Navy,27 August 1914,1914
Kaichū V type,training submarine,1030.0,JPN,10 May 1927,1927
Kaichū VI type,SS,1200.0,JPN,7 October 1935,1935
Kaichū VI type,SS,1200.0,JPN,31 May 1937,1937
Kaichū VII type,SS,1447.0,JPN,25 March 1943,1943
Kaichū VII type,SS,1447.0,JPN,11 January 1944,1944
Type L3,training submarine,1102.7,JPN,30 July 1922,1922
Type L3,training submarine,1102.7,JPN,20 March 1923,1923
Type L4,SS,1301.0,JPN,17 September 1923,1923
Type L4,SS,1301.0,JPN,9 February 1924,1924
Type L4,SS,1301.0,JPN,30 April 1925,1925
Type L4,SS,1301.0,JPN,30 June 1926,1926
Type L4,SS,1301.0,JPN,28 July 1927,1927
Ko type,coastal submarine,782.0,JPN,23 September 1942,1942
Ko type,coastal submarine,782.0,JPN,25 February 1943,1943
Ko type,coastal submarine,782.0,JPN,21 January 1944,1944
Type IXC,SS,1213.0,JPN,16 September 1943,1943
Type IXC/40,SS,1237.0,JPN,15 February 1944,1944
Roberts,BM,8000.0,ENG,27 October 1941,1941
Gleaves,DD,1630.0,USA,29 April 1942,1942
Nelson,BB,34000.0,ENG,10 November 1927,1927
Littorio,BB,41000.0,Regia Marina,14 June 1942,1942
Rosario,GB,1055.0,Argentine Navy,1909,1909
Flower,K,925.0,Royal Norwegian Navy,31 October 1941,1941
Flower modified,K,1015.0,ENG,28 July 1943,1943
Flower,K,925.0,FRA,19 September 1941,1941
Rainbow,SS,2060.0,ENG,29 January 1931,1931
Revenge,BB,29150.0,Royal Navy  Soviet Navy,1 February 1916,1916
H,SS,441.0,CHL,1917,1917
Ruler,CVE,15390.0,ENG,22 December 1943,1943
Sims,DD,1570.0,USA,3 November 1939,1939
Ryūhō,CVL,13360.0,JPN,31 March 1934,1934
Ryūjō,CVL,10600.0,JPN,9 May 1933,1933
S,SS,814,ENG,14 March 1942,1942
A,DD,1337,Royal Canadian Navy,21 May 1931,1931
Battle,DD,2325,ENG,27 September 1946[5],1946
Matsu,DD,1262,JPN,25 November 1944,1944
Town,DD,1190,Royal Navy  Royal Canadian Navy,5 December 1940,1940
S,SS,670,ENG,8 March 1935,1935
Pensacola,CA,9100,USA,11 December 1929,1929
Somers,DD,1850,USA,19 August 1938,1938
Butler,DE,1370,USA,28 April 1944,1944
San Giorgio,CA,10167,Regia Marina,1 July 1910,1910
Buenos Aires,DD,1375,Argentine Navy,23 March 1938,1938
Sangamon,CVE,24275,USA,25 August 1942,1942
Minas Geraes,BB,19200,Brazilian Navy,12 July 1910,1910
S,SS,814,ENG,8 February 1943,1943
S,DD,1710,ENG,1 July 1943,1943
Temes,river monitor,440,Royal Yugoslav Navy,15 April 1920,1920
Scharnhorst,BB,32000,GER,7 January 1939,1939
Deutschland,BB,14218,GER,5 May 1908,1908
Capitani Romani,light cruiser (also known as exploratori oceanici),3750,Regia Marina,September 1942,1942
Dido,anti-aircraft cruiser,5600,ENG,12 June 1942,1942
S,SS,670,ENG,16 March 1934,1934
Ruler,CVE,14400,ENG,3 April 1943,1943
S,SS,670,ENG,12 March 1936,1936
Clemson,DD,1250,USA,21 February 1920,1920
Sendai,CL,5195,JPN,29 April 1924,1924
Serrano,DD,1090,CHL,1928,1928
Enlarged Admiral Hipper,CA,14680,GER,not completed,
Orzeł,SS,1100,Polish Navy,16 April 1939,1939
Essex,CV,30800,USA,15 September 1944,1944
Shinano,CV,64800,JPN,19 November 1944,1944
Shin'yō,CV,17500,JPN,15 November 1943,1943
Shōkaku,CV,25675,JPN,8 August 1941,1941
V,DD,1710,Royal Canadian Navy,14 September 1943,1943
Sirène,SS,599,FRA,12 March 1927,1927
Skagerak,CM,1281,GER,1940,1940
A,DD,1350,Royal Canadian Navy,10 June 1931,1931
Hunt,DD,1050,Polish Navy,9 May 1942,1942
Ruler,CVE,8333,ENG,11 August 1943,1943
Ruler,CVE,7800,ENG,20 January 1944,1944
Flower,K,925,Royal Canadian Navy,26 November 1940,1940
Flores,GB,1457,Royal Netherlands Navy,12 April 1926,1926
De Zeven Provinciën,coastal defence ship,6530,Royal Netherlands Navy  Imperial Japanese Navy,6 October 1910,1910
Anchusa,SL,1290,Egypt,1920,1920
Cannon,DD,1240,Free French Naval Forces,9 April 1944,1944
Somers,DD,1850,USA,1 December 1937,1937
Sōryū,CV,15900,JPN,29 January 1937,1937
Southampton,CL,9100,ENG,6 March 1937,1937
Hunt,DD,1050,ENG,8 November 1940,1940
Pegasus,fighter catapult ship,5155,ENG,1940,1940
Cleveland,CL,10160,USA,9 September 1944,1944
Thonburi,coastal defence ship,2350,Royal Thai Navy,19 July 1938,1938
Town,DD,1190,Royal Navy  Royal Norwegian Navy  Soviet Navy,23 September 1940,1940
Clemson,DD,1190,Royal Canadian Navy,24 September 1940,1940
Clemson,DD,1216,Royal Canadian Navy,24 September 1940,1940
C,DD,1375,Royal Canadian Navy,17 February 1937,1937
Attacker,CVE,14400,ENG,21 December 1942,1942
S,SS,670,ENG,6 April 1938,1938
Hunt,DD,1050,ENG,18 March 1943,1943
Clemson,DD,1200,United States Navy  Imperial Japanese Navy,15 September 1920,1920
Stier,MC,11000,GER,25 November 1939,1939
S,DD,2400,Royal Norwegian Navy,29 September 1943,1943
Dunkerque,BB,26500,FRA,February 1939,1939
Attacker,CVE,10000,ENG,29 April 1943,1943
River,FF,1370,Royal Navy  Free French Naval Forces,,
Suffren,CA,9940,French Navy  Free French Naval Forces,1 January 1930,1930
Java,CL,6670,Royal Netherlands Navy,26 May 1926,1926
S,SS,670,ENG,2 July 1937,1937
Mogami,CA,15900,JPN,October 1937,1937
S,DD,1710,Royal Norwegian Navy,11 March 1944,1944
Sverige,coastal defence ship,6852,Swedish Navy,14 May 1917,1917
Loch,FF,1370,Royal Navy  South African Navy,,
modified Leander,CL,6980,Royal Australian Navy,24 September 1935,1935
Clemson,DD,1200,USA,6 January 1920,1920
Edsall,DE,1250,USA,17 February 1944,1944
Fletcher,DD,2050,USA,24 October 1942,1942
Buckley,DE,1400,USA,29 June 1944,1944
Rudderow,DE,1450,USA,28 April 1944,1944
Attacker,CVE,8200,ENG,2 July 1942,1942
Danae,C,4850,ENG,10 April 1918,1918
Cleveland,CL,11800,USA,7 January 1945,1945
Clemson,DD,1200,USA,August 1922,1922
Buckley,DE,1140,United States Navy  Republic of China Navy,3 May 1943,1943
D,DD,1375,Royal Navy  Royal Canadian Navy,4 April 1933,1933
Evarts,DE,1140,USA,29 July 1943,1943
Allen M. Sumner,DD,2200,USA,31 March 1944,1944
Danae,C,4850,ENG,June 1919,1919
Rudderow,DE,1450,USA,31 December 1943,1943
John C. Butler,DE,1350,USA,20 March 1944,1944
Gearing,DD,2250,USA,2 March 1945,1945
Wickes,DD,1150,USA,9 September 1918,1918
De Ruyter,C,7822,Netherlands,3 October 1936,1936
Danae,C,4850,ENG,2 June 1922,1922
Omaha,CL,7050,USA,31 July 1923,1923
Deutschland,CA,12100,GER,1 April 1933,1933
County,C,9750,ENG,18 March 1929,1929
Farragut,DD,1365,USA,14 October 1934,1934
D,DD,1375,Royal Navy  Royal Canadian Navy,21 December 1932,1932
Wickes,DD,1150,USA,3 September 1919,1919
Flower modified,K,1015,Royal Navy  United States Navy,7 March 1943,1943
Admiralty,destroyer flotilla leader,1610,ENG,2 September 1918,1918
Evarts,DE,1250,USA,29 July 1943,1943
Mahan,DD,1450,USA,15 January 1937,1937
Drache,CM,1870,GER,17 April 1941,1941
Danae,C,4850,Royal Navy  Polish Navy,August 1918,1918
Enns,river monitor,536,Royal Yugoslav Navy,15 April 1920,1920
Drazki,torpedo boat,97,Bulgarian Navy,1907,1907
Dristigheten,seaplane carrier,3445,Swedish Navy,5 September 1901,1901
Sverige,coastal defence ship,7125,Swedish Navy,12 March 1921,1921
Gato,SS,"1,525 surfaced",United States,1 November 1941,1941
Dubrovnik,DD,1210,Royal Yugoslav Navy,August 1939,1939
Duguay-Trouin,CL,7250,French Navy  Free French Naval Forces,2 November 1926,1926
Andrea Doria,BB,25920,Regia Marina,1915,1915
Cleveland,CL,11800,USA,18 September 1944,1944
Hunt,DE,1000,ENG,September 1941,1941
Shoreham,SL,1060,ENG,31 March 1933,1933
Dunkerque,BB,26500,FRA,15 April 1937,1937
Dunvegan Castle,Armed merchant cruiser,15007,ENG,7 September 1939,1939
Suffren,CA,10000,FRA,7 July 1932,1932
Duquesne,CA,10000,French Navy  Free French Naval Forces,6 December 1928,1928
Danae,C,4850,ENG,1 November 1921,1921
Attacker,CVE,14400,ENG,20 February 1943,1943
Flower,K,925,Royal Navy  Royal Canadian Navy,16 January 1941,1941
Fidelity,Special Service Ship,2456,ENG,24 September 1940,1940
Fletcher,DD,2100,USA,30 June 1942,1942
Atlanta,CL,6000,USA,31 August 1944,1944
Suffren,CA,10000,FRA,15 August 1931,1931
Folkestone,SL,1045,ENG,25 June 1940,1940
F,DD,1405,Royal Navy  Royal Canadian Navy,27 April 1935,1935
V,DD,1405,Royal Navy  Royal Canadian Navy,6 June 1935,1935
Edsall,DE,1200,USA,14 July 1943,1943
H,SS,441,CHL,1917,1917
Fridtjof Nansen,patrol ship,1575,Royal Norwegian Navy,29 May 1931,1931
Hawkins,CA,9750,ENG,20 September 1924,1924
Fu An,GB,1900,Republic of China Navy,,
Fubuki,DD,1750,JPN,10 August 1928,1928
Yūgumo,DD,2520,JPN,31 July 1943,1943
Mutsuki,DD,1315,JPN,3 July 1926,1926
Glorious,CV,22400,ENG,14 October 1917,1917
Furutaka,CA,9150,JPN,31 March 1926,1926
F,DD,1405,ENG,10 September 1934,1934
Fusō,dreadnought,34700,JPN,18 November 1915,1915
Akizuki,DD,2700,JPN,30 April 1944,1944
Q,DD,1692,ENG,26 November 1942,1942
Q,DD,1692,ENG,7 January 1943,1943
Queen Elizabeth,BB,31000,ENG,22 December 1914,1914
New Orleans,CA,9375,USA,9 June 1936,1936
Baltimore,CA,13600,USA,December 1943,1943
P,DD,1690,ENG,4 February 1942,1942
P,DD,1690,ENG,December 1941,1941
Parthian,SS,2070,ENG,30 June 1930,1930
Rosario,GB,1055,Argentine Navy,1909,1909
Courbet,dreadnought,23475,French Navy  Royal Navy,5 June 1913,1913
P,SL,623,Royal Indian Navy,5 August 1921,1921
Patia,fighter catapult ship,5355,ENG,1940,1940
Patria,GB,1200,Cuba,,
Patroclus,armed merchant cruiser,11314,ENG,12 September 1939,1939
Herluf Trolle,coastal defence ship,3494,Royal Danish Navy,,
Pegasus,fighter catapult ship,7080,ENG,10 December 1914,1914
Pennsylvania,BB,33000,USA,12 June 1916,1916
Pensacola,CA,9100,USA,6 February 1930,1930
Flower,K,925,Royal Navy } United States Navy,8 April 1940,1940
Colossus,aircraft maintenance carrier,13200,ENG,16 December 1944,1944
modified Leander,CL,6980,Royal Australian Navy,29 June 1939 (former HMS Amphion),1939
Admiral Hipper,CA,14680,Soviet Navy,,
Brooklyn,CL,10200,USA,23 September 1937,1937
Brooklyn,CL,10200,USA,3 October 1938,1938
Parthian,SS,2070,ENG,3 February 1931,1931
Admiralen,DD,1337,Royal Netherlands Navy,25 January 1929,1929
Ping Hai,CL,2200,Republic of China Navy,1936,1936
Pinguin,Auxiliary cruiser,17600,GER,6 February 1940,1940
Colossus,aircraft maintenance carrier,13200,ENG,8 February 1945,1945
N,DD,1690,Polish Navy,4 November 1940,1940
Baltimore,CA,17200,USA,10 October 1944,1944
Pluton,minelayer light cruiser,4773,FRA,10 April 1931,1931
Zara,CA,11730,Regia Marina,1932,1932
Capitani Romani,light cruiser (also known as exploratori oceanici),3750,Regia Marina,,
Portland,CA,9950,USA,23 February 1933,1933
Flower,K,925,Royal Navy  Royal Norwegian Navy,16 January 1942,1942
Pretoria Castle,armed merchant cruiser,23450,ENG,28 November 1939,1939
Prince David,armed merchant cruiser,5736,Royal Canadian Navy,28 December 1940,1940
Prince Henry,armed merchant cruiser,6893,Royal Canadian Navy,3 November 1940,1940
King George V,BB,35000,ENG,31 March 1941,1941
Prince Robert,armed merchant cruiser,6892,Royal Canadian Navy,December 1940,1940
Prins van Oranje,CM,1291,Royal Netherlands Navy,2 February 1932,1932
enlarged Admiral Hipper,CA,14680,GER,1 August 1940,1940
Bretagne,BB,22200,FRA,1 March 1916,1916
Prunella,Special Service Ship,4443,ENG,,
Hunt,DD,1000,ENG,,
Ruler,CVE,11400,Royal Navy  Royal Canadian Navy,5 February 1944,1944
Attacker,CVE,11400,ENG,14 June 1943,1943
Rapana,merchant aircraft carrier,8000,Netherlands,1944,1944
G,DD,1335,ENG,25 February 1936,1936
Fiji,CL,8000,Royal Navy  Royal New Zealand Navy,21 February 1942,1942
Wickes,minelayer destroyer,1090,USA,29 November 1918,1918
G,DD,1335,Royal Navy  Polish Navy,3 March 1936,1936
Gato,SS,"1,525 surfaced",USA,31 December 1941,1941
Giuseppe Garibaldi,armored cruiser,6100,Argentine Navy,c.1896,1896
Giuseppe Garibaldi,armored cruiser,6100,Argentine Navy,1897,1897
La Galissonnière,CL,7600,French Navy  Free French Naval Forces,15 November 1937,1937
Town,DD,1200,Royal Navy  Royal Canadian Navy  Soviet Navy,23 September 1940,1940
Pisa,armored cruiser,9450,Hellenic Navy,16 May 1911,1911
Giussano,CL,5200,Regia Marina,10 February 1932,1932
G,DD,1350,ENG,22 February 1936,1936
Conte di Cavour,dreadnought,26140,Regia Marina,10 May 1914,1914
Duca degli Abruzzi,CL,9195,Regia Marina,1937,1937
Giuseppe Miraglia,seaplane tender,4965,Regia Marina,1927,1927
Glorious,CV,22500,ENG,20 April 1916,1916
Colossus,CV,13200,ENG,2 April 1945,1945
Town,CL,9400,ENG,31 January 1939,1939
Scharnhorst,BB,32000,GER,21 May 1938,1938
Loch,FF,1435,South African Navy,1 December 1944,1944
Captain,FF,1150,ENG,4 October 1943,1943
Zara,CA,11900,Regia Marina,1931,1931
Graf Zeppelin,CV,23200,GER,,
Type VIIC,SS,769,Kriegsmarine  Royal Navy,launched 15 April 1941,1941
U,DD,1777,ENG,27 May 1943,1943
Gridley,DD,1590,USA,24 June 1937,1937
G,DD,1350,Royal Navy  Royal Canadian Navy,6 June 1936,1936
Grom,DD,1975,Polish Navy,11 May 1937,1937
Gryf,CM,2085,Polish Navy,27 February 1938,1938
Alaska,"battlecruiser (""large cruiser"")",27500,USA,17 September 1944,1944
Sverige,coastal defence ship,7125,Swedish Navy,12 December 1922,1922
Type 37,torpedo boat,1098,GER,31 May 1941,1941
Type 37,torpedo boat,1098,GER,5 June 1942,1942
Taihō,CV,29300,JPN,7 March 1944,1944
Taiyō,CVE,18116,JPN,2 September 1941,1941
Takao,CA,13160,JPN,31 May 1932,1932
Flower,K,925,Royal Navy  Hellenic Navy,November 1943,1943
Tannenberg,CM,1098,GER,2 September 1939,1939
Äran,coastal defence ship,3650,Swedish Navy,April 1903,1903
Magdeburg,CL,3184,Regia Marina,1925,1925
Tarmo,escort and icebreaker,2300,Finland,4 January 1908,1908
Tenryu,CL,4350,JPN,31 May 1919,1919
Wickes,DD,1060,USA,26 June 1919,1919
T,DD,1710,ENG,13 September 1943,1943
Tennessee,BB,33190,USA,3 June 1920,1920
Tenryū,CL,4350,JPN,20 November 1919,1919
T,DD,1710,ENG,20 January 1944,1944
Akizuki,DD,2700,JPN,11 June 1942,1942
River,FF,1370,Royal Navy  South African Navy,30 January 1943,1943
Thonburi,coastal defence ship,2265,Royal Thai Navy,31 January 1938,1938
Thor,MC,9200,GER,15 March 1940,1940
Bismarck,BB,42900,GER,25 February 1941,1941
N,DD,1760,Royal Netherlands Navy,27 May 1942,1942
Togo,Night fighter direction vessel,12700,GER,13 August 1938,1938
Asama,armored cruiser,9700,JPN,18 May 1899,1899
Tone,CA,15200,JPN,30 November 1938,1938
Transylvania,armed merchant cruiser,16923,ENG,5 October 1939,1939
Trento,CA,10511,Regia Marina,1929,1929
Trento,CA,10511,Regia Marina,1928,1928
Tromp,light cruiser/flotilla leader,3455,Royal Netherlands Navy,18 August 1938,1938
Atlanta,CL,6000,USA,3 February 1945,1945
Tsingtau,Supply escort and Schnellboot tender,2490,GER,24 September 1934,1934
Fu An,gunship,1900,Republic of China Navy,1895,1895
Castle-class corvette,K,1010,Royal Norwegian Navy,17 April 1944,1944
Grampus,SS,1810,ENG,15 August 1938,1938
C,DD,1710,ENG,5 October 1944,1944
C,CL,4200,ENG,24 September 1919,1919
Edsall,DE,1250,USA,17 November 1943,1943
Antioquia,DD,1219,Colombian National Navy,16 May 1934,1934
C,CL,4180,ENG,6 March 1917,1917
Tennessee,BB,32600,USA,10 August 1921,1921
Nairana,CVE,13000,ENG,9 February 1944,1944
County,CA,9850,Royal Australian Navy,10 July 1928,1928
Baltimore,CA,17200,USA,14 October 1943,1943
Cannon,DE,1240,United States Navy  Brazilian Navy,26 September 1943,1943
Casablanca,CVE,10400,USA,9 April 1944,1944
C,CL,4200,ENG,10 April 1922,1922
Capitan O'Brien,SS,2020,CHL,1929,1929
Captor,Q-ship,319,USA,5 March 1942,1942
Bogue,CVE,9800,USA,8 November 1942,1942
C,CL,4290,ENG,25 June 1917,1917
Carinthia,Armed Merchant Cruiser,20277,ENG,August 1939,1939
C,CL,4200,ENG,11 November 1918,1918
Gleaves,DE,1630,USA,28 December 1942,1942
Flower,K,925,Royal Navy  Royal Netherlands Navy,22 February 1941[6],1941
Cannon,DE,1240,USA,24 October 1943,1943
Cannon,DE,1240,USA,3 May 1944,1944
C,DD,1710,ENG,20 February 1945,1945
Catamarca,DD,1010,Argentine Navy,ca.1912,1912
Gato,SS,"1,525 surfaced",USA,29 February 1944,1944
Tribal,DD,1850,Royal Canadian Navy,20 October 1947,1947
Butler,DE,1350,USA,16 October 1944,1944
Cervantes,DD,1522,Argentine Navy,3 September 1927,1927
Presidente Errazuriz,protected cruiser,4500,CHL,1902,1902
Clemson,DAM,1200,USA,5 September 1919,1919
Chao Ho,C,2750,Republic of China Navy,23 October 1911,1911
Avenger,CVE,8200,USA,3 March 1942,1942
Flower modified,K,1015,Royal Navy  Royal Indian Navy,March 1944,1944
Flower modified,K,1015,Royal Canadian Navy,13 December 1941,1941
Avenger,CVE,11400,ENG,9 April 1943,1943
P,Special Service ship,610,ENG,1918,1918
Town,DD,1190,Royal Navy  Royal Canadian Navy  Soviet Navy,9 September 1940,1940
Sangamon,CVE,11400,USA,20 June 1941,1941
Svetlana,CL,7600,Soviet Navy,3 October 1913,1913
Wickes,DD,1190,USA,12 December 1918,1918
C,DD,1710,ENG,7 March 1946,1946
Tone,CA,15200,JPN,30 May 1939,1939
Chitose,CVL,11190,JPN,25 July 1938,1938
Town,DD,1190,Royal Navy  Soviet Navy,9 September 1940,1940
Takao,CA,15781,JPN,1932,1932
Taiyō,CVE,18116,JPN,25 November 1942,1942
Clemson,DD,1250,USA,29 December 1919,1919
Cleveland,CL,10000,USA,15 June 1942,1942
Clive,SL,2083,Royal Indian Navy,20 April 1920,1920
River,SS,2206,ENG,1935,1935
C,DD,1885,ENG,29 September 1945,1945
A,destroyer leader,1350,ENG,4 June 1930,1930
Wickes,DD,1190,USA,19 June 1919,1919
Wickes,DD,1060,USA,13 June 1918,1918
Fletcher,DD,2050,USA,8 July 1944,1944
Colossus,CV,13200,ENG,16 December 1944,1944
Town,DD,1060,Royal Canadian Navy,24 September 1940,1940
Hunt,DE,1050,Free French Naval Forces,30 December 1942,1942
Flower,K,925,Free French Naval Forces,23 May 1942,1942
Commencement Bay,CVE,11373,USA,27 November 1944,1944
D,CL,4850,Royal Navy  Polish Navy,4 October 1944,1944
Conte di Cavour,dreadnought,26140,Regia Marina,1915,1915
Casablanca,CVE,9600,USA,27 August 1943,1943
Cornwallis,SL,1290,Royal Indian Navy,1921,1921
Coronel,MC,12700,GER,13 August 1938,1938
Casablanca,CVE,10400,USA,31 August 1943,1943
Courbet,dreadnought,23200,French Navy  Free French Naval Forces,November 1913,1913
C,CL,4290,ENG,21 February 1918,1918
C,DD,1900,Royal Canadian Navy,21 August 1945,1945
Bogue,CVE,9800,USA,28 April 1943,1943
Butler,DE,1350,USA,8 January 1945,1945
Cuba,SL,2055,Cuba,c.1911,1911
C-class light cruiser,,4290,ENG,18 February 1918,1918
U,SS,540,Royal Navy  Free French Naval Forces,2 May 1943,1943
Cyprus,Special Service Ship,4398,ENG,,
Wickes,DD,1190.0,USA,24 October 1919,1919
Maracaibo,LST,4193.0,ENG,August 1941,1941
Fletcher,DD,2050.0,USA,14 November 1942,1942
Hunt,DE,1050.0,Royal Navy  Royal Norwegian Navy,18 August 1941,1941
Bahia-class light cruiser,,3100.0,Brazilian Navy,1910,1910
Benson,DD,1620.0,USA,11 May 1942,1942
Clemson,DD,1200.0,USA,9 February 1921,1921
Commencement Bay,CVE,10200.0,USA,16 July 1945,1945
Cannon,DE,1240.0,USA,23 December 1943,1943
Porter,DD,1850.0,USA,20 October 1936,1936
Gleaves,DD,1630.0,USA,30 April 1943,1943
Baltimore-class heavy cruiser,,17200.0,USA,15 April 1943,1943
Admiralen class,DD,1337.0,Royal Netherlands Navy,14 November 1930,1930
Gato-class submarine,,2460.0,USA,2 April 1942,1942
Buckley,DE,1400.0,USA,10 October 1943,1943
Queen Elizabeth,BB,31000.0,ENG,19 August 1915,1915
CL,,3284.0,Regia Marina,1925,1925
Battle,DD,2325.0,ENG,14 September 1944,1944
Clemson,DD,1200.0,USA,17 December 1919,1919
Bogue,CVE,11400.0,USA,20 February 1943,1943
Basset,AM,529.0,Royal Indian Navy,December 1942,1942
Buckley,DE,1400.0,USA,16 February 1944,1944
Giussano-class light cruiser,,5200.0,Regia Marina,10 February 1932,1932
Sumner,DD,2200.0,USA,30 December 1943,1943
B,DD,1350.0,ENG,4 March 1931,1931
Tribal,DD,2020.0,Royal Australian Navy,25 May 1945,1945
Independence,CVL,11000.0,USA,17 November 1943,1943
Town,DD,1190.0,Royal Navy  Royal Norwegian Navy,23 September 1940,1940
Attacker,CVE,10000.0,ENG,31 October 1942,1942
Cannon,DE,1240.0,United States  Brazilian Navy,11 October 1943,1943
Béarn,CV,22150.0,French Navy  Free French Naval Forces,May 1927,1927
Fletcher,DD,2050.0,USA,12 April 1944,1944
Sumner,DD,2200.0,USA,31 March 1945,1945
Hunt,DE,1000.0,ENG,3 November 1941,1941
Flower modified,K,1015.0,Royal Canadian Navy,25 September 1944,1944
Evarts,DE,1140.0,USA,15 May 1943,1943
Tribal,DD,2020.0,ENG,15 March 1939,1939
Flower,K,925.0,Royal Navy  United States Navy,3 March 1941,1941
Ruler,CVE,11400.0,ENG,2 August 1943,1943
Town-class cruiser,,11553.0,ENG,5 August 1939,1939
Fletcher,DD,2050.0,USA,4 March 1943,1943
Town,DD,1200.0,ENG,8 October 1940,1940
Hunt,DE,1050.0,ENG,29 March 1942,1942
Bathurst,K,1025.0,Royal Indian Navy,8 August 1942,1942
Gearing,DD,2250.0,USA,13 February 1945,1945
Essex,CV,30800.0,USA,6 August 1944,1944
Benson,DD,1620.0,USA,25 July 1940,1940
Hunt,DE,1000.0,ENG,6 June 1940,1940
Fiji-class cruiser,,8000.0,ENG,21 August 1942,1942
Flower modified,K,1015.0,Royal Navy  Royal Indian Navy,31 August 1943,1943
Shoreham,SL,1105.0,ENG,23 February 1932,1932
Big Horn,Q-ship,,USA,15 April 1942,1942
Cleveland-class light cruiser,,11800.0,USA,31 August 1943,1943
Southampton-class light cruiser,,9770.0,ENG,18 November 1937,1937
Bismarck,BB,41700.0,GER,24 August 1940,1940
Attacker,CVE,8200.0,ENG,5 May 1942,1942
Flower,K,925.0,Royal Navy  Royal Canadian Navy,23 January 1941,1941
Butler,DE,1350.0,USA,31 October 1944,1944
Dido-class light cruiser,,5950.0,ENG,30 November 1943,1943
Edsall,DE,1250.0,USA,13 September 1943,1943
C,,3435.0,CHL,1893,1893
Hunt,DE,1050.0,ENG,11 April 1941,1941
Hunt,DE,1050.0,ENG,14 December 1940,1940
Bogue,CVE,9800.0,USA,8 March 1943,1943
Commencement Bay,CVE,14400.0,USA,30 December 1944,1944
Admiral Hipper-class heavy cruiser,,14000.0,GER,20 September 1939,1939
Sumner,DD,2200.0,USA,20 March 1944,1944
Grom,DD,1975.0,Poland,25 November 1937,1937
Wickes,DAM,1190.0,USA,23 September 1918,1918
Bogue,CVE,9800.0,USA,26 September 1942,1942
Brooklyn-class light cruiser,,9950.0,USA,12 August 1938,1938
Trento class heavy cruiser,,10511.0,Regia Marina,1933,1933
Flower,K,925.0,ENG,29 April 1942,1942
B,DD,1350.0,Royal Navy  Hellenic Navy,20 February 1931,1931
Boxer,LST,3620.0,ENG,10 April 1943,1943
Ticonderoga,CV,30800.0,USA,16 April 1945,1945
River,FF,1370.0,Royal Navy  Free French Naval Forces,21 January 1944,1944
Brandenburg,CM,3894.0,GER,1 May 1943,1943
Hunt,DE,1175.0,ENG,18 December 1942,1942
Wickes,minelayer destroyer,1190.0,USA,23 October 1918,1918
Baltimore-class heavy cruiser,,17200.0,USA,29 April 1945,1945
Bretagne,BB,22200.0,FRA,September 1915,1915
Bogue,CVE,7800.0,USA,12 April 1943,1943
Cannon,DE,1240.0,USA,30 June 1944,1944
Town,DD,1200.0,Royal Navy  Soviet Navy,23 September 1940,1940
Flower modified,K,1015.0,USA,6 December 1942,1942
Hunt,DE,1175.0,ENG,12 February 1943,1943
Gleaves,DD,1630.0,USA,22 October 1941,1941
Brooklyn-class light cruiser,,9950.0,USA,30 September 1937,1937
Brummer,CM,1924.0,GER,9 April 1940,1940
Brutus,Special Service Ship,5945.0,ENG,,
Haskell class attack transport,,536.0,USA,23 January 1945,1945
Buenos Aires,DD,1375.0,Argentine Navy,4 April 1938,1938
Essex,CV,30800.0,USA,24 May 1943,1943
Wicher,DD,1400.0,Poland,10 July 1932,1932
Town,DD,1215.0,Royal Navy  Royal Canadian Navy,8 October 1940,1940
Type IA,SS,982,GER,6 April 1936,1936
Type IX,SS,1152,GER,,
Type IXB,SS,1178,GER,,
Type IXC,SS,1232,GER,,
Type IXC/40,SS,1257,GER,,
Type IXC/40,SS,1257,Kriegsmarine  Royal Canadian Navy,24 September 1942,1942
Type IXC/40,SS,1257,Kriegsmarine  Royal Canadian Navy,4 August 1944,1944
Type IXD,SS,1799,GER,,
Type XIV,"submarine tender (""Milchkuh"")",1932,GER,,
Type XXI,"submarine (""Elektroboot"")",1819,GER,,
H,training submarine,441,GER,1915,1915
Crown Colony,CL,8800,Royal Navy  Royal Canadian Navy,21 October 1944,1944
U,DD,1777,ENG,3 March 1944,1944
Buckley,DE,1673,USA,15 November 1943,1943
Unicorn,aircraft maintenance carrier,16510,ENG,12 March 1943,1943
Taiyō,CVE,17830,JPN,31 August 1942,1942
Utah,radio controlled target-ship and anti-aircraft training ship,21825,USA,31 August 1911,1911
L,SS,,,11 October 1926,1926
Benson,DD,,,17 September 1940,1940
L,DD,,,19 December 1940,1940
Gleaves,DD,,,7 October 1940,1940
L,DD,,,30 January 1942,1942
Raubtier,torpedo boat,,,15 April 1929,1929
Gleaves,DD,,,5 March 1941,1941
Gleaves,DD,,,15 March 1943,1943
Omaha,CL,,,17 December 1925,1925
Hunt,DE,,,10 January 1943,1943
Tribal,DD,,,7 September 1938,1938
Sims,DD,,,15 September 1939,1939
Type 1934A,DD,,,8 January 1938,1938
Type 1934A,DD,,,4 March 1939,1939
Type 1936A,DD,,,11 January 1941,1941
Type 1936A Mob,DD,,,6 February 1943,1943
X,SS,,,1943,1943
X,SS,,,1944,1944
Odin,SS,,,14 June 1930,1930
O,DD,,,19 June 1942,1942
Nagato,dreadnought,,,25 November 1920,1920
N,DD,,,12 February 1941,1941
New Orleans,CA,,,12 April 1933,1933
Fiji,CL,,,23 September 1940,1940
Tribal,DD,,,9 August 1946,1946
Agano,CL,,,29 December 1943,1943
Nagara,CL,,,20 March 1923,1923
Black Swan,SL,,,13 May 1941,1941
Maxim Gorkiy (Project 26 bis),CA,,,6 December 1944,1944
Maxim Gorkiy (Project 26 bis),CA,,,31 December 1942,1942
Katori,CL,,,31 May 1940,1940
K,DD,,,21 February 1940,1940
Nagara,CL,,,10 November 1922,1922
K,CL,,,January 1930,1930
Kongō,battlecruiser,,,16 August 1913,1913
Mogami,CA,,,31 October 1931,1931
Type J1,cruiser submarine,,,24 December 1929,1929
Type J3,submarine aircraft carrier,,,5 December 1938,1938
Type A1,submarine aircraft carrier,,,16 May 1942,1942
Type A3,submarine aircraft carrier,,,14 March 1945,1945
Type B1,submarine aircraft carrier,,,24 January 1941,1941
Type C1,midget submarine-carrying submarine,,,31 January 1941,1941
Type B1,submarine aircraft carrier,,,24 February 1942,1942
Type B1,submarine aircraft carrier,,,10 March 1943,1943
Type B2,SS,,,31 January 1944,1944
Type C3,transport submarine,,,20 April 1944,1944
KD6 type,cruiser submarine,,,7 January 1937,1937
Kiraisen type,minelayer submarine,,,28 October 1928,1928
KD3B type,SS,,,15 May 1928,1928
KD3A type,SS,,,24 December 1929,1929
KD3B type,SS,,,31 March 1930,1930
KD6 type,cruiser submarine,,,31 July 1934,1934
KD6 type,cruiser submarine,,,15 August 1938,1938
KD7 type,cruiser submarine,,,18 June 1943,1943
Sentoku type,submarine aircraft carrier,,,8 January 1945,1945
I,minelayer destroyer,,,29 January 1938,1938
Izumo,armored cruiser,,,25 September 1900,1900
H,SS,,,21 February 1919,1919
H,SS,,,15 April 1920,1920
Ha-101,transport submarine,,,3 February 1945,1945
Hunt,DD,,,8 June 1940,1940
Ticonderoga,CV,,,15 April 1944,1944
Havant,DD,,,19 December 1939,1939
H,DD,,,16 January 1937,1937
Kongō,battlecruiser,,,1914,1914
Empire,merchant aircraft carrier,,,31 March 1944,1944
Essex,CV,,,31 December 1942,1942
R,DD,,,20 February 1943,1943
Rainbow,SS,,,11 November 1930,1930
Kaichū VI type,SS,,,31 May 1937,1937
Kaichū VII type,SS,,,11 January 1944,1944
Type L3,training submarine,,,20 March 1923,1923
Type L4,SS,,,9 February 1924,1924
Type L4,SS,,,30 April 1925,1925
Type L4,SS,,,30 June 1926,1926
Type L4,SS,,,28 July 1927,1927
Ko type,coastal submarine,,,25 February 1943,1943
Ko type,coastal submarine,,,21 January 1944,1944
Rainbow,SS,,,29 January 1931,1931
Battle,DD,,,27 September 1946[5],1946
Somers,DD,,,19 August 1938,1938
S,SS,,,8 February 1943,1943
S,SS,,,16 March 1934,1934
S,SS,,,12 March 1936,1936
Serrano,DD,,,1928,1928
Somers,DD,,,1 December 1937,1937
S,SS,,,6 April 1938,1938
Hunt,DD,,,18 March 1943,1943
S,SS,,,2 July 1937,1937
modified Leander,CL,,,24 September 1935,1935
Buckley,DE,,,29 June 1944,1944
Cleveland,CL,,,7 January 1945,1945
Clemson,DD,,,August 1922,1922
Danae,C,,,June 1919,1919
Rudderow,DE,,,31 December 1943,1943
Danae,C,,,2 June 1922,1922
Farragut,DD,,,14 October 1934,1934
D,DD,,,21 December 1932,1932
Mahan,DD,,,15 January 1937,1937
Dunkerque,BB,,,15 April 1937,1937
Danae,C,,,1 November 1921,1921
Atlanta,CL,,,31 August 1944,1944
Suffren,CA,,,15 August 1931,1931
Hawkins,CA,,,20 September 1924,1924
Akizuki,DD,,,30 April 1944,1944
Q,DD,,,7 January 1943,1943
Queen Elizabeth,BB,,,22 December 1914,1914
P,DD,,,December 1941,1941
Pensacola,CA,,,6 February 1930,1930
modified Leander,CL,,,29 June 1939 (former HMS Amphion),1939
Parthian,SS,,,3 February 1931,1931
Colossus,aircraft maintenance carrier,,,8 February 1945,1945
Baltimore,CA,,,10 October 1944,1944
King George V,BB,,,31 March 1941,1941
enlarged Admiral Hipper,CA,,,1 August 1940,1940
Giuseppe Garibaldi,armored cruiser,,,1897,1897
Scharnhorst,BB,,,21 May 1938,1938
Gridley,DD,,,24 June 1937,1937
Sverige,coastal defence ship,,,12 December 1922,1922
Type 37,torpedo boat,,,5 June 1942,1942
Flower,K,,,November 1943,1943
Äran,coastal defence ship,,,April 1903,1903
T,DD,,,20 January 1944,1944
Trento,CA,,,1928,1928
Atlanta,CL,,,3 February 1945,1945
C,CL,,,10 April 1922,1922
C,CL,,,11 November 1918,1918
Catamarca,DD,,,ca.1912,1912
Gato,SS,,,29 February 1944,1944
Flower modified,K,,,13 December 1941,1941
C,DD,,,7 March 1946,1946
Tone,CA,,,30 May 1939,1939
Fletcher,DD,,,8 July 1944,1944
Colossus,CV,,,16 December 1944,1944
Conte di Cavour,dreadnought,,,1915,1915
Butler,DE,,,8 January 1945,1945
Clemson,DD,,,9 February 1921,1921
Basset,AM,,,December 1942,1942
Sumner,DD,,,31 March 1945,1945
Baltimore-class heavy cruiser,,,,29 April 1945,1945
Brooklyn-class light cruiser,,,,30 September 1937,1937
U,DD,,,3 March 1944,1944
W,DD,,,14 April 1944,1944
Äran,coastal defence ship,,,1901,1901
Fletcher,DD,,,22 February 1945,1945
Porter,DD,,,17 February 1937,1937
Admiralen,DD,,,20 February 1930,1930
Serrano,DD,,,26 July 1929,1929
Almirante Lynch,DD,,,1913,1913
Essex,CV,,,28 January 1945,1945
Abdiel,CM,,,9 October 1943,1943
Abdiel,CM,,,12 February 1944,1944
Atlanta,CL,,,24 December 1941,1941
Vedenia,motor torpedo boat,,,1944,1944
V,DD,,,22 December 1942,1942
W,DD,1710,ENG,14 April 1944,1944
Colossus,CV,18300,ENG,2 April 1945,1945
Tribal,DD,2020,Royal Australian Navy,23 November 1942,1942
Somers,destroyer leader,1850,USA,9 February 1938,1938
Queen Elizabeth,BB,31000,ENG,8 March 1915,1915
Äran,coastal defence ship,3650,Swedish Navy,1901,1901
Wasp (I),CV,14700,USA,25 April 1940,1940
Colorado,BB,31500,USA,1 December 1923,1923
Wicher,DD,1400,Polish Navy,13 July 1930,1930
Wichita,CA,10000,USA,16 February 1939,1939
Widder,MC,16800,GER,30 November 1939,1939
Willem van der Zaan,CM,1407,Royal Netherlands Navy,21 August 1939,1939
Fletcher,DD,2050,USA,22 February 1945,1945
Porter,DD,1850,USA,17 February 1937,1937
Admiralen,DD,1337,Royal Netherlands Navy,20 February 1930,1930
Admiralty W,DD,1188,ENG,15 May 1918,1918
Robert H. Smith,minelayer destroyer,2200.0,USA,28 October 1944,1944
Abdiel,CM,2650.0,ENG,15 April 1941,1941
Roberts,BM,8536.0,ENG,5 May 1943,1943
John C. Butler,DE,1350.0,USA,1 May 1944,1944
Nagara,CL,5088.0,JPN,26 May 1925,1925
A,DD,1350.0,ENG,11 February 1930,1930
Rapana,merchant aircraft carrier,8010.0,ENG,October 1943,1943
A,DD,1350.0,ENG,13 October 1931,1931
Leander,CL,7270.0,Royal Navy Royal New Zealand Navy,6 October 1933,1933
Birmingham,CL,5550.0,Royal Australian Navy,5 August 1922,1922
Deutschland,C,12103.0,GER,6 January 1936,1936
Admiral Hipper,CA,14000.0,GER,25 April 1939,1939
Deutschland,C,12100.0,GER,12 November 1934,1934
Hunt,DE,1050.0,Hellenic Navy,5 August 1942,1942
Adventure,minelayer cruiser,6850.0,ENG,4 November 1916,1916
Rapana,merchant aircraft carrier,16000.0,ENG,February 1944,1944
Aetos,DD,1030.0,Hellenic Navy,19 October 1912,1912
Tribal,DD,2020.0,ENG,3 May 1938,1938
Agano,CL,6650.0,JPN,31 October 1942,1942
Hunt,DE,1050.0,ENG,,
Leander,CL,7220.0,ENG,3 June 1935,1935
Amagi,CV,36500.0,JPN,27 March 1927,1927
Akizuki,DD,2700.0,JPN,11 June 1942,1942
South Dakota,BB,35000.0,USA,16 August 1942,1942
Alaska,"battlecruiser (""large cruiser"")",27500.0,USA,17 June 1944,1944
Albatross,seaplane carrier,6350.0,ENG,29 September 1938,1938
1923 Raubvogel-class torpedo boat,,1290.0,GER,5 May 1927,1927
Condottieri,CL,5200.0,Regia Marina,9 June 1931,1931
Alcantara,Armed merchant cruiser,22181.0,ENG,1927,1927
Serrano,DD,1090.0,CHL,26 July 1929,1929
Clemson,DD,1250.0,USA,24 November 1919,1919
Allen M. Sumner,DD,2200.0,USA,23 November 1944,1944
Cannon,DE,1240.0,United States Navy  Brazilian Navy,12 November 1943,1943
Algérie,CA,10000.0,FRA,15 September 1934,1934
Cannon,DE,1240.0,Free French Naval Forces,23 January 1944,1944
V,DD,2700.0,Royal Canadian Navy,28 February 1944,1944
Veinticinco de Mayo,CA,6800.0,Argentine Navy,18 July 1931,1931
Almirante Lynch,DD,1430.0,CHL,January 1914,1914
Almirante Latorre,BB,28550.0,CHL,1 August 1920,1920
Almirante Lynch,DD,1430.0,CHL,1913,1913
Capitan O'Brien,SS,2020.0,CHL,1929,1929
Bogue,CVE,7900.0,USA,15 September 1942,1942
Unryū,CV,17150.0,JPN,10 August 1944,1944
prototype,DD,1350.0,ENG,5 May 1927,1927
prototype,DD,1173.0,ENG,15 March 1927,1927
Black Swan,SL,1350.0,ENG,2 November 1943,1943
Amiral Murgescu,CM,812.0,Romanian Naval Forces  Soviet Navy,14 June 1939,1939
Cleveland,CL,11800.0,USA,8 January 1945,1945
Anacapa,Q-ship,7500.0,USA,31 August 1942,1942
Andrea Doria,BB,25920.0,Regia Marina,13 March 1916,1916
Town,DD,1190.0,Royal Canadian Navy,24 September 1940,1940
King George V,BB,35000.0,ENG,22 June 1942,1942
Essex,CV,30800.0,USA,28 January 1945,1945
Guadiana,DD,1219.0,Colombian National Navy,,
Antoine,Special Service Ship,1030.0,ENG,,
Aoba,CA,5088.0,JPN,20 September 1927,1927
Abdiel,CM,2650.0,ENG,9 October 1943,1943
Aquila,CV,23500.0,Regia Marina,not completed,
Flower,K,925.0,Royal Navy  United States Navy,5 April 1940,1940
Flower modified,K,1015.0,Royal New Zealand Navy,16 March 1944,1944
Äran,coastal defence ship,3650.0,Swedish Navy,7 September 1902,1902
Avenger,CVE,8200.0,ENG,17 November 1941,1941
Arcona,Floating anti-aircraft battery,2657.0,GER,18 May 1901,1901
Argus,CV,14860.0,ENG,September 1918,1918
Abdiel,CM,2650.0,ENG,12 February 1944,1944
Ariguani,fighter catapult ship,,ENG,1940,1940
Pennsylvania,BB,32600.0,USA,17 October 1916,1916
Wyoming,BB,26100.0,USA,17 September 1912,1912
Ark Royal,CV,22000.0,ENG,16 December 1938,1938
Battle,DD,2325.0,ENG,2 July 1945,1945
Condottieri,CL,5316.0,Regia Marina,29 April 1933,1933
Flower,K,925.0,Royal Navy  Royal Canadian Navy,22 November 1940,1940
PB,,1640.0,Belgian Navy,,
Tribal,DD,2020.0,Royal Australian Navy,30 March 1942,1942
Myōkō,CA,13300.0,JPN,20 August 1929,1929
Flower modified,K,1015.0,Royal Indian Navy,19 February 1945,1945
C,DD,1390.0,Royal Canadian Navy,30 May 1932,1932
Asterion,Q-ship,6610.0,USA,March 1942,1942
New Orleans,CA,9950.0,USA,28 April 1934,1934
Takao,CA,14616.0,JPN,30 March 1932,1932
Tribal,DD,2020.0,Royal Canadian Navy,3 February 1943,1943
Atik,Q-ship,6610.0,USA,5 March 1942,1942
Atlanta,CL,6000.0,USA,24 December 1941,1941
Atlantis,MC,7862.0,GER,19 December 1939,1939
Attacker,CVE,11400.0,ENG,30 September 1942,1942
Capitani Romani,CL,3750.0,Regia Marina,August 1942,1942
Northampton,CA,9200.0,USA,30 January 1931,1931
Aurora,C,6731.0,Soviet Navy,29 July 1903,1903
County,CA,9850.0,Royal Australian Navy,24 April 1928,1928
Avenger,CVE,8200.0,ENG,2 March 1942,1942
Fubuki,DD,2090.0,JPN,30 April 1930,1930
Farragut,DD,1365.0,USA,1 March 1935,1935
V7,river gunboat,,Romanian Naval Forces,1943,1943
Project 1125,river gunboat,,Romanian Naval Forces,1943,1943
Väinämöinen,coastal defence ship,3900.0,Finnish Navy,29 April 1932,1932
Queen Elizabeth,BB,31000.0,ENG,13 January 1916,1916
Admiralen,DD,1680.0,Royal Netherlands Navy,20 February 1929,1929
N,DD,1801.0,Royal Netherlands Navy,20 February 1942,1942
Admiralen,DD,1680.0,Royal Netherlands Navy,31 May 1928,1928
Van Kinsbergen,SL,1760.0,Royal Netherlands Navy,24 August 1939,1939
Admiralen,DD,1337.0,Royal Netherlands Navy,12 March 1931,1931
Vedenia,motor torpedo boat,30.0,Romanian Naval Forces,1943,1943
Sava,river monitor,580.0,Royal Yugoslav Navy,15 April 1920,1920
Vedenia,motor torpedo boat,30.0,Romanian Naval Forces,1944,1944
G,DD,1350.0,Hellenic Navy  Kriegsmarine,15 February 1939,1939
G,DD,1350.0,Hellenic Navy,February 1939,1939
Commencement Bay,CVE,10900.0,USA,9 April 1945,1945
V,DD,1710.0,ENG,28 August 1943,1943
Illustrious,CV,23000.0,ENG,29 May 1941,1941
Vosper,motor torpedo boat,32.0,Romanian Naval Forces,1940,1940
V,DD,1710.0,ENG,22 December 1942,1942
New Orleans,CA,9400.0,USA,24 February 1937,1937
Nairana,CVE,13671.0,ENG,3 December 1943,1943
Hawkins,repair ship,9394.0,ENG,1 October 1918,1918
Littorio,BB,41000.0,Regia Marina,28 April 1940,1940
Kirov,CA,7880.0,Soviet Navy,20 June 1940,1940
V,DD,1710.0,ENG,26 May 1944,1944
