Class,Type,Displacement,Country
L,SS,1106,ENG
L,training submarine,1106,ENG
La Argentina,training light cruiser,6500,Argentine Navy
Flower,K,925,FRA
La Galissonnière,CL,7600,FRA
River,FF,1445,Royal Canadian Navy
Flower,K,925,Royal Canadian Navy
Flower,K,925,ENG
Mendoza,DD,1570,Argentine Navy
Flower modified,K,1015,Royal Canadian Navy
Benson,DD,1620,USA
Sumner,DD,2200,USA
L,DD,1920,ENG
Battle,DD,2325,ENG
Basset,AM,529,Royal Indian Navy
Ticonderoga,CV,27100,USA
Wickes,DAM,1090,USA
Lambridge,Special Service Ship,5119,ENG
Hunt,DD,1000,ENG
Duguay-Trouin,CL,7249,FRA
Mahan,DD,1450,USA
Benham,DD,1500,USA
Langley,Seaplane carrier,11500,USA
Independence,CVL,11000,USA
Gleaves,DD,1630,USA
Flower,K,925,Royal Navy  United States Navy
Abdiel,CM,2650,ENG
Hunt,DD,1050,ENG
Captain,FF,1140,ENG
Lawrence,SL,1245,Royal Indian Navy
Town,DD,1327,Royal Navy  Royal Canadian Navy  Soviet Navy
Leander,CL,6985,Royal New Zealand Navy
Town,DD,1125,ENG
Leipzig,CL,6515,GER
Leningrad,DD,2150,Soviet Navy
Aetos,DD,1030,Hellenic Navy
Raubtier,torpedo boat,1320,GER
Chacal,DD,2126,Free French Naval Forces
Lexington,CV,33000,USA
Essex,CV,27100,USA
Libertad,riverine battleship,2336,Argentine Navy
Flower modified,K,1015,ENG
Town,DD,1190,Royal Navy  Royal Norwegian Navy  Royal Canadian Navy  Soviet Navy
Casablanca,CVE,7800,USA
Littorio,BB,43835,Regia Marina
Flower,K,925,Free French Naval Forces
Loch,FF,1435,Royal Canadian Navy
Loch,FF,1435,ENG
County,CA,9850,ENG
Long Island,CVE,13500,USA
Looe,Special Service Ship,1030,ENG
PB,,1640,GER
Bretagne,BB,22200,French Navy  Free French Naval Forces
Baltimore,CA,17200,USA
Lothringen,CM,1975,GER
Northampton,CA,9200,USA
Condottieri,CL,5316,Regia Marina
Condottieri,CL,9952,Regia Marina
enlarged Admiral Hipper,CA,14680,GER
Farragut,DD,1365,USA
Rapana,merchant aircraft carrier,8000,Royal Netherlands Navy
Bathurst,K,1025,Royal Indian Navy
M,DD,1920,ENG
El Mahrousa,yacht,3417,Egyptian Navy
Queen Elizabeth,BB,31000,ENG
Äran,coastal defence ship,3650,Swedish Navy
Town,DD,1190,ENG
Tribal,DD,2020,ENG
Pegasus,fighter catapult ship,,ENG
Omaha,CL,7050,USA
Marcílio Dias,DD,1500,Brazilian Navy
Marcilio Dias,DD,1500,Brazilian Navy
Cannon,DE,1240,United States Navy  Free French Naval Forces
La Galissonniere,CL,7600,FRA
Marshal Ney,BM,6700,ENG
Marsuinul,SS,860 submerged,Royal Romanian Navy
Colorado,BB,32600,USA
Evarts,DE,1140,USA
South Dakota,BB,37970,USA
Maunder,Special Service Ship,5072,ENG
Fiji,CL,8000,ENG
Gridley,DD,1590,USA
Maxim Gorkiy (Project 26 bis),CA,8200,Soviet Navy
Takao,CA,13350,JPN
Flower,K,925,Royal Navy  Royal Canadian Navy
Benson,DD,1500,USA
Porter,DD,1850,USA
Medway,submarine tender,14650,ENG
Hunt,DE,1050,ENG
Fletcher,DD,2050,USA
Hunt,DE,1000,ENG
River,FF,1445,Royal Navy  Royal Canadian Navy
Cleveland,CL,11800,USA
Hunt,DE,1050,Hellenic Navy
Michel,MC,10900,GER
Tribal,DD,1927,Royal Canadian Navy
Flower modified,K,1015,USA
Mogami,CA,13440,JPN
M,DD,1935,ENG
Omaha,CL,7050,United States Navy  Soviet Navy
Minas Geraes,dreadnought,19200,Brazilian Navy
Asashio,DD,1961,JPN
New Orleans,CA,9950,USA
Rapana,merchant aircraft carrier,16000,ENG
Buenos Aires,DD,1375,Argentine Navy
Maracaibo,LST,4193,ENG
New Mexico,BB,32000,USA
Iowa,BB,45000,USA
Mogami,CA,12400,JPN
Monowai,armed merchant cruiser,4925,Royal New Zealand Navy
Flower,K,925,Royal Norwegian Navy
La Galissonniere,CL,7600,French Navy  Free French Naval Forces
Montclare,submarine tender,21550,ENG
Town,DD,1247,Royal Navy  Royal Canadian Navy
Admiralty,flotilla leader,1530,ENG
Körös,river monitor,448,Royal Yugoslav Navy
Rivadavia,dreadnought,27720,Argentine Navy
Sims,DD,1570,USA
Fletcher,DD,"2,050 tons",USA
Raubvogel,torpedo boat,1213,GER
River,FF,1370,Royal Navy  Free French Naval Forces
Bagley,DD,1500,USA
Shiratsuyu,DD,1685,JPN
Yamato,BB,68200,JPN
Nagato,dreadnought,42850,JPN
Montecuccoli,CL,3184,Regia Marina
V,DD,1830,ENG
Myōkō,CA,13380,JPN
M,DD,1920,Royal Navy  Polish Navy
Type 1934,DD,"2,259 t (2,223 long tons) (standard)[5][a]",GER
Type 1934,DD,"2,259 t (2,223 long tons) (standard)[5]",GER
Type 1934,DD,3150,GER
Type 1934A,DD,"2,206 t (2,171 long tons) (normal) 3,160 t (3,110 long tons) (deep load)",GER
Type 1934A,DD,3100,GER
Type 1936,DD,4400,GER
Type 1936,DD,3400,GER
Type 1936,DD,3415,GER
Type 1936A,DD,3605,GER
Type 1936A Mob,DD,3691,GER
Type 1936B,DD,"2,559 t (2,519 long tons)",GER
Type 1936B,DD,"2,559 t (normal) 3,599 t (3,542 long tons) (deep load)",GER
Type 1936B,DD,"2,559 t (normal) 3,599 t (deep load)",GER
Type 1936B,DD,,GER
Z,DD,1830,ENG
Zara,CA,11500,Regia Marina
Zuihō,CV,11260,JPN
Shōkaku,CV,29800,JPN
Archimede,SS,1230,ENG
X,SS,30,ENG
Xanthus,repair ship,5801,USA
XE,SS,33,ENG
Artemis,attack cargo ship,4087,USA
XT,training submarine,30,ENG
Sims,DD,1570.0,USA
Atlanta,CL,6000.0,USA
Hunt,DD,1050.0,ENG
Flower,K,925.0,Royal Canadian Navy
O,minelayer destroyer,1540.0,ENG
Odin,SS,1922.0,ENG
Colossus,CV,13200.0,ENG
Odin,SS,2038.0,ENG
O,DD,1540.0,ENG
Kuma,CL,5100.0,JPN
Okinoshima,CM,4290.0,JPN
Nevada,BB,29000.0,USA
Cleveland,CL,11800.0,USA
Gangut,BB,23000.0,Soviet Navy
Oldenburg,CM,1141.0,GER
Omaha,CL,7050.0,USA
Casablanca,CVE,7800.0,USA
Minotaur,CL,8800.0,Royal Canadian Navy
Flower,K,925.0,ENG
Benson,DD,1620.0,USA
Serrano,DD,1090.0,Chile
Leander,CL,7000.0,ENG
Orion,MC,15700.0,GER
River,FF,1445.0,Royal Canadian Navy
Orzeł,SS,1100.0,Poland
Oscar II,coastal defence ship,,Swedish Navy
C,DD,1375.0,Royal Canadian Navy
Bourrasque,DD,1319.0,French Navy  Free French Naval Forces  Poland
Flower modified,K,1015.0,Royal Canadian Navy
Ōyodo,CL,11433.0,JPN
Ruler,CVE,11400,Royal Navy  Royal Canadian Navy
Nagara,CL,5088,JPN
Nairana,CVE,14280,ENG
Najaden,torpedo boat,782,Royal Danish Navy
Sendai,CL,7100,JPN
N,DD,1773,Royal Australian Navy
Black Swan,SL,1250,Royal Indian Navy
Brooklyn,CL,9475,USA
Bogue,CVE,11400,USA
Loch,FF,1435,South African Navy
Akizuki,DD,2700,JPN
Nelson,BB,34000,ENG
Leander,CL,7000,ENG
Nevada,BB,29000,USA
Iowa,BB,57271,USA
New Mexico,BB,33000,USA
New York,BB,27000,USA
Town,DD,1060,ENG
Fiji,CL,8800,ENG
Town,DD,1190,Royal Norwegian Navy
Town,DD,1190,Royal Canadian Navy
Niedersachsen,CM,1794,GER
Niels Juel,coastal defence ship,3400,Royal Danish Navy
Ning Hai,CL,2200,Republic of China Navy
Holland,anti-aircraft cruiser,4100,GER
Holland,C,4033,Royal Netherlands Navy
Eidsvold,coastal defence ship,4230,Royal Norwegian Navy
North Carolina,BB,35000,USA
Northampton,CA,9050,USA
Agano,CL,6650,JPN
Nürnberg,CL,6980,GER
Tordenskjold,coastal defence ship,3858,GER
Novik,DD,1260,Soviet Navy
Yakumo,armored cruiser,9646,JPN
Fusō,dreadnought,39154,JPN
Yamato,BB,74170,JPN
Yorktown,CV,19900,USA
Essex,CV,30800,USA
Yubari,CL,2890,JPN
Kagero,DD,2490,JPN
BYMS,AM,360,ENG
J,DD,1690,ENG
Tromp,C,4064,Royal Netherlands Navy
Java,C,8078,Royal Netherlands Navy
Courbet,dreadnought,23475,FRA
Jeanne d'Arc,CL,6496,FRA
Armed Merchant Cruiser,,14164,ENG
Johan Maurits van Nassau,GB,1537,Royal Netherlands Navy
River,FF,1400,Royal Netherlands Navy
Fletcher,DD,2700,USA
Somers,DD,1850,USA
Churruca,DD,1522,Argentine Navy
Catamarca,DD,1010,Argentine Navy
Atlanta,CL,6000,USA
Hiyō,CV,26949,JPN
Kaga,CV,38200,JPN
Furutaka,CA,7950,JPN
Kaiyō,CV,13600,JPN
Hunt,DD,1050,Hellenic Navy
K,DD,1690,ENG
K,CL,6650,GER
Katori,CL,6180,JPN
Unryū,CV,17150,JPN
B,DD,1350,ENG
W,DD,1710,ENG
County,CA,9750,ENG
Ruler,CVE,11400,ENG
Fletcher,DD,2500,USA
Mississippi,BB,13000,Hellenic Navy
King George V,BB,35000,ENG
Aoba,CA,9000,JPN
Kongō,battlecruiser,36600,JPN
Kirov (Project 26),CA,7880,Soviet Navy
Kuma,CL,5100,JPN
Black Swan,SL,1350,Royal Indian Navy
Komet,MC,7500,GER
Raubvogel,torpedo boat,1290,GER
Kormoran,MC,19900,GER
Admiralen,DD,1680,Royal Netherlands Navy
Kountouriotis,DD,1389,Hellenic Navy
Hunt,DD,1050,Polish Navy
Krasnoye Znamya,GB,1735,Soviet Navy
Kraznyi Kavkaz,C,7560,Soviet Navy
Krasnyi Krym,C,6800,Soviet Navy
Commencement Bay,CVE,10900,USA
Kuma,CL,5550,JPN
Type J1,cruiser submarine,2791,JPN
Type J1 Modified,submarine aircraft carrier,2921,JPN
Type J2,submarine aircraft carrier,2921,JPN
Type J3,submarine aircraft carrier,3583,JPN
Type A1,submarine aircraft carrier,4129,JPN
Type A2,SS,4150,JPN
Type A3,submarine aircraft carrier,4762,JPN
Type B1,submarine aircraft carrier,3654,JPN
Type C1,midget submarine-carrying submarine,3561,JPN
Type B2,SS,3700,JPN
Type C2,SS,3621,JPN
Type C3,transport submarine,3644,JPN
Type C3,SS,3644,JPN
Type B3,submarine aircraft carrier,3747,JPN
KD3 type,cruiser submarine,2300,JPN
KD4 type,cruiser submarine,2300,JPN
KD6 type,cruiser submarine,2440,JPN
Kiraisen type,minelayer submarine,1768,JPN
KD2 type,training submarine,2500,JPN
KD3A type,SS,2300,JPN
KD3B type,SS,2300,JPN
KD4 type,SS,2300,JPN
KD5 type,SS,2330,JPN
KD7 type,cruiser submarine,2602,JPN
Sentaka type,SS,1479,JPN
Senho type,submarine tanker,4290,JPN
Type D1,transport submarine/kaiten carrier,2215,JPN
Type D1,transport submarine,2215,JPN
Type D2,transport/tanker submarine,2240,JPN
Sentoku type,submarine aircraft carrier,6560,JPN
Sentoku type,submarine tanker,6560,JPN
Type IXD2,SS,1771,JPN
Marcello-class,SS,1313,JPN
Marconi-class,SS,1400,JPN
Type X,minelayer submarine,2143,JPN
Type IXD1,SS,1771,JPN
I,minelayer destroyer,1370,ENG
Illustrious,CV,23000,ENG
Väinämöinen,coastal defence ship,3900,Finland
Implacable,CV,23825,ENG
South Dakota,BB,35000,USA
Portland,CA,9800,USA
Grimsby,SL,1210,Royal Indian Navy
Ingolf,PB,1180,Royal Danish Navy
Investigator,survey ship,1572,Indian Navy
Irene Forsyte,Q-ship,283,USA
Tribal,DD,2020,Royal Canadian Navy
Gerard Callenburgh,DD,1606,Royal Netherlands Navy
Ise,dreadnought,36000,JPN
Izumo,armored cruiser,9750,JPN
H,SS,518,ENG
Ha-101,transport submarine,493,JPN
Ha-201,SS,440,JPN
Myoko,CA,13300,JPN
Hai Chao,SL,1250,Republic of China Navy
gunship,,2680,Republic of China Navy
Hai Chi,C,4300,Republic of China Navy
Hai Yung,protected cruiser,2680,Republic of China Navy
Town,DD,1060,Royal Navy  Royal Canadian Navy
Hansa,MC,9138,Nazi Germany
Gato,SS,"1,525 surfaced",USA
H,DD,1455,ENG
V,DD,1710,ENG
Kongō,battlecruiser,31660,JPN
Havant,DD,1340,ENG
H,DD,1350,ENG
Hekla,light cruiser hulk,1322,Royal Danish Navy
St. Louis,CL,10000,USA
Hermes,CV,10850,ENG
H,DD,1350,Royal Navy  Royal Canadian Navy
Folkestone,SL,1045,Royal Indian Navy
Sōryū,CV,17300,JPN
Hiyō,CV,24140,JPN
modified Leander,CL,6980,Royal Australian Navy
Fletcher,DD,2100,USA
Brooklyn,CL,9650,USA
Admiral,battlecruiser,42100,ENG
Yorktown,CV,26500,USA
Hōshō,CV,7470,JPN
Cannon,DE,1240,Free French Naval Forces
Huáscar,ironclad,1870,CHL
Humaytá,SS,1440,Brazil
Hunt,DD,1050,Royal Navy  Hellenic Navy
Hvidbjørnen,PB,1050,Royal Danish Navy
Flower,K,925,Royal Navy  Hellenic Navy
Serrano,DD,1090,CHL
Kountouriotis,DD,1350,Hellenic Navy
Ise,BB,36000,JPN
L,SS,,
L,training submarine,,
La Argentina,training light cruiser,,
Flower,K,,
La Galissonnière,CL,,
River,FF,,
Mendoza,DD,,
Flower modified,K,,
Benson,DD,,
Sumner,DD,,
L,DD,,
Battle,DD,,
Basset,AM,,
Ticonderoga,CV,,
Wickes,DAM,,
Lambridge,Special Service Ship,,
Hunt,DD,,
Duguay-Trouin,CL,,
Mahan,DD,,
Benham,DD,,
Langley,Seaplane carrier,,
Independence,CVL,,
Gleaves,DD,,
Abdiel,CM,,
Captain,FF,,
Lawrence,SL,,
Town,DD,,
Leander,CL,,
Leipzig,CL,,
Leningrad,DD,,
Aetos,DD,,
Raubtier,torpedo boat,,
Chacal,DD,,
Lexington,CV,,
Essex,CV,,
Libertad,riverine battleship,,
Casablanca,CVE,,
Littorio,BB,,
Loch,FF,,
County,CA,,
Long Island,CVE,,
Looe,Special Service Ship,,
PB,,,
Bretagne,BB,,
Baltimore,CA,,
Lothringen,CM,,
Northampton,CA,,
Condottieri,CL,,
enlarged Admiral Hipper,CA,,
Farragut,DD,,
Rapana,merchant aircraft carrier,,
Bathurst,K,,
M,DD,,
El Mahrousa,yacht,,
Queen Elizabeth,BB,,
Äran,coastal defence ship,,
Tribal,DD,,
Pegasus,fighter catapult ship,,
Omaha,CL,,
Marcílio Dias,DD,,
Marcilio Dias,DD,,
Cannon,DE,,
La Galissonniere,CL,,
Marshal Ney,BM,,
Marsuinul,SS,,
Colorado,BB,,
Evarts,DE,,
South Dakota,BB,,
Maunder,Special Service Ship,,
Fiji,CL,,
Gridley,DD,,
Maxim Gorkiy (Project 26 bis),CA,,
Takao,CA,,
Porter,DD,,
Medway,submarine tender,,
Hunt,DE,,
Fletcher,DD,,
Cleveland,CL,,
Michel,MC,,
Mogami,CA,,
Minas Geraes,dreadnought,,
Asashio,DD,,
New Orleans,CA,,
Buenos Aires,DD,,
Maracaibo,LST,,
New Mexico,BB,,
Iowa,BB,,
Monowai,armed merchant cruiser,,
Montclare,submarine tender,,
Admiralty,flotilla leader,,
Körös,river monitor,,
Rivadavia,dreadnought,,
Sims,DD,,
Raubvogel,torpedo boat,,
Bagley,DD,,
Shiratsuyu,DD,,
Yamato,BB,,
Nagato,dreadnought,,
Montecuccoli,CL,,
V,DD,,
Myōkō,CA,,
Type 1934,DD,,
Type 1934A,DD,,
Type 1936,DD,,
Type 1936A,DD,,
Type 1936A Mob,DD,,
Type 1936B,DD,,
Z,DD,,
Zara,CA,,
Zuihō,CV,,
Shōkaku,CV,,
Archimede,SS,,
X,SS,,
Xanthus,repair ship,,
XE,SS,,
Artemis,attack cargo ship,,
XT,training submarine,,
Atlanta,CL,,
O,minelayer destroyer,,
Odin,SS,,
Colossus,CV,,
O,DD,,
Kuma,CL,,
Okinoshima,CM,,
Nevada,BB,,
Gangut,BB,,
Oldenburg,CM,,
Minotaur,CL,,
Serrano,DD,,
Orion,MC,,
Orzeł,SS,,
Oscar II,coastal defence ship,,
C,DD,,
Bourrasque,DD,,
Ōyodo,CL,,
Ruler,CVE,,
Nagara,CL,,
Nairana,CVE,,
Najaden,torpedo boat,,
Sendai,CL,,
N,DD,,
Black Swan,SL,,
Brooklyn,CL,,
Bogue,CVE,,
Akizuki,DD,,
Nelson,BB,,
New York,BB,,
Niedersachsen,CM,,
Niels Juel,coastal defence ship,,
Ning Hai,CL,,
Holland,anti-aircraft cruiser,,
Holland,C,,
Eidsvold,coastal defence ship,,
North Carolina,BB,,
Agano,CL,,
Nürnberg,CL,,
Tordenskjold,coastal defence ship,,
Novik,DD,,
Yakumo,armored cruiser,,
Fusō,dreadnought,,
Yorktown,CV,,
Yubari,CL,,
Kagero,DD,,
BYMS,AM,,
J,DD,,
Tromp,C,,
Java,C,,
Courbet,dreadnought,,
Jeanne d'Arc,CL,,
Armed Merchant Cruiser,,,
Johan Maurits van Nassau,GB,,
Somers,DD,,
Churruca,DD,,
Catamarca,DD,,
Hiyō,CV,,
Kaga,CV,,
Furutaka,CA,,
Kaiyō,CV,,
K,DD,,
K,CL,,
Katori,CL,,
Unryū,CV,,
B,DD,,
W,DD,,
Mississippi,BB,,
King George V,BB,,
Aoba,CA,,
Kongō,battlecruiser,,
Kirov (Project 26),CA,,
Komet,MC,,
Kormoran,MC,,
Admiralen,DD,,
Kountouriotis,DD,,
Krasnoye Znamya,GB,,
Kraznyi Kavkaz,C,,
Krasnyi Krym,C,,
Commencement Bay,CVE,,
Type J1,cruiser submarine,,
Type J1 Modified,submarine aircraft carrier,,
Type J2,submarine aircraft carrier,,
Type J3,submarine aircraft carrier,,
Type A1,submarine aircraft carrier,,
Type A2,SS,,
Type A3,submarine aircraft carrier,,
Type B1,submarine aircraft carrier,,
Type C1,midget submarine-carrying submarine,,
Type B2,SS,,
Type C2,SS,,
Type C3,transport submarine,,
Type C3,SS,,
Type B3,submarine aircraft carrier,,
KD3 type,cruiser submarine,,
KD4 type,cruiser submarine,,
KD6 type,cruiser submarine,,
Kiraisen type,minelayer submarine,,
KD2 type,training submarine,,
KD3A type,SS,,
KD3B type,SS,,
KD4 type,SS,,
KD5 type,SS,,
KD7 type,cruiser submarine,,
Sentaka type,SS,,
Senho type,submarine tanker,,
Type D1,transport submarine/kaiten carrier,,
Type D1,transport submarine,,
Type D2,transport/tanker submarine,,
Sentoku type,submarine aircraft carrier,,
Sentoku type,submarine tanker,,
Type IXD2,SS,,
Marcello-class,SS,,
Marconi-class,SS,,
Type X,minelayer submarine,,
Type IXD1,SS,,
I,minelayer destroyer,,
Illustrious,CV,,
Väinämöinen,coastal defence ship,,
Implacable,CV,,
Portland,CA,,
Grimsby,SL,,
Ingolf,PB,,
Investigator,survey ship,,
Irene Forsyte,Q-ship,,
Gerard Callenburgh,DD,,
Ise,dreadnought,,
Izumo,armored cruiser,,
H,SS,,
Ha-101,transport submarine,,
Ha-201,SS,,
Myoko,CA,,
Hai Chao,SL,,
gunship,,,
Hai Chi,C,,
Hai Yung,protected cruiser,,
Hansa,MC,,
Gato,SS,,
H,DD,,
Havant,DD,,
Hekla,light cruiser hulk,,
St. Louis,CL,,
Hermes,CV,,
Folkestone,SL,,
Sōryū,CV,,
modified Leander,CL,,
Admiral,battlecruiser,,
Hōshō,CV,,
Huáscar,ironclad,,
Humaytá,SS,,
Hvidbjørnen,PB,,
Ise,BB,,
Eagle,CV,,
E,DD,,
Edgehill,Special Service Ship,,
Town,CL,,
Hawkins,CA,,
El Amir Farouq,patrol vessel,,
Mount McKinley,amphibious command ship,,
Chao Ho,protected cruiser,,
Duca d'Aosta,CL,,
Emden,CL,,
Emerald,CL,,
Émile Bertin,CL,,
Empire,merchant aircraft carrier,,
Buckley,DE,,
Erebus,BM,,
Eritrea,SL,,
York,CA,,
Explorer,survey ship,,
R,DD,,
Rainbow,SS,,
Rajputana,armed merchant cruiser,,
Ramb I,Armed merchant cruiser,,
Ramb II,Armed merchant cruiser,,
Ramb III,Armed merchant cruiser,,
Revenge,BB,,
Wickes,minelayer destroyer,,
Ranger,CV,,
Rawalpindi,Armed merchant cruiser,,
Gnevny,DD,,
Rechinul,SS,,
Renown,battlecruiser,,
Clemson,DD,,
Richelieu,BB,,
Bahia,CL,,
Kaichū V type,training submarine,,
Kaichū VI type,SS,,
Kaichū VII type,SS,,
Type L3,training submarine,,
Type L4,SS,,
Ko type,coastal submarine,,
Type IXC,SS,,
Type IXC/40,SS,,
Roberts,BM,,
Rosario,GB,,
Ryūhō,CVL,,
Ryūjō,CVL,,
S,SS,,
A,DD,,
Matsu,DD,,
Pensacola,CA,,
Butler,DE,,
San Giorgio,CA,,
Sangamon,CVE,,
Minas Geraes,BB,,
S,DD,,
Temes,river monitor,,
Scharnhorst,BB,,
Deutschland,BB,,
Capitani Romani,light cruiser (also known as exploratori oceanici),,
Dido,anti-aircraft cruiser,,
Enlarged Admiral Hipper,CA,,
Shinano,CV,,
Shin'yō,CV,,
Sirène,SS,,
Skagerak,CM,,
Flores,GB,,
De Zeven Provinciën,coastal defence ship,,
Anchusa,SL,,
Cannon,DD,,
Southampton,CL,,
Thonburi,coastal defence ship,,
Attacker,CVE,,
Stier,MC,,
Dunkerque,BB,,
Suffren,CA,,
Java,CL,,
Sverige,coastal defence ship,,
Edsall,DE,,
Rudderow,DE,,
Danae,C,,
D,DD,,
Allen M. Sumner,DD,,
John C. Butler,DE,,
Gearing,DD,,
Wickes,DD,,
De Ruyter,C,,
Deutschland,CA,,
County,C,,
Admiralty,destroyer flotilla leader,,
Drache,CM,,
Enns,river monitor,,
Drazki,torpedo boat,,
Dristigheten,seaplane carrier,,
Dubrovnik,DD,,
Andrea Doria,BB,,
Shoreham,SL,,
Dunvegan Castle,Armed merchant cruiser,,
Duquesne,CA,,
Fidelity,Special Service Ship,,
F,DD,,
Fridtjof Nansen,patrol ship,,
Fu An,GB,,
Fubuki,DD,,
Yūgumo,DD,,
Mutsuki,DD,,
Glorious,CV,,
Q,DD,,
P,DD,,
Parthian,SS,,
P,SL,,
Patia,fighter catapult ship,,
Patria,GB,,
Patroclus,armed merchant cruiser,,
Herluf Trolle,coastal defence ship,,
Pennsylvania,BB,,
Colossus,aircraft maintenance carrier,,
Admiral Hipper,CA,,
Ping Hai,CL,,
Pinguin,Auxiliary cruiser,,
Pluton,minelayer light cruiser,,
Pretoria Castle,armed merchant cruiser,,
Prince David,armed merchant cruiser,,
Prince Henry,armed merchant cruiser,,
Prince Robert,armed merchant cruiser,,
Prins van Oranje,CM,,
Prunella,Special Service Ship,,
G,DD,,
Giuseppe Garibaldi,armored cruiser,,
Pisa,armored cruiser,,
Giussano,CL,,
Conte di Cavour,dreadnought,,
Duca degli Abruzzi,CL,,
Giuseppe Miraglia,seaplane tender,,
Graf Zeppelin,CV,,
Type VIIC,SS,,
U,DD,,
Grom,DD,,
Gryf,CM,,
Alaska,"battlecruiser (""large cruiser"")",,
Type 37,torpedo boat,,
Taihō,CV,,
Taiyō,CVE,,
Tannenberg,CM,,
Magdeburg,CL,,
Tarmo,escort and icebreaker,,
Tenryu,CL,,
T,DD,,
Tennessee,BB,,
Tenryū,CL,,
Thor,MC,,
Bismarck,BB,,
Togo,Night fighter direction vessel,,
Asama,armored cruiser,,
Tone,CA,,
Transylvania,armed merchant cruiser,,
Trento,CA,,
Tromp,light cruiser/flotilla leader,,
Tsingtau,Supply escort and Schnellboot tender,,
Fu An,gunship,,
Castle-class corvette,K,,
Grampus,SS,,
C,CL,,
Antioquia,DD,,
Capitan O'Brien,SS,,
Captor,Q-ship,,
Carinthia,Armed Merchant Cruiser,,
Gleaves,DE,,
Cervantes,DD,,
Presidente Errazuriz,protected cruiser,,
Clemson,DAM,,
Chao Ho,C,,
Avenger,CVE,,
P,Special Service ship,,
Svetlana,CL,,
Chitose,CVL,,
Clive,SL,,
River,SS,,
A,destroyer leader,,
D,CL,,
Cornwallis,SL,,
Coronel,MC,,
Cuba,SL,,
C-class light cruiser,,,
U,SS,,
Cyprus,Special Service Ship,,
Bahia-class light cruiser,,,
Baltimore-class heavy cruiser,,,
Admiralen class,DD,,
Gato-class submarine,,,
CL,,,
Giussano-class light cruiser,,,
Béarn,CV,,
Town-class cruiser,,,
Fiji-class cruiser,,,
Big Horn,Q-ship,,
Cleveland-class light cruiser,,,
Southampton-class light cruiser,,,
Dido-class light cruiser,,,
C,,,
Admiral Hipper-class heavy cruiser,,,
Brooklyn-class light cruiser,,,
Trento class heavy cruiser,,,
Boxer,LST,,
Brandenburg,CM,,
Brummer,CM,,
Brutus,Special Service Ship,,
Haskell class attack transport,,,
Wicher,DD,,
Type IA,SS,,
Type IX,SS,,
Type IXB,SS,,
Type IXD,SS,,
Type XIV,"submarine tender (""Milchkuh"")",,
Type XXI,"submarine (""Elektroboot"")",,
H,training submarine,,
Crown Colony,CL,,
Unicorn,aircraft maintenance carrier,,
Utah,radio controlled target-ship and anti-aircraft training ship,,
Somers,destroyer leader,,
Wasp (I),CV,,
Wichita,CA,,
Widder,MC,,
Willem van der Zaan,CM,,
Admiralty W,DD,,
Robert H. Smith,minelayer destroyer,,
Birmingham,CL,,
Deutschland,C,,
Adventure,minelayer cruiser,,
Amagi,CV,,
Albatross,seaplane carrier,,
1923 Raubvogel-class torpedo boat,,,
Alcantara,Armed merchant cruiser,,
Algérie,CA,,
Veinticinco de Mayo,CA,,
Almirante Lynch,DD,,
Almirante Latorre,BB,,
prototype,DD,,
Amiral Murgescu,CM,,
Anacapa,Q-ship,,
Guadiana,DD,,
Antoine,Special Service Ship,,
Aquila,CV,,
Arcona,Floating anti-aircraft battery,,
Argus,CV,,
Ariguani,fighter catapult ship,,
Wyoming,BB,,
Ark Royal,CV,,
Asterion,Q-ship,,
Atik,Q-ship,,
Atlantis,MC,,
Capitani Romani,CL,,
Aurora,C,,
V7,river gunboat,,
Project 1125,river gunboat,,
Van Kinsbergen,SL,,
Vedenia,motor torpedo boat,,
Sava,river monitor,,
Vosper,motor torpedo boat,,
Hawkins,repair ship,,
Kirov,CA,,
Eagle,CV,22600,ENG
E,DD,1405,Royal Navy  Hellenic Navy
Edgehill,Special Service Ship,4702,ENG
Town,CL,11500,ENG
Hawkins,CA,9750,ENG
Eidsvold,coastal defence ship,4233,Royal Norwegian Navy
El Amir Farouq,patrol vessel,1441,Egyptian Navy
Mount McKinley,amphibious command ship,7350,USA
Chao Ho,protected cruiser,2115,Hellenic Navy
Duca d'Aosta,CL,8450,Regia Marina
Emden,CL,5600,GER
Emerald,CL,7580,ENG
Émile Bertin,CL,5886,French Navy  Free French Naval Forces
Empire,merchant aircraft carrier,14250,ENG
Empire,merchant aircraft carrier,11000,ENG
Empire,merchant aircraft carrier,8000,ENG
Empire,merchant aircraft carrier,9000,ENG
Ruler,CVE,7800,ENG
Buckley,DE,1400,USA
Yorktown,CV,25100,USA
Erebus,BM,8000,ENG
Eritrea,SL,2200,Regia Marina
Hunt,DE,1050,Royal Norwegian Navy
Duca d'Aosta,CL,8750,Regia Marina
Admiralen,DD,1337,Netherlands
York,CA,8390,ENG
Explorer,survey ship,1800,United States Coast and Geodetic Survey
E,DD,1405,Royal Navy  Royal Canadian Navy
R,DD,1705.0,ENG
Montecuccoli,CL,3184.0,Regia Marina
Rainbow,SS,2060.0,ENG
Ruler,CVE,11400.0,ENG
Rajputana,armed merchant cruiser,16568.0,ENG
Bagley,DD,1500.0,USA
Ramb I,Armed merchant cruiser,3667.0,Regia Marina
Ramb II,Armed merchant cruiser,3667.0,Regia Marina
Ramb III,Armed merchant cruiser,3667.0,Regia Marina
Revenge,BB,29150.0,ENG
Basset,AM,529.0,Royal Indian Navy
Wickes,minelayer destroyer,1090.0,USA
Essex,CV,27100.0,USA
Ruler,CVE,7800.0,ENG
Ranger,CV,14500.0,USA
Rapana,merchant aircraft carrier,16000.0,ENG
Ruler,CVE,14630.0,ENG
Rawalpindi,Armed merchant cruiser,16697.0,ENG
Gnevny,DD,1695.0,Soviet Navy
Rechinul,SS,585.0,Royal Romanian Navy
Captain,FF,1300.0,ENG
Mahan,DD,1450.0,USA
Flower,K,925.0,Free French Naval Forces
Renown,battlecruiser,32000.0,ENG
Clemson,DD,1200.0,USA
Benham,DD,1500.0,USA
River,FF,1445.0,Royal Navy  Royal Canadian Navy
Richelieu,BB,35000.0,French Navy  Free French Naval Forces
Town,DD,1060.0,Royal Navy  Royal Canadian Navy  Soviet Navy
Bahia,CL,3100.0,Brazilian Navy
Serrano,DD,1090.0,CHL
Rivadavia,dreadnought,27720.0,Argentine Navy
Kaichū V type,training submarine,1030.0,JPN
Kaichū VI type,SS,1200.0,JPN
Kaichū VII type,SS,1447.0,JPN
Type L3,training submarine,1102.7,JPN
Type L4,SS,1301.0,JPN
Ko type,coastal submarine,782.0,JPN
Type IXC,SS,1213.0,JPN
Type IXC/40,SS,1237.0,JPN
Roberts,BM,8000.0,ENG
Gleaves,DD,1630.0,USA
Nelson,BB,34000.0,ENG
Littorio,BB,41000.0,Regia Marina
Rosario,GB,1055.0,Argentine Navy
Flower,K,925.0,Royal Norwegian Navy
Flower modified,K,1015.0,ENG
Flower,K,925.0,FRA
Revenge,BB,29150.0,Royal Navy  Soviet Navy
H,SS,441.0,CHL
Ruler,CVE,15390.0,ENG
Ryūhō,CVL,13360.0,JPN
Ryūjō,CVL,10600.0,JPN
S,SS,814,ENG
A,DD,1337,Royal Canadian Navy
Matsu,DD,1262,JPN
Town,DD,1190,Royal Navy  Royal Canadian Navy
S,SS,670,ENG
Pensacola,CA,9100,USA
Butler,DE,1370,USA
San Giorgio,CA,10167,Regia Marina
Sangamon,CVE,24275,USA
Minas Geraes,BB,19200,Brazilian Navy
S,DD,1710,ENG
Temes,river monitor,440,Royal Yugoslav Navy
Scharnhorst,BB,32000,GER
Deutschland,BB,14218,GER
Capitani Romani,light cruiser (also known as exploratori oceanici),3750,Regia Marina
Dido,anti-aircraft cruiser,5600,ENG
Ruler,CVE,14400,ENG
Clemson,DD,1250,USA
Sendai,CL,5195,JPN
Enlarged Admiral Hipper,CA,14680,GER
Orzeł,SS,1100,Polish Navy
Shinano,CV,64800,JPN
Shin'yō,CV,17500,JPN
Shōkaku,CV,25675,JPN
V,DD,1710,Royal Canadian Navy
Sirène,SS,599,FRA
Skagerak,CM,1281,GER
A,DD,1350,Royal Canadian Navy
Ruler,CVE,8333,ENG
Flores,GB,1457,Royal Netherlands Navy
De Zeven Provinciën,coastal defence ship,6530,Royal Netherlands Navy  Imperial Japanese Navy
Anchusa,SL,1290,Egypt
Cannon,DD,1240,Free French Naval Forces
Sōryū,CV,15900,JPN
Southampton,CL,9100,ENG
Pegasus,fighter catapult ship,5155,ENG
Cleveland,CL,10160,USA
Thonburi,coastal defence ship,2350,Royal Thai Navy
Town,DD,1190,Royal Navy  Royal Norwegian Navy  Soviet Navy
Clemson,DD,1190,Royal Canadian Navy
Clemson,DD,1216,Royal Canadian Navy
C,DD,1375,Royal Canadian Navy
Attacker,CVE,14400,ENG
Clemson,DD,1200,United States Navy  Imperial Japanese Navy
Stier,MC,11000,GER
S,DD,2400,Royal Norwegian Navy
Dunkerque,BB,26500,FRA
Attacker,CVE,10000,ENG
Suffren,CA,9940,French Navy  Free French Naval Forces
Java,CL,6670,Royal Netherlands Navy
Mogami,CA,15900,JPN
S,DD,1710,Royal Norwegian Navy
Sverige,coastal defence ship,6852,Swedish Navy
Loch,FF,1370,Royal Navy  South African Navy
Clemson,DD,1200,USA
Edsall,DE,1250,USA
Rudderow,DE,1450,USA
Attacker,CVE,8200,ENG
Danae,C,4850,ENG
Buckley,DE,1140,United States Navy  Republic of China Navy
D,DD,1375,Royal Navy  Royal Canadian Navy
Allen M. Sumner,DD,2200,USA
John C. Butler,DE,1350,USA
Gearing,DD,2250,USA
Wickes,DD,1150,USA
De Ruyter,C,7822,Netherlands
Deutschland,CA,12100,GER
County,C,9750,ENG
Flower modified,K,1015,Royal Navy  United States Navy
Admiralty,destroyer flotilla leader,1610,ENG
Evarts,DE,1250,USA
Drache,CM,1870,GER
Danae,C,4850,Royal Navy  Polish Navy
Enns,river monitor,536,Royal Yugoslav Navy
Drazki,torpedo boat,97,Bulgarian Navy
Dristigheten,seaplane carrier,3445,Swedish Navy
Sverige,coastal defence ship,7125,Swedish Navy
Gato,SS,"1,525 surfaced",United States
Dubrovnik,DD,1210,Royal Yugoslav Navy
Duguay-Trouin,CL,7250,French Navy  Free French Naval Forces
Andrea Doria,BB,25920,Regia Marina
Shoreham,SL,1060,ENG
Dunvegan Castle,Armed merchant cruiser,15007,ENG
Suffren,CA,10000,FRA
Duquesne,CA,10000,French Navy  Free French Naval Forces
Fidelity,Special Service Ship,2456,ENG
Folkestone,SL,1045,ENG
F,DD,1405,Royal Navy  Royal Canadian Navy
V,DD,1405,Royal Navy  Royal Canadian Navy
Edsall,DE,1200,USA
H,SS,441,CHL
Fridtjof Nansen,patrol ship,1575,Royal Norwegian Navy
Fu An,GB,1900,Republic of China Navy
Fubuki,DD,1750,JPN
Yūgumo,DD,2520,JPN
Mutsuki,DD,1315,JPN
Glorious,CV,22400,ENG
Furutaka,CA,9150,JPN
F,DD,1405,ENG
Fusō,dreadnought,34700,JPN
Q,DD,1692,ENG
New Orleans,CA,9375,USA
Baltimore,CA,13600,USA
P,DD,1690,ENG
Parthian,SS,2070,ENG
Rosario,GB,1055,Argentine Navy
Courbet,dreadnought,23475,French Navy  Royal Navy
P,SL,623,Royal Indian Navy
Patia,fighter catapult ship,5355,ENG
Patria,GB,1200,Cuba
Patroclus,armed merchant cruiser,11314,ENG
Herluf Trolle,coastal defence ship,3494,Royal Danish Navy
Pegasus,fighter catapult ship,7080,ENG
Pennsylvania,BB,33000,USA
Flower,K,925,Royal Navy } United States Navy
Colossus,aircraft maintenance carrier,13200,ENG
Admiral Hipper,CA,14680,Soviet Navy
Brooklyn,CL,10200,USA
Admiralen,DD,1337,Royal Netherlands Navy
Ping Hai,CL,2200,Republic of China Navy
Pinguin,Auxiliary cruiser,17600,GER
N,DD,1690,Polish Navy
Pluton,minelayer light cruiser,4773,FRA
Zara,CA,11730,Regia Marina
Portland,CA,9950,USA
Flower,K,925,Royal Navy  Royal Norwegian Navy
Pretoria Castle,armed merchant cruiser,23450,ENG
Prince David,armed merchant cruiser,5736,Royal Canadian Navy
Prince Henry,armed merchant cruiser,6893,Royal Canadian Navy
Prince Robert,armed merchant cruiser,6892,Royal Canadian Navy
Prins van Oranje,CM,1291,Royal Netherlands Navy
Bretagne,BB,22200,FRA
Prunella,Special Service Ship,4443,ENG
Attacker,CVE,11400,ENG
Rapana,merchant aircraft carrier,8000,Netherlands
G,DD,1335,ENG
Fiji,CL,8000,Royal Navy  Royal New Zealand Navy
Wickes,minelayer destroyer,1090,USA
G,DD,1335,Royal Navy  Polish Navy
Giuseppe Garibaldi,armored cruiser,6100,Argentine Navy
La Galissonnière,CL,7600,French Navy  Free French Naval Forces
Town,DD,1200,Royal Navy  Royal Canadian Navy  Soviet Navy
Pisa,armored cruiser,9450,Hellenic Navy
Giussano,CL,5200,Regia Marina
G,DD,1350,ENG
Conte di Cavour,dreadnought,26140,Regia Marina
Duca degli Abruzzi,CL,9195,Regia Marina
Giuseppe Miraglia,seaplane tender,4965,Regia Marina
Glorious,CV,22500,ENG
Colossus,CV,13200,ENG
Town,CL,9400,ENG
Captain,FF,1150,ENG
Zara,CA,11900,Regia Marina
Graf Zeppelin,CV,23200,GER
Type VIIC,SS,769,Kriegsmarine  Royal Navy
U,DD,1777,ENG
G,DD,1350,Royal Navy  Royal Canadian Navy
Grom,DD,1975,Polish Navy
Gryf,CM,2085,Polish Navy
Alaska,"battlecruiser (""large cruiser"")",27500,USA
Type 37,torpedo boat,1098,GER
Taihō,CV,29300,JPN
Taiyō,CVE,18116,JPN
Takao,CA,13160,JPN
Tannenberg,CM,1098,GER
Magdeburg,CL,3184,Regia Marina
Tarmo,escort and icebreaker,2300,Finland
Tenryu,CL,4350,JPN
Wickes,DD,1060,USA
T,DD,1710,ENG
Tennessee,BB,33190,USA
Tenryū,CL,4350,JPN
River,FF,1370,Royal Navy  South African Navy
Thonburi,coastal defence ship,2265,Royal Thai Navy
Thor,MC,9200,GER
Bismarck,BB,42900,GER
N,DD,1760,Royal Netherlands Navy
Togo,Night fighter direction vessel,12700,GER
Asama,armored cruiser,9700,JPN
Tone,CA,15200,JPN
Transylvania,armed merchant cruiser,16923,ENG
Trento,CA,10511,Regia Marina
Tromp,light cruiser/flotilla leader,3455,Royal Netherlands Navy
Tsingtau,Supply escort and Schnellboot tender,2490,GER
Fu An,gunship,1900,Republic of China Navy
Castle-class corvette,K,1010,Royal Norwegian Navy
Grampus,SS,1810,ENG
C,DD,1710,ENG
C,CL,4200,ENG
Antioquia,DD,1219,Colombian National Navy
C,CL,4180,ENG
Tennessee,BB,32600,USA
Nairana,CVE,13000,ENG
County,CA,9850,Royal Australian Navy
Cannon,DE,1240,United States Navy  Brazilian Navy
Casablanca,CVE,10400,USA
Capitan O'Brien,SS,2020,CHL
Captor,Q-ship,319,USA
Bogue,CVE,9800,USA
C,CL,4290,ENG
Carinthia,Armed Merchant Cruiser,20277,ENG
Gleaves,DE,1630,USA
Flower,K,925,Royal Navy  Royal Netherlands Navy
Cannon,DE,1240,USA
Tribal,DD,1850,Royal Canadian Navy
Butler,DE,1350,USA
Cervantes,DD,1522,Argentine Navy
Presidente Errazuriz,protected cruiser,4500,CHL
Clemson,DAM,1200,USA
Chao Ho,C,2750,Republic of China Navy
Avenger,CVE,8200,USA
Flower modified,K,1015,Royal Navy  Royal Indian Navy
Avenger,CVE,11400,ENG
P,Special Service ship,610,ENG
Town,DD,1190,Royal Navy  Royal Canadian Navy  Soviet Navy
Sangamon,CVE,11400,USA
Svetlana,CL,7600,Soviet Navy
Wickes,DD,1190,USA
Chitose,CVL,11190,JPN
Town,DD,1190,Royal Navy  Soviet Navy
Takao,CA,15781,JPN
Cleveland,CL,10000,USA
Clive,SL,2083,Royal Indian Navy
River,SS,2206,ENG
C,DD,1885,ENG
A,destroyer leader,1350,ENG
Town,DD,1060,Royal Canadian Navy
Hunt,DE,1050,Free French Naval Forces
Commencement Bay,CVE,11373,USA
D,CL,4850,Royal Navy  Polish Navy
Casablanca,CVE,9600,USA
Cornwallis,SL,1290,Royal Indian Navy
Coronel,MC,12700,GER
Courbet,dreadnought,23200,French Navy  Free French Naval Forces
C,DD,1900,Royal Canadian Navy
Cuba,SL,2055,Cuba
C-class light cruiser,,4290,ENG
U,SS,540,Royal Navy  Free French Naval Forces
Cyprus,Special Service Ship,4398,ENG
Wickes,DD,1190.0,USA
Maracaibo,LST,4193.0,ENG
Fletcher,DD,2050.0,USA
Hunt,DE,1050.0,Royal Navy  Royal Norwegian Navy
Bahia-class light cruiser,,3100.0,Brazilian Navy
Commencement Bay,CVE,10200.0,USA
Cannon,DE,1240.0,USA
Porter,DD,1850.0,USA
Baltimore-class heavy cruiser,,17200.0,USA
Admiralen class,DD,1337.0,Royal Netherlands Navy
Gato-class submarine,,2460.0,USA
Buckley,DE,1400.0,USA
Queen Elizabeth,BB,31000.0,ENG
CL,,3284.0,Regia Marina
Battle,DD,2325.0,ENG
Bogue,CVE,11400.0,USA
Giussano-class light cruiser,,5200.0,Regia Marina
Sumner,DD,2200.0,USA
B,DD,1350.0,ENG
Tribal,DD,2020.0,Royal Australian Navy
Independence,CVL,11000.0,USA
Town,DD,1190.0,Royal Navy  Royal Norwegian Navy
Attacker,CVE,10000.0,ENG
Cannon,DE,1240.0,United States  Brazilian Navy
Béarn,CV,22150.0,French Navy  Free French Naval Forces
Hunt,DE,1000.0,ENG
Evarts,DE,1140.0,USA
Tribal,DD,2020.0,ENG
Flower,K,925.0,Royal Navy  United States Navy
Town-class cruiser,,11553.0,ENG
Town,DD,1200.0,ENG
Hunt,DE,1050.0,ENG
Bathurst,K,1025.0,Royal Indian Navy
Gearing,DD,2250.0,USA
Essex,CV,30800.0,USA
Fiji-class cruiser,,8000.0,ENG
Flower modified,K,1015.0,Royal Navy  Royal Indian Navy
Shoreham,SL,1105.0,ENG
Big Horn,Q-ship,,USA
Cleveland-class light cruiser,,11800.0,USA
Southampton-class light cruiser,,9770.0,ENG
Bismarck,BB,41700.0,GER
Attacker,CVE,8200.0,ENG
Flower,K,925.0,Royal Navy  Royal Canadian Navy
Butler,DE,1350.0,USA
Dido-class light cruiser,,5950.0,ENG
Edsall,DE,1250.0,USA
C,,3435.0,CHL
Bogue,CVE,9800.0,USA
Commencement Bay,CVE,14400.0,USA
Admiral Hipper-class heavy cruiser,,14000.0,GER
Grom,DD,1975.0,Poland
Wickes,DAM,1190.0,USA
Brooklyn-class light cruiser,,9950.0,USA
Trento class heavy cruiser,,10511.0,Regia Marina
B,DD,1350.0,Royal Navy  Hellenic Navy
Boxer,LST,3620.0,ENG
Ticonderoga,CV,30800.0,USA
River,FF,1370.0,Royal Navy  Free French Naval Forces
Brandenburg,CM,3894.0,GER
Hunt,DE,1175.0,ENG
Wickes,minelayer destroyer,1190.0,USA
Bretagne,BB,22200.0,FRA
Bogue,CVE,7800.0,USA
Town,DD,1200.0,Royal Navy  Soviet Navy
Flower modified,K,1015.0,USA
Brummer,CM,1924.0,GER
Brutus,Special Service Ship,5945.0,ENG
Haskell class attack transport,,536.0,USA
Buenos Aires,DD,1375.0,Argentine Navy
Wicher,DD,1400.0,Poland
Town,DD,1215.0,Royal Navy  Royal Canadian Navy
Type IA,SS,982,GER
Type IX,SS,1152,GER
Type IXB,SS,1178,GER
Type IXC,SS,1232,GER
Type IXC/40,SS,1257,GER
Type IXC/40,SS,1257,Kriegsmarine  Royal Canadian Navy
Type IXD,SS,1799,GER
Type XIV,"submarine tender (""Milchkuh"")",1932,GER
Type XXI,"submarine (""Elektroboot"")",1819,GER
H,training submarine,441,GER
Crown Colony,CL,8800,Royal Navy  Royal Canadian Navy
Buckley,DE,1673,USA
Unicorn,aircraft maintenance carrier,16510,ENG
Taiyō,CVE,17830,JPN
Utah,radio controlled target-ship and anti-aircraft training ship,21825,USA
Colossus,CV,18300,ENG
Tribal,DD,2020,Royal Australian Navy
Somers,destroyer leader,1850,USA
Wasp (I),CV,14700,USA
Colorado,BB,31500,USA
Wicher,DD,1400,Polish Navy
Wichita,CA,10000,USA
Widder,MC,16800,GER
Willem van der Zaan,CM,1407,Royal Netherlands Navy
Admiralty W,DD,1188,ENG
Robert H. Smith,minelayer destroyer,2200.0,USA
Abdiel,CM,2650.0,ENG
Roberts,BM,8536.0,ENG
John C. Butler,DE,1350.0,USA
Nagara,CL,5088.0,JPN
A,DD,1350.0,ENG
Rapana,merchant aircraft carrier,8010.0,ENG
Leander,CL,7270.0,Royal Navy Royal New Zealand Navy
Birmingham,CL,5550.0,Royal Australian Navy
Deutschland,C,12103.0,GER
Admiral Hipper,CA,14000.0,GER
Deutschland,C,12100.0,GER
Hunt,DE,1050.0,Hellenic Navy
Adventure,minelayer cruiser,6850.0,ENG
Aetos,DD,1030.0,Hellenic Navy
Agano,CL,6650.0,JPN
Leander,CL,7220.0,ENG
Amagi,CV,36500.0,JPN
Akizuki,DD,2700.0,JPN
South Dakota,BB,35000.0,USA
Alaska,"battlecruiser (""large cruiser"")",27500.0,USA
Albatross,seaplane carrier,6350.0,ENG
1923 Raubvogel-class torpedo boat,,1290.0,GER
Condottieri,CL,5200.0,Regia Marina
Alcantara,Armed merchant cruiser,22181.0,ENG
Clemson,DD,1250.0,USA
Allen M. Sumner,DD,2200.0,USA
Cannon,DE,1240.0,United States Navy  Brazilian Navy
Algérie,CA,10000.0,FRA
Cannon,DE,1240.0,Free French Naval Forces
V,DD,2700.0,Royal Canadian Navy
Veinticinco de Mayo,CA,6800.0,Argentine Navy
Almirante Lynch,DD,1430.0,CHL
Almirante Latorre,BB,28550.0,CHL
Capitan O'Brien,SS,2020.0,CHL
Bogue,CVE,7900.0,USA
Unryū,CV,17150.0,JPN
prototype,DD,1350.0,ENG
prototype,DD,1173.0,ENG
Black Swan,SL,1350.0,ENG
Amiral Murgescu,CM,812.0,Romanian Naval Forces  Soviet Navy
Anacapa,Q-ship,7500.0,USA
Andrea Doria,BB,25920.0,Regia Marina
Town,DD,1190.0,Royal Canadian Navy
King George V,BB,35000.0,ENG
Guadiana,DD,1219.0,Colombian National Navy
Antoine,Special Service Ship,1030.0,ENG
Aoba,CA,5088.0,JPN
Aquila,CV,23500.0,Regia Marina
Flower modified,K,1015.0,Royal New Zealand Navy
Äran,coastal defence ship,3650.0,Swedish Navy
Avenger,CVE,8200.0,ENG
Arcona,Floating anti-aircraft battery,2657.0,GER
Argus,CV,14860.0,ENG
Ariguani,fighter catapult ship,,ENG
Pennsylvania,BB,32600.0,USA
Wyoming,BB,26100.0,USA
Ark Royal,CV,22000.0,ENG
Condottieri,CL,5316.0,Regia Marina
PB,,1640.0,Belgian Navy
Myōkō,CA,13300.0,JPN
Flower modified,K,1015.0,Royal Indian Navy
C,DD,1390.0,Royal Canadian Navy
Asterion,Q-ship,6610.0,USA
New Orleans,CA,9950.0,USA
Takao,CA,14616.0,JPN
Tribal,DD,2020.0,Royal Canadian Navy
Atik,Q-ship,6610.0,USA
Atlantis,MC,7862.0,GER
Attacker,CVE,11400.0,ENG
Capitani Romani,CL,3750.0,Regia Marina
Northampton,CA,9200.0,USA
Aurora,C,6731.0,Soviet Navy
County,CA,9850.0,Royal Australian Navy
Fubuki,DD,2090.0,JPN
Farragut,DD,1365.0,USA
V7,river gunboat,,Romanian Naval Forces
Project 1125,river gunboat,,Romanian Naval Forces
Väinämöinen,coastal defence ship,3900.0,Finnish Navy
Admiralen,DD,1680.0,Royal Netherlands Navy
N,DD,1801.0,Royal Netherlands Navy
Van Kinsbergen,SL,1760.0,Royal Netherlands Navy
Admiralen,DD,1337.0,Royal Netherlands Navy
Vedenia,motor torpedo boat,30.0,Romanian Naval Forces
Sava,river monitor,580.0,Royal Yugoslav Navy
G,DD,1350.0,Hellenic Navy  Kriegsmarine
G,DD,1350.0,Hellenic Navy
Commencement Bay,CVE,10900.0,USA
V,DD,1710.0,ENG
Illustrious,CV,23000.0,ENG
Vosper,motor torpedo boat,32.0,Romanian Naval Forces
New Orleans,CA,9400.0,USA
Nairana,CVE,13671.0,ENG
Hawkins,repair ship,9394.0,ENG
Kirov,CA,7880.0,Soviet Navy
