Section,create_equipment_variant,name,type,name_group,parent_version,design_team,obsolete,icon,ship_mtg_naval_range_upgrade,ship_mtg_armor_sub_upgrade,ship_mtg_engine_upgrade,ship_mtg_armor_upgrade,ship_anti_air_upgrade,ship_mtg_mid_engine_upgrade,ship_mtg_light_engine_upgrade,ship_mtg_carrier_engine_upgrade,ship_mtg_deck_space_upgrade,ship_mtg_hevy_engine_upgrade,ship_ASW_upgrade,ship_mtg_sp_hevy_engine_upgrade,submarine_mtg_engine_upgrade,mid_1_custom_slot,fixed_ship_deck_slot_2,fixed_ship_anti_air_slot,fixed_ship_battery_slot,rear_1_custom_slot,fixed_ship_engine_slot,fixed_ship_torpedo_slot,mid_2_custom_slot,front_1_custom_slot,fixed_ship_radar_slot,fixed_ship_torpedo_depth_charge_slot,fixed_ship_deck_slot_1,fixed_ship_fire_control_system_slot,fixed_ship_armor_slot,fixed_ship_secondaries_slot
siam_navy,create_equipment_variant,Chakri Naruebet Class,ship_hull_carrier_1,SIA_HISTORICAL_CV,,,,,6,5,3,6
siam_navy,create_equipment_variant,Great Pleiades Class,ship_hull_cruiser_coastal_defense_ship_2,SIA_HISTORICAL_BB,,,,,10,10,7,,
siam_navy,create_equipment_variant,Dhonburi Class,ship_hull_cruiser_coastal_defense_ship_1,SIA_HISTORICAL_BB,,,,,8,6,10,,
siam_navy,create_equipment_variant,Sri Ayuthia Class,ship_hull_cruiser_2,SIA_HISTORICAL_CA,0,,,,4,5,8,,
siam_navy,create_equipment_variant,Doi Ang Khang Class,ship_hull_cruiser_1,SIA_HISTORICAL_CA,0,,,,4,5,8,,
siam_navy,create_equipment_variant,Phu Kradueng Class,ship_hull_cruiser_1,SIA_HISTORICAL_CA,0,,,,4,6,8,,
siam_navy,create_equipment_variant,Taksin Class,ship_hull_cruiser_1,SIA_HISTORICAL_CL,0,,,,3,,3,,
siam_navy,create_equipment_variant,Bali Class,ship_hull_cruiser_2,SIA_HISTORICAL_CL,0,,,,3,2,4,,
siam_navy,create_equipment_variant,Maeklong Class,ship_hull_frigate_2,SIA_HISTORICAL_DD,,,,,10,10,,5,,,,5
siam_navy,create_equipment_variant,Phra Ruang Class,ship_hull_light_0,SIA_HISTORICAL_DD,,,,,6,,0,,,5,,,
siam_navy,create_equipment_variant,Prap Porapak Class,ship_hull_light_1,SIA_HISTORICAL_DD,,,,,4,,1,,,5,,,
siam_navy,create_equipment_variant,Kechon Class,ship_hull_light_1,SIA_HISTORICAL_DD,,,,,5,,2,,,6,,,
siam_navy,create_equipment_variant,Ratnakosindra Class,ship_hull_micro,,,,,,8,8,,,,,,,
siam_navy,create_equipment_variant,Trad Class,ship_hull_frigate_2,SIA_HISTORICAL_DD,,,,,10,8,,3,,,,,3
siam_navy,create_equipment_variant,Sua Thayan Chon Class,ship_hull_frigate_2,SIA_HISTORICAL_DD,,,,,10,8,,2,,,,,5
siam_navy,create_equipment_variant,Sriya Monthon Class,ship_hull_frigate_2,SIA_HISTORICAL_DD,,,,,10,8,,2,,,,,5
siam_navy,create_equipment_variant,Matchanu Class,ship_hull_submarine_1,PHI_HISTORICAL_SS,0,,,,2,,,,,,,,,4
siam_navy,create_equipment_variant,Sunthorn Phu Class,ship_hull_cruiser_submarine,SIA_HISTORICAL_SS,0,,,,5,,,,,,,,,3
kamchatka_navy,create_equipment_variant,Huji Class,ship_hull_pre_dreadnought_0,JAP_HISTORICAL_BB,,,,,20,,20,,,,,,5,,
kamchatka_navy,create_equipment_variant,Shikishima Class,ship_hull_pd_battle_carrier,JAP_HISTORICAL_BB,,,,,4,,5,,,,,,5,,
kamchatka_navy,create_equipment_variant,Ukuru Class,ship_hull_frigate_2,JAP_DE_HISTORICAL,,,,,10,10,,5,,,,,,5,
kamchatka_navy,create_equipment_variant,Ise Class,ship_hull_battle_carrier_1,JAP_HISTORICAL_BB,,,,,5,,5,,,,,2,5,,
kamchatka_navy,create_equipment_variant,Huso Class,ship_hull_battle_carrier_1,JAP_HISTORICAL_BB,,,,,4,,3,,,,,2,5,,
kamchatka_navy,create_equipment_variant,Kasuga Class,ship_hull_cruiser_armored_cruiser_carrier,JAP_HISTORICAL_BB,,,,,3,,1,,8,,,2,,,
kamchatka_navy,create_equipment_variant,Housyo Class,ship_hull_carrier_0,JAP_HISTORICAL_CV,,,,,10,,1,,,,2,0,,,
kamchatka_navy,create_equipment_variant,Ryuuhou Class,ship_hull_carrier_conversion_tp,JAP_HISTORICAL_CVL,,,,,4,,0,,,,4,2,,,
kamchatka_navy,create_equipment_variant,Jyunyo Class,ship_hull_carrier_conversion_mc,JAP_HISTORICAL_CVL,,,,,5,,1,,,,5,3,,,
kamchatka_navy,create_equipment_variant,Yamashiomaru Class,ship_hull_carrier_conversion_mc,JAP_HISTORICAL_CVL,,,,,6,,1,,,,6,1,,,
kamchatka_navy,create_equipment_variant,Asashio Class,ship_hull_light_2,JAP_HISTORICAL_DD,,,,,5,,2,,,5,,,,,
kamchatka_navy,create_equipment_variant,Hubuki Class,ship_hull_light_2,JAP_HISTORICAL_DD,,,,,5,,2,,,5,,,,,
kamchatka_navy,create_equipment_variant,Oodomari Class,ship_hull_cruiser_0_transport_remodeling,JAP_MINELAYERS_HISTORICAL,,,,,6,,6,,6,,,,,,
kamchatka_navy,create_equipment_variant,Chiyoda Class,ship_hull_cruiser_3,JAP_HISTORICAL_AV,,,,,6,,4,,6,,,,,,
kamchatka_navy,create_equipment_variant,Kashihara Class,ship_hull_cruiser_3,JAP_TV,,,,,6,,4,,4,,,,,,
kamchatka_navy,create_equipment_variant,Atsuta Class,ship_hull_cruiser_4,JAP_TV,,,,,6,,4,,4,,,,,,
kamchatka_navy,create_equipment_variant,Kagerou Class,ship_hull_light_3,JAP_HISTORICAL_DD,,,,,5,,2,,,5,,,,,
kamchatka_navy,create_equipment_variant,Yaeyama Class,ship_hull_cruiser_4,JAP_MINELAYERS_HISTORICAL,,,,,8,,4,,6,,,,,,
kamchatka_navy,create_equipment_variant,Kasado Class,ship_hull_cruiser_4,JAP_DE_HISTORICAL,,,,,10,,5,,5,,,,,,
kamchatka_navy,create_equipment_variant,Souya Class,ship_hull_cruiser_carrier_0,JAP_HISTORICAL_AV,,,,,8,,2,,4,,,0,,,
kamchatka_navy,create_equipment_variant,Jingei Class,ship_hull_cruiser_1,JAP_WHALE,,,,,5,,1,,4,,,,,,
kamchatka_navy,create_equipment_variant,Hakugei Class,ship_hull_cruiser_2,JAP_WHALE,,,,,7,,1,,6,,,,,,
kamchatka_navy,create_equipment_variant,Suzunami Class,ship_hull_light_2,JAP_HISTORICAL_DD,,,,GFX_suzunami,5,,2,,,5,,,,,
kamchatka_navy,create_equipment_variant,Kai Tyu VII Class,ship_hull_submarine_2,JAP_MHISTORICAL_SS,,,,,2,,2,,,,,,,,2
england_navy,create_equipment_variant,Victory Class,ship_hull_wooden_hulled_heavy_2,ENG_HISTORICAL_BB,3,,,,3,,5,,,,,,3,,
england_navy,create_equipment_variant,Queen Elizabeth Class,ship_hull_heavy_0,ENG_HISTORICAL_BB,3,,,,3,,5,,,,,,3,,
england_navy,create_equipment_variant,Revenge Class,ship_hull_heavy_0,ENG_HISTORICAL_BB,4,,,,5,,5,,,,,,7,,
england_navy,create_equipment_variant,Nelson Class,ship_hull_heavy_1,ENG_HISTORICAL_BB,1,,,,5,,5,,,,,,3,,
england_navy,create_equipment_variant,King George V Class,ship_hull_heavy_1,ENG_HISTORICAL_BB,1,,,,5,,5,,,,,,5,,
england_navy,create_equipment_variant,Lion Class,ship_hull_heavy_2,ENG_HISTORICAL_BB,1,,,,5,,6,,,,,,5,,
england_navy,create_equipment_variant,Admiral Class,ship_hull_heavy_1,ENG_HISTORICAL_BC,1,,,,4,,5,,,,,,5,,
england_navy,create_equipment_variant,Incomparable Class,ship_hull_super_heavy_1,ENG_HISTORICAL_BC,1,,,,8,,7,,,,,,5,,
england_navy,create_equipment_variant,Minotaur Class,ship_hull_cruiser_armored_cruiser,ENG_HISTORICAL_CA,8,,,,4,,3,,5,,,,,,
england_navy,create_equipment_variant,Pelorus Class,ship_hull_cruiser_defenced_cruiser,ENG_HISTORICAL_CL,,,,,3,,5,,4,,,,,,
england_navy,create_equipment_variant,Blonde Class,ship_hull_cruiser_scout_cruiser,ENG_HISTORICAL_CL,,,,,2,,0,,1,,,,,,
england_navy,create_equipment_variant,Arethusa Class,ship_hull_cruiser_1,ENG_HISTORICAL_CL,,,,,3,,0,,5,,,,,,
england_navy,create_equipment_variant,Southampton Class,ship_hull_cruiser_2,CAN_HISTORICAL_CL,,,,,3,,0,,5,,,,,,
england_navy,create_equipment_variant,Gloucester Class,ship_hull_cruiser_2,CAN_HISTORICAL_CL,,,,,4,,1,,6,,,,,,
england_navy,create_equipment_variant,Edinburgh Class,ship_hull_cruiser_2,CAN_HISTORICAL_CL,,,,,5,,1,,6,,,,,,
england_navy,create_equipment_variant,Dido Class,ship_hull_cruiser_2,ENG_HISTORICAL_CL,,,,,5,,1,,5,,,,,,
england_navy,create_equipment_variant,Bellona Class,ship_hull_cruiser_2,ENG_HISTORICAL_CL,,,,,3,,1,,5,,,,,,
england_navy,create_equipment_variant,Crown Colony Class,ship_hull_cruiser_2,ENG_HISTORICAL_CL,,,,,6,,2,,5,,,,,,
england_navy,create_equipment_variant,Swiftsure Class,ship_hull_cruiser_3,ENG_HISTORICAL_CL,,,,,6,,3,,5,,,,,,
england_navy,create_equipment_variant,Tiger Class,ship_hull_cruiser_4,ENG_HISTORICAL_CL,,,,,6,,3,,5,,,,,,
england_navy,create_equipment_variant,London Class,ship_hull_cruiser_1,ENG_HISTORICAL_CA,,,,,5,,2,,5,,,,,,
england_navy,create_equipment_variant,Norfolk Class,ship_hull_cruiser_1,ENG_HISTORICAL_CA,,,,,5,,3,,5,,,,,,
england_navy,create_equipment_variant,York Class,ship_hull_cruiser_1,ENG_HISTORICAL_CA,,,,,5,,4,,5,,,,,,
england_navy,create_equipment_variant,Abdiel Class,ship_hull_cruiser_1,ENG_HISTORICAL_CL,,,,,3,,1,,5,,,,,,
england_navy,create_equipment_variant,Gorgon Class,ship_hull_cruiser_coastal_defense_ship_1,ENG_HISTORICAL_BB,,,,,6,,4,,1,,,,,,
england_navy,create_equipment_variant,M15 Class,ship_hull_monitor,ENG_HISTORICAL_BB,,,,,3,,5,,5,,,,,,
england_navy,create_equipment_variant,Artifex Class,ship_hull_cruiser_0_remodeling,ENG_HISTORICAL_CL,,,,,2,,1,,5,,,,,,
england_navy,create_equipment_variant,Maidstone Class,ship_hull_cruiser_0_transport_remodeling,ENG_HISTORICAL_CL,,,,,2,,1,,5,,,,,,
england_navy,create_equipment_variant,Roberts Class,ship_hull_monitor_2,ENG_HISTORICAL_BB,,,,,3,,5,,5,,,,,,
england_navy,create_equipment_variant,Otranto Class,ship_hull_cruiser_0_transport_remodeling,ENG_HISTORICAL_CL,,,,,3,,1,,3,,,,,,
england_navy,create_equipment_variant,Argus Class,ship_hull_carrier_conversion_tp,ENG_HISTORICAL_CV,,,,,2,,0,,,,2,1,,,
england_navy,create_equipment_variant,Centurion Class,ship_hull_carrier_conversion_bb,ENG_HISTORICAL_CV,,,,,4,,4,,,,5,4,,,
england_navy,create_equipment_variant,Iron Duke Class,ship_hull_carrier_conversion_bb,ENG_HISTORICAL_CV,,,,,4,,2,,,,5,4,,,
england_navy,create_equipment_variant,Glorious Class,ship_hull_carrier_conversion_bb,ENG_HISTORICAL_CV,,,,,2,,1,,,,4,4,,,
england_navy,create_equipment_variant,Ark Royal Class,ship_hull_carrier_0,ENG_HISTORICAL_CV,,,,,2,,2,,,,4,4,,,
england_navy,create_equipment_variant,Illustrious Class,ship_hull_carrier_3,ENG_HISTORICAL_CV,,,,,10,,7,,,,8,5,,,
england_navy,create_equipment_variant,Implacable Class,ship_hull_carrier_1,ENG_HISTORICAL_CV,,,,,3,,2,,,,5,4,,,
england_navy,create_equipment_variant,Audacious Class,ship_hull_carrier_2,ENG_HISTORICAL_CV,,,,,5,,2,,,,6,4,,,
england_navy,create_equipment_variant,Colossus Class,ship_hull_light_carrier_0,ENG_HISTORICAL_CV,,,,,3,,1,,,,3,5,,,
england_navy,create_equipment_variant,Majestic Class,ship_hull_light_carrier_1,ENG_HISTORICAL_CV,,,,,5,,2,,,,2,3,,,
england_navy,create_equipment_variant,Unicorn Class,ship_hull_light_carrier_1,CAN_HISTORICAL_CV,,,,,4,,2,,,,1,3,,,
england_navy,create_equipment_variant,Centaur Class,ship_hull_light_carrier_2,ENG_HISTORICAL_CV,,,,,5,,1,,,,4,3,,,
england_navy,create_equipment_variant,Hermes Class,ship_hull_light_carrier_2,ENG_HISTORICAL_CV,,,,,5,,1,,,,4,3,,,
england_navy,create_equipment_variant,Attacker Class,ship_hull_carrier_conversion_mc,ENG_HISTORICAL_CV,,,,,8,,1,,,,4,3,,,
england_navy,create_equipment_variant,Second G Class,ship_hull_light_1,ENG_HISTORICAL_DD,,,,,4,,0,,,3,,,,,
england_navy,create_equipment_variant,Hunt III Class,ship_hull_light_1,ENG_HISTORICAL_DD,0,,,,2,,0,,,0,,,,,
england_navy,create_equipment_variant,Second H Class,ship_hull_light_1,ENG_HISTORICAL_DD,,,,,4,,1,,,3,,,,,
england_navy,create_equipment_variant,Second I Class,ship_hull_light_1,ENG_HISTORICAL_DD,,,,,4,,1,,,3,,,,,
england_navy,create_equipment_variant,Tribal II Class,ship_hull_light_1,ENG_HISTORICAL_DD,,,,,3,,0,,,4,,,,,
england_navy,create_equipment_variant,J/K/N Class,ship_hull_light_1,ENG_HISTORICAL_DD,,,,,3,,0,,,4,,,,,
england_navy,create_equipment_variant,Second L Class,ship_hull_light_1,ENG_HISTORICAL_DD,,,,,3,,0,,,4,,,,,
england_navy,create_equipment_variant,Second M Class,ship_hull_light_2,ENG_HISTORICAL_DD,,,,,4,,0,,,6,,,,,
england_navy,create_equipment_variant,O Class,ship_hull_light_1,ENG_HISTORICAL_DD,,,,,3,,0,,,5,,,,,
england_navy,create_equipment_variant,P Class,ship_hull_light_2,ENG_HISTORICAL_DD,,,,,4,,1,,,5,,,,,
england_navy,create_equipment_variant,Q Class,ship_hull_light_2,ENG_HISTORICAL_DD,,,,,4,,1,,,5,,,,,
england_navy,create_equipment_variant,Second R Class,ship_hull_light_2,ENG_HISTORICAL_DD,,,,,4,,1,,,5,,,,,
england_navy,create_equipment_variant,Second S Class,ship_hull_light_2,ENG_HISTORICAL_DD,,,,,5,,1,,,5,,,,,
england_navy,create_equipment_variant,T Class,ship_hull_light_2,ENG_HISTORICAL_DD,,,,,5,,1,,,5,,,,,
england_navy,create_equipment_variant,U Class,ship_hull_light_2,ENG_HISTORICAL_DD,,,,,5,,2,,,5,,,,,
england_navy,create_equipment_variant,V Class,ship_hull_light_2,ENG_HISTORICAL_DD,,,,,6,,2,,,6,,,,,
england_navy,create_equipment_variant,W Class,ship_hull_light_2,ENG_HISTORICAL_DD,,,,,6,,2,,,6,,,,,
england_navy,create_equipment_variant,Z Class,ship_hull_light_2,ENG_HISTORICAL_DD,,,,,6,,2,,,6,,,,,
england_navy,create_equipment_variant,Third C Class,ship_hull_light_2,ENG_HISTORICAL_DD,,,,,4,,0,,,6,,,,,
england_navy,create_equipment_variant,Prophase Battle Class,ship_hull_light_2,CAN_HISTORICAL_DD,,,,,4,,0,,,5,,,,,
england_navy,create_equipment_variant,Late Battle Class,ship_hull_light_2,ENG_HISTORICAL_DD,,,,,4,,0,,,6,,,,,
england_navy,create_equipment_variant,Weapon Class,ship_hull_light_2,ENG_HISTORICAL_DD,,,,,4,,1,,,6,,,,,
england_navy,create_equipment_variant,Hunt II Class,ship_hull_light_1,ENG_HISTORICAL_DD,,,,,2,,0,,,3,,,,,
england_navy,create_equipment_variant,Hunt II Class,ship_hull_light_1,ENG_HISTORICAL_DD,,,,,2,,0,,,3,,,,,
england_navy,create_equipment_variant,Type 15 Class,ship_hull_light_1,ENG_HISTORICAL_DD,,,,,5,,3,,,7,,,,,
england_navy,create_equipment_variant,Type 16 Class,ship_hull_light_2,ENG_HISTORICAL_DD,,,,,5,,3,,,7,,,,,
england_navy,create_equipment_variant,Type 17 Class,ship_hull_light_2,ENG_HISTORICAL_DD,,,,,5,,3,,,7,,,,,
england_navy,create_equipment_variant,Cricket Class,ship_hull_light_0_old,ENG_HISTORICAL_DD,,,,,3,,,,,4,,,,,
england_navy,create_equipment_variant,River Class,ship_hull_frigate_1,ENG_HISTORICAL_DD,,,,,0,1,,,,,,,,,
england_navy,create_equipment_variant,Loch Class,ship_hull_frigate_1,ENG_HISTORICAL_DD,,,,,3,3,,,,,,,,,
england_navy,create_equipment_variant,Bay Class,ship_hull_frigate_1,ENG_HISTORICAL_DD,,,,,3,3,,,,,,,,,
england_navy,create_equipment_variant,Flower Class,ship_hull_frigate_1,ENG_HISTORICAL_DD,,,,GFX_Flower,3,3,,,,,,,,,
england_navy,create_equipment_variant,Castle Class,ship_hull_frigate_2,ENG_HISTORICAL_DD,,,,,4,4,,,,,,,,,
england_navy,create_equipment_variant,Black Swan Class,ship_hull_frigate_2,ENG_HISTORICAL_DD,,,,,4,4,,,,,,,,,
england_navy,create_equipment_variant,Grimsby Class,ship_hull_frigate_2,ENG_HISTORICAL_DD,,,,,2,2,,,,,,,,,
england_navy,create_equipment_variant,S Class,ship_hull_submarine_1,ENG_HISTORICAL_SS,1,,,,,,,,,,,,,,1
england_navy,create_equipment_variant,T Class,ship_hull_submarine_1,ENG_HISTORICAL_SS,1,,,,,,,,,,,,,,2
england_navy,create_equipment_variant,U Class,ship_hull_submarine_1,ENG_HISTORICAL_SS,,,,,,,,,,,,,,,3
england_navy,create_equipment_variant,V Class,ship_hull_submarine_1,ENG_HISTORICAL_SS,,,,,2,,,,,,,,,,3
england_navy,create_equipment_variant,A Class,ship_hull_submarine_2,ENG_HISTORICAL_SS,,,,,2,,,,,,,,,,3
england_navy,create_equipment_variant,X Class,ship_hull_miget_sub,ENG_HISTORICAL_SS,,,,,2,,,,,,,,,,3
canada_navy,create_equipment_variant,Queen Elizabeth Class,ship_hull_heavy_0,CAN_HISTORICAL_BB,0,,,,3,,5,,,,,,5,,
canada_navy,create_equipment_variant,Revenge Class,ship_hull_heavy_0,CAN_HISTORICAL_BB,0,,,,5,,5,,,,,,5,,
canada_navy,create_equipment_variant,Unicorn Class,ship_hull_light_carrier_1,CAN_HISTORICAL_CV,0,,,,4,,2,,,,1,3,,,
canada_navy,create_equipment_variant,Majestic Class,ship_hull_light_carrier_1,CAN_HISTORICAL_CV,0,,,,5,,2,,,,2,3,,,
canada_navy,create_equipment_variant,Leander Class,ship_hull_cruiser_1,CAN_HISTORICAL_CL,0,,,,5,,1,,5,,,,,,
canada_navy,create_equipment_variant,Arethusa Class,ship_hull_cruiser_1,CAN_HISTORICAL_CL,0,,,,3,,0,,5,,,,,,
canada_navy,create_equipment_variant,Abdiel Class,ship_hull_cruiser_1,CAN_HISTORICAL_CL,0,,,,3,,1,,5,,,,,,
canada_navy,create_equipment_variant,La Melpomene Class,ship_hull_large_frigate,CAN_HISTORICAL_DD,0,,,,3,,0,,,4,,,,,
canada_navy,create_equipment_variant,Tribal II Class,ship_hull_light_1,CAN_HISTORICAL_DD,0,,,,2,,0,,,4,,,,,
canada_navy,create_equipment_variant,Bourrasque Class,ship_hull_light_1,CAN_HISTORICAL_DD,0,,,,0,,0,,,3,,,,,
canada_navy,create_equipment_variant,Hunt II Class,ship_hull_light_1,CAN_HISTORICAL_DD,0,,,,2,,0,,,0,,,,,
canada_navy,create_equipment_variant,Hunt III Class,ship_hull_light_1,CAN_HISTORICAL_DD,0,,,,2,,0,,,0,,,,,
canada_navy,create_equipment_variant,O Class,ship_hull_light_1,CAN_HISTORICAL_DD,0,,,,3,,0,,,5,,,,,
canada_navy,create_equipment_variant,V Class,ship_hull_light_2,CAN_HISTORICAL_DD,0,,,,4,,0,,,6,,,,,
canada_navy,create_equipment_variant,Prophase Battle Class,ship_hull_light_2,CAN_HISTORICAL_DD,0,,,,4,,0,,,5,,,,,
canada_navy,create_equipment_variant,Cr A Class,ship_hull_light_2,CAN_HISTORICAL_DD,0,,,,4,,0,,,6,,,,,
canada_navy,create_equipment_variant,Cr B Class,ship_hull_light_2,CAN_HISTORICAL_DD,0,,,,4,,0,,,6,,,,,
canada_navy,create_equipment_variant,Roberts Class,ship_hull_monitor_2,CAN_HISTORICAL_BB,0,,,,3,,5,,5,,,,,,
china_navy,create_equipment_variant,Shenyang Class,ship_hull_pre_dreadnought_0,CHI_HISTORICAL_BB,0,,,,3,,4,,,,,,5,,
china_navy,create_equipment_variant,Chóngqìng Class,ship_hull_pre_dreadnought_0,CHI_HISTORICAL_BB,,,,,3,,4,,,,,,5,,
china_navy,create_equipment_variant,Hénán Class,ship_hull_pre_dreadnought_0,CHI_HISTORICAL_BB,,,,,3,,4,,,,,,5,,
china_navy,create_equipment_variant,Peng Chao Hai Class,ship_hull_cruiser_coastal_defense_ship_1,CHI_HISTORICAL_BB,,,,,6,,4,,1,,,,,,
china_navy,create_equipment_variant,Chin Ou Class,ship_hull_cruiser_coastal_defense_ship_1,CHI_HISTORICAL_BB,,,,,6,,4,,1,,,,,,
china_navy,create_equipment_variant,Chen Hai Class,ship_hull_cruiser_0_remodeling,CHI_HISTORICAL_CL,,,,,6,,4,,1,,,,,,
china_navy,create_equipment_variant,Chiangtzu Class,ship_hull_cruiser_1,CHI_HISTORICAL_CL,0,,,,1,,,,3,,,,,,
china_navy,create_equipment_variant,Fei Yuan Class,ship_hull_cruiser_defenced_cruiser,CHI_HISTORICAL_CL,,,,,6,,4,,1,,,,,,
china_navy,create_equipment_variant,Hai Yung Class,ship_hull_cruiser_defenced_cruiser,CHI_HISTORICAL_CL,,,,,4,,4,,1,,,,,,
china_navy,create_equipment_variant,Hai Tien Class,ship_hull_cruiser_defenced_cruiser,CHI_HISTORICAL_CA,,,,,4,,4,,1,,,,,,
china_navy,create_equipment_variant,Chao Ho Class,ship_hull_cruiser_defenced_cruiser,CHI_HISTORICAL_CL,,,,,4,,4,,1,,,,,,
china_navy,create_equipment_variant,Wei Yuen Class,ship_hull_cruiser_defenced_cruiser,CHI_HISTORICAL_CL,,,,,4,,4,,1,,,,,,
china_navy,create_equipment_variant,Ning Hai Class,ship_hull_cruiser_scout_cruiser,CHI_HISTORICAL_CL,,,,,4,,4,,1,,,,,,
china_navy,create_equipment_variant,Fei Ting Class,ship_hull_cruiser_0_transport_remodeling,CHI_HISTORICAL_CL,,,,,5,,1,,5,,,,,,
china_navy,create_equipment_variant,Fei Ying Class,ship_hull_cruiser_0_transport_remodeling,CHI_HISTORICAL_CL,,,,,5,,1,,5,,,,,,
china_navy,create_equipment_variant,Hai Hola Class,ship_hull_light_2,CHI_HISTORICAL_DD,,,,,5,,2,,,5,,,,,
china_navy,create_equipment_variant,Hai Lung Class,ship_hull_light_2,CHI_HISTORICAL_DD,,,,,5,,2,,,5,,,,,
china_navy,create_equipment_variant,Hai Nju Class,ship_hull_light_2,CHI_HISTORICAL_DD,,,,,5,,2,,,5,,,,,
china_navy,create_equipment_variant,Chang Feng Class,ship_hull_light_0,CHI_HISTORICAL_DD,,,,,5,,2,,,5,,,,,
china_navy,create_equipment_variant,Chen Tung Class,ship_hull_light_1,CHI_HISTORICAL_DD,,,,,5,,2,,,5,,,,,
china_navy,create_equipment_variant,Kuan Chuan Class,ship_hull_light_monitor,CHI_HISTORICAL_DD,,,,,5,5,5,,,,,,,,
china_navy,create_equipment_variant,Yi Xian Class,ship_hull_light_monitor,CHI_HISTORICAL_DD,,,,,5,5,5,,,,,,,,
china_navy,create_equipment_variant,Yongjian Class,ship_hull_light_monitor,CHI_HISTORICAL_DD,,,,,5,5,5,,,,,,,,
china_navy,create_equipment_variant,Yung Hsiang Class,ship_hull_light_monitor,CHI_HISTORICAL_DD,,,,,5,5,5,,,,,,,,
china_navy,create_equipment_variant,U-Boot Class IIA,ship_hull_submarine_1,GER_HISTORICAL_SS,0,,,,,1,,,,,,,,,,2
china_navy,create_equipment_variant,U-Boot Class VIIB,ship_hull_submarine_2,GER_HISTORICAL_SS,0,,,,7,3,,4,,,,,,,,4
china_navy,create_equipment_variant,U-Boot Class VIIC,ship_hull_submarine_2,GER_HISTORICAL_SS,0,,,,7,3,,5,,,,,,,,4
china_navy,create_equipment_variant,U-Boot Class VIIC/41,ship_hull_submarine_2,GER_HISTORICAL_SS,0,,,,7,4,,6,,,,,,,,5
chile_navy,create_equipment_variant,Ministro Zenteno Class,ship_hull_cruiser_2,CHL_HISTORICAL_CL,,,,GFX_Brooklyn,5,,,4,,5,,,,,,
chile_navy,create_equipment_variant,Constitución Class,ship_hull_carrier_conversion_ca_2,CHL_HISTORICAL_CV,0,,,GFX_Independence,5,,,0,,,,,2,,,
chile_navy,create_equipment_variant,Almirante Cochrane Class,ship_hull_cruiser_1,CHL_HISTORICAL_CA,,,,GFX_Pensacola,5,,,3,,5,,,,,,
chile_navy,create_equipment_variant,Esmeralda Class,ship_hull_heavy_0,CHL_HISTORICAL_BB,,,,GFX_NewYork,2,,,3,,,,,,4,,
chile_navy,create_equipment_variant,H1 Class,ship_hull_submarine_1,CHL_HISTORICAL_SS,0,,,GFX_HOLAND,,,,,,,,,,,,2
chile_navy,create_equipment_variant,General Baquedano Class,ship_hull_light_3,CHL_HISTORICAL_DD,,,,,10,,,3,,,2,,,,,
chile_navy,create_equipment_variant,Capitán O'Brien Class,ship_hull_submarine_1,CHL_HISTORICAL_SS,0,,,GFX_O_class_ss,3,,,,,,,,,,,3
chile_navy,create_equipment_variant,Almirante Williams Class,ship_hull_light_3,CHL_HISTORICAL_DD,,,,GFX_Fletcher,3,,,1,,,8,,,,,
chile_navy,create_equipment_variant,Almirante Lynch Class,ship_hull_light_1,CHL_HISTORICAL_DD,0,,,GFX_Almirante_Lynch,4,,,2,,,2,,,,,
chile_navy,create_equipment_variant,Serrano Class,ship_hull_light_1,CHL_HISTORICAL_DD,0,,,GFX_Serrano,7,,,2,,,3,,,,,
chile_navy,create_equipment_variant,O'Higgins Class,ship_hull_cruiser_armored_cruiser,CHL_HISTORICAL_CA,0,,,GFX_OHiggins,4,,,4,,3,,,,,,
chile_navy,create_equipment_variant,Chacabuco Class,ship_hull_cruiser_defenced_cruiser,CHL_HISTORICAL_CL,0,,,,4,,,2,,2,,,,,,
chile_navy,create_equipment_variant,Almirante Latorre Class,ship_hull_heavy_0,CHL_HISTORICAL_BB,0,,,,,,,5,,,,,,4,,
east_africa_navy,create_equipment_variant,Luigi Cadorna Class,ship_hull_cruiser_1,ITA_HISTORICAL_CL,0,,,,0,,,0,,5,,,,,,
east_africa_navy,create_equipment_variant,Alberto di Giussano Class,ship_hull_cruiser_1,ITA_HISTORICAL_CL,0,,,,0,,,0,,5,,,,,,
east_africa_navy,create_equipment_variant,Nazario Sauro Class,ship_hull_light_0,ITA_HISTORICAL_DD,0,,,,,,,,,,3,,,,,
east_africa_navy,create_equipment_variant,Soldati Class,ship_hull_light_1,ITA_HISTORICAL_DD,0,,,,1,,,,,,3,,,,,
east_africa_navy,create_equipment_variant,Archimede Class,ship_hull_submarine_1,ITA_HISTORICAL_SS,0,,,,18,,,,,,,,,,,0
east_africa_navy,create_equipment_variant,Brin Class,ship_hull_submarine_1,ITA_HISTORICAL_SS,0,,,,2,,,,,,,,,,,4
east_africa_navy,create_equipment_variant,Adua Class,ship_hull_submarine_1,ITA_HISTORICAL_SS,0,,,,5,,,,,,,,,,,1
east_africa_navy,create_equipment_variant,Perla Class,ship_hull_submarine_1,ITA_HISTORICAL_SS,0,,,,4,,,,,,,,,,,1
germany_navy,create_equipment_variant,Graf Zeppelin Class,ship_hull_carrier_0,GER_HISTORICAL_CV,0,,,,3,,,2,,,,5,,,,
germany_navy,create_equipment_variant,Europa Class,ship_hull_carrier_conversion_mc,GER_HISTORICAL_CV,0,,,,3,,,2,,,,5,,,,
germany_navy,create_equipment_variant,Jade Class,ship_hull_carrier_conversion_mc,GER_HISTORICAL_CV,0,,,,5,,,3,,,,2,,,,
germany_navy,create_equipment_variant,Deutschland Class,ship_hull_cruiser_panzerschiff,GER_HISTORICAL_CA,0,,,,3,,,2,,5,,,,,,
germany_navy,create_equipment_variant,Scharnhorst Class,ship_hull_heavy_0,GER_HISTORICAL_BC,0,,,,5,,,2,,,,,,7,,
germany_navy,create_equipment_variant,Mackensen Class,ship_hull_heavy_1,GER_HISTORICAL_BC,0,,,,5,,,2,,,,,,7,,
germany_navy,create_equipment_variant,Bismarck Class,ship_hull_heavy_1,GER_HISTORICAL_BC,0,,,,3,,,2,,,,,,7,,
germany_navy,create_equipment_variant,Derfflinger Class,ship_hull_heavy_1,GER_HISTORICAL_BB,0,,,,3,,,2,,,,,,7,,
germany_navy,create_equipment_variant,Friedrich der Grose Class,ship_hull_super_heavy_1,GER_HISTORICAL_BB,0,,,,20,,,0,,,,,,3,,
germany_navy,create_equipment_variant,Ulrich von Hutten Class,ship_GER_hull_super_heavy_1,GER_HISTORICAL_BB,0,,,,5,,,0,,,,,,4,,5,
germany_navy,create_equipment_variant,Admiral Hipper Class,ship_hull_cruiser_2,GER_HISTORICAL_CA,0,,,,2,,,3,,5,,,,,,,
germany_navy,create_equipment_variant,Emden Class,ship_hull_cruiser_1,GER_HISTORICAL_CL,0,,,GFX_Emden,1,,,,,3,,,,,,,
germany_navy,create_equipment_variant,Königsberg Class,ship_hull_cruiser_1,GER_HISTORICAL_CL,0,,,GFX_Konigsberg,1,,,,,3,,,,,,,
germany_navy,create_equipment_variant,Leipzig Class,ship_hull_cruiser_1,GER_HISTORICAL_CL,0,,,,1,,,,,3,,,,,,,
germany_navy,create_equipment_variant,Nixe Class,ship_hull_cruiser_1,GER_HISTORICAL_CL,0,,,GFX_Nixe,1,,,,,3,,,,,,,
germany_navy,create_equipment_variant,Augusta Class,ship_hull_cruiser_2,GER_HISTORICAL_CL,0,,,,1,,,,,3,,,,,,,
germany_navy,create_equipment_variant,Bielefeld Class,ship_hull_cruiser_2,GER_HISTORICAL_CL,0,,,,1,,,,,3,,,,,,,
germany_navy,create_equipment_variant,München Class,ship_hull_cruiser_2,GER_HISTORICAL_CL,0,,,,1,,,,,3,,,,,,,
germany_navy,create_equipment_variant,Arcona Class,ship_hull_cruiser_scout_cruiser,GER_HISTORICAL_CL,0,,,,4,,,,,6,,,,,,,
germany_navy,create_equipment_variant,Z1 Class,ship_hull_light_0,GER_HISTORICAL_DD,0,,,,2,,,,,,2,,,,,,
germany_navy,create_equipment_variant,Z5 Class,ship_hull_light_1,GER_HISTORICAL_DD,0,,,,3,,,,,,3,,,,,,
germany_navy,create_equipment_variant,Z17 Class,ship_hull_light_2,GER_HISTORICAL_DD,,,,,3,,,,,,5,,,,,,
germany_navy,create_equipment_variant,Z23 Class,ship_hull_light_3,GER_HISTORICAL_DD,0,,,,3,,,,,,5,,,,,,
germany_navy,create_equipment_variant,Z35 Class,ship_hull_light_3,GER_HISTORICAL_DD,0,,,,3,,,,,,5,,,,,,
germany_navy,create_equipment_variant,Z46 Class,ship_hull_light_3,GER_HISTORICAL_DD,0,,,,3,,,,,,5,,,,,,
germany_navy,create_equipment_variant,Z51 Class,ship_hull_light_3,GER_HISTORICAL_DD,0,,,,3,,,,,,5,,,,,,
germany_navy,create_equipment_variant,Z69 Class,ship_hull_light_3,GER_HISTORICAL_DD,0,,,,5,,,,,,7,,,,,,
germany_navy,create_equipment_variant,U-Boot Class IIA,ship_hull_submarine_1,GER_HISTORICAL_SS,0,,,,,1,,,,,,,,,,,2
germany_navy,create_equipment_variant,U-Boot Class XB,ship_hull_submarine_1,GER_HISTORICAL_SS,0,,,,,1,,,,,,,,,,,2
germany_navy,create_equipment_variant,U-Boot Class IIB,ship_hull_submarine_1,GER_HISTORICAL_SS,0,,,,1,1,,,,,,,,,,,2
germany_navy,create_equipment_variant,U-Boot Class IIC,ship_hull_submarine_1,GER_HISTORICAL_SS,0,,,,2,1,,1,,,,,,,,,2
germany_navy,create_equipment_variant,U-Boot Class IID,ship_hull_submarine_1,GER_HISTORICAL_SS,0,,,,4,1,,2,,,,,,,,,3
germany_navy,create_equipment_variant,U-Boot Class VIIA,ship_hull_submarine_2,GER_HISTORICAL_SS,0,,,,5,2,,3,,,,,,,,,3
germany_navy,create_equipment_variant,U-Boot Class VIIB,ship_hull_submarine_2,GER_HISTORICAL_SS,0,,,,7,3,,4,,,,,,,,,4
germany_navy,create_equipment_variant,U-Boot Class VIIC,ship_hull_submarine_2,GER_HISTORICAL_SS,0,,,,7,3,,5,,,,,,,,,4
germany_navy,create_equipment_variant,U-Boot Class U-Flak,ship_hull_submarine_2,GER_HISTORICAL_SS,0,,,,7,3,,5,,,,,,,,,4
germany_navy,create_equipment_variant,U-Boot Class VIIC/41,ship_hull_submarine_2,GER_HISTORICAL_SS,0,,,,7,4,,6,,,,,,,,,5
germany_navy,create_equipment_variant,U-Boot Class VIIC/42,ship_hull_submarine_2,GER_HISTORICAL_SS,0,,,,7,5,,6,,,,,,,,,5
germany_navy,create_equipment_variant,U-Boot Class VIID,ship_hull_submarine_2,GER_HISTORICAL_SS,0,,,,8,3,,5,,,,,,,,,4
germany_navy,create_equipment_variant,U-Boot Class XVIIB,ship_hull_submarine_2,GER_HISTORICAL_SS,0,,,,3,3,,5,,,,,,,,,6
germany_navy,create_equipment_variant,U-Boot Class XXI,ship_hull_submarine_2,GER_HISTORICAL_SS,0,,,,8,3,,5,,,,,,,,,4
germany_navy,create_equipment_variant,U-Boot Class XXV,ship_hull_submarine_3,GER_HISTORICAL_SS,0,,,,10,5,,5,,,,,,,,,6
germany_navy,create_equipment_variant,U-Boot Class XXIII,ship_hull_miget_sub,GER_HISTORICAL_SS,0,,,,5,5,,5,,,,,,,,,10
germany_navy,create_equipment_variant,U-Boot Class IXA,ship_hull_cruiser_submarine,GER_HISTORICAL_SS,0,,,,8,3,,5,,,,,,,,,4
germany_navy,create_equipment_variant,U-Boot Class IXB,ship_hull_cruiser_submarine,GER_HISTORICAL_SS,0,,,,10,3,,5,,,,,,,,,4
germany_navy,create_equipment_variant,U-Boot Class IXC,ship_hull_cruiser_submarine,GER_HISTORICAL_SS,0,,,,11,4,,5,,,,,,,,,4
germany_navy,create_equipment_variant,U-Boot Class IXC/40,ship_hull_cruiser_submarine,GER_HISTORICAL_SS,0,,,,10,5,,5,,,,,,,,,4
germany_navy,create_equipment_variant,U-Boot Class IXD,ship_hull_cruiser_submarine,GER_HISTORICAL_SS,0,,,,8,5,,5,,,,,,,,,4
germany_navy,create_equipment_variant,U-Boot Class IXD/1,ship_hull_cruiser_submarine,GER_HISTORICAL_SS,0,,,,10,5,,5,,,,,,,,,4
germany_navy,create_equipment_variant,U-Boot Class IXD/2,ship_hull_cruiser_submarine,GER_HISTORICAL_SS,0,,,,10,5,,5,,,,,,,,,5
germany_navy,create_equipment_variant,U-Boot Class IXD/42,ship_hull_cruiser_submarine,GER_HISTORICAL_SS,0,,,,10,5,,5,,,,,,,,,6
india_navy,create_equipment_variant,Vikrant Class,ship_hull_carrier_1,,0,,,,,,,,,,,,,,,,,empty,ship_anti_air_1,ship_anti_air_2,SM_engine_2,empty,ship_radar_2,flush_deck,empty
india_navy,create_equipment_variant,Delhi Class,ship_hull_cruiser_1,,0,,,,,,,,,,,,,,,,,ship_anti_air_2,,ship_anti_air_2,ship_light_battery_2,empty,SM_engine_2,empty,,ship_radar_1,,ship_fire_control_system_0,sm_armor_3,
india_navy,create_equipment_variant,Rajput Class,ship_hull_light_1,,0,,,,,,,,,,,,,,,,,ship_anti_air_1,,ship_anti_air_2,ship_light_battery_1,ship_torpedo_1,SM_engine_2,ship_torpedo_1,,,ship_radar_1,,ship_sonar_1,,
india_navy,create_equipment_variant,Imphal Class,ship_hull_light_2,,0,,,,,,,,,,,,,,,,,ship_torpedo_2,,ship_anti_air_2,ship_light_battery_3,ship_torpedo_2,SM_engine_2,ship_torpedo_2,,,ship_radar_3,,ship_sonar_3,,
india_navy,create_equipment_variant,Kadmatt Class,ship_hull_frigate_1,,0,,,,,,,,,,,,,,,,,,,ship_anti_air_1,ship_light_battery_1,,SM_engine_2,,,,ship_light_1,ship_depth_charge_1,,ship_fire_control_system_1,,
india_navy,create_equipment_variant,Sahyadri Class,ship_hull_frigate_2,,0,,,,,,,,,,,,,,,,,,,ship_anti_air_1,ship_light_battery_1,,SM_engine_2,,,,ship_radar_1,ship_depth_charge_1,,,,
india_navy,create_equipment_variant,Kashmir Class,ship_hull_frigate_2,,0,,,,,,,,,,,,,,,,,,,ship_anti_air_3,ship_light_battery_3,,SM_engine_2,,,,ship_radar_3,ship_torpedo_2,,,,
india_navy,create_equipment_variant,Vagsheer Class,ship_hull_submarine_2,,0,,,,,,,,,,,,,,,,,empty,,,,empty,sub_engine_3,ship_torpedo_sub_1,,ship_torpedo_sub_1,,,,,,
indonesia_navy,create_equipment_variant,Great Pleiades Class,ship_hull_cruiser_coastal_defense_ship_2,INS_HISTORICAL_BB,,,,,10,,,7,,7,,,,,,,,,,,,,,,,,,,,,,
indonesia_navy,create_equipment_variant,Abdul Kadir Class,ship_hull_cruiser_carrier_5,INS_HISTORICAL_CL,,,,,8,,,4,,6,,,0,,,,,,,,,,,,,,,,,,,
indonesia_navy,create_equipment_variant,Diponegoro Class,ship_hull_cruiser_1,INS_HISTORICAL_CA,0,,,,4,,,5,,8,,,,,,,,,,,,,,,,,,,,,,
indonesia_navy,create_equipment_variant,Musi Class,ship_hull_cruiser_1,INS_HISTORICAL_CL,0,,,,3,,,,,5,,,,,,,,,,,,,,,,,,,,,,
indonesia_navy,create_equipment_variant,Pattimura Class,ship_hull_cruiser_2,INS_HISTORICAL_CL,,,,,5,,,2,,5,,,,,,,,,,,,,,,,,,,,,,
indonesia_navy,create_equipment_variant,Gadjah Mada Class,ship_hull_light_0,INS_HISTORICAL_DD,0,,,,15,,,,,,6,,,,,,,,,,,,,,,,,,,,,
indonesia_navy,create_equipment_variant,Hasanuddin Class,ship_hull_light_1,INS_HISTORICAL_DD,0,,,,14,,,,,,5,,,,,,,,,,,,,,,,,,,,,
indonesia_navy,create_equipment_variant,Sawoenggaling Class,ship_hull_light_0,INS_HISTORICAL_DD,0,,,,14,,,,,,6,,,,,,,,,,,,,,,,,,,,,
indonesia_navy,create_equipment_variant,Asahan Class,ship_hull_frigate_2,IND_HISTORICAL_DD,,,,,10,,8,,5,,,,,,7,,,,,,,,,,,,,,,,,
indonesia_navy,create_equipment_variant,Samadikun Class,ship_hull_frigate_1,INS_HISTORICAL_DD,,,,,20,,10,,,,,,,,,,,,,,,,,,,,,,,,,
indonesia_navy,create_equipment_variant,Falcon Class,ship_hull_frigate_1,INS_HISTORICAL_DD,0,,,,8,,10,,,,,,,,,,,,,,,,,,,,,,,,,
ireland_navy,create_equipment_variant,Flower Class,ship_hull_frigate_1,,,,,GFX_Flower,3,,3,,,,,,,,,,,,,,,,,,,,,,,,,
japan_navy,create_equipment_variant,Yaeyama Class,ship_hull_cruiser_4,JAP_MINELAYERS_HISTORICAL,,,,,8,,,4,,6,,,,,,,,,,,,,,,,,,,,,,
japan_navy,create_equipment_variant,Nagato Class,ship_hull_heavy_1,JAP_HISTORICAL_BB,0,,,GFX_Nagato,6,,,2,,,,,,4,,,,,,,,,,,,,,,,,,
japan_navy,create_equipment_variant,Yamato Class,ship_hull_super_heavy_1,JAP_HISTORICAL_BB,0,,,,8,,,7,,,,,,6,,,,,,,,,,,,,,,,,,
japan_navy,create_equipment_variant,Shinano Class,ship_hull_super_heavy_1,JAP_HISTORICAL_BB,0,,,,8,,,7,,,,,,6,,,,,,,,,,,,,,,,,,
japan_navy,create_equipment_variant,Kumotori Class,ship_hull_heavy_2,JAP_MOUNTAIN,0,,,,7,,,6,,,,,,3,,,,,,,,,,,,,,,,,,
japan_navy,create_equipment_variant,Chichibu Class,ship_hull_heavy_2,JAP_MOUNTAIN,0,,,,7,,,6,,,,,,4,,,,,,,,,,,,,,,,,,
japan_navy,create_equipment_variant,Masyuu Class,ship_hull_CB,JAP_LAKES,,,,,15,,,20,,6,,,,,,,,,,,,,,,,,,,,,,
japan_navy,create_equipment_variant,Kasado Class,ship_hull_cruiser_4,JAP_DE_HISTORICAL,,,,,8,,,4,,3,,,,,,,,,,,,,,,,,,,,,,
japan_navy,create_equipment_variant,Atsuta Class,ship_hull_cruiser_4,JAP_TV,,,,,6,,,4,,4,,,,,,,,,,,,,,,,,,,,,,
japan_navy,create_equipment_variant,Akagi Class,ship_hull_carrier_conversion_bb,JAP_HISTORICAL_CV,,,,,8,,,5,,,,7,4,,,,,,,,,,,,,,,,,,,
japan_navy,create_equipment_variant,Kaga Class,ship_hull_carrier_conversion_bb,JAP_HISTORICAL_CV,,,,,8,,,6,,,,7,5,,,,,,,,,,,,,,,,,,,
japan_navy,create_equipment_variant,Taihou Class,ship_hull_carrier_3,JAP_HISTORICAL_CV,,,,,10,,,10,,,,7,5,,,,,,,,,,,,,,,,,,,
japan_navy,create_equipment_variant,Houou Class,ship_hull_carrier_3,JAP_HISTORICAL_CV,,,,,10,,,5,,,,5,5,,,,,,,,,,,,,,,,,,,
japan_navy,create_equipment_variant,Tosa Class,ship_hull_carrier_conversion_shbb,JAP_HISTORICAL_BB,,,,,10,,,11,,,,,5,3,,,,,,,,,,,,,,,,,,
japan_navy,create_equipment_variant,Syokaku Class,ship_hull_carrier_1,JAP_HISTORICAL_CV,,,,,9,,,5,,,,7,5,,,,,,,,,,,,,,,,,,,
japan_navy,create_equipment_variant,Kurama Class,ship_hull_carrier_2,JAP_MOUNTAIN,,,,,5,,,5,,,,5,5,,,,,,,,,,,,,,,,,,,
japan_navy,create_equipment_variant,Ryujyo Class,ship_hull_light_carrier_2,JAP_HISTORICAL_CVL,,,,,5,,,2,,,,4,3,,,,,,,,,,,,,,,,,,,
japan_navy,create_equipment_variant,Takao Class,ship_hull_cruiser_2,JAP_MOUNTAIN,,,,,5,,,3,,5,,,,,,,,,,,,,,,,,,,,,,
japan_navy,create_equipment_variant,Mogami Class,ship_hull_cruiser_2,JAP_RIVER,,,,,5,,,4,,5,,,,,,,,,,,,,,,,,,,,,,
japan_navy,create_equipment_variant,Tone Class,ship_hull_cruiser_carrier_5,JAP_RIVER,,,,,8,,,4,,6,,,2,,,,,,,,,,,,,,,,,,,
japan_navy,create_equipment_variant,Ibuki Class,ship_hull_cruiser_3,JAP_MOUNTAIN,,,,,6,,,5,,5,,,,,,,,,,,,,,,,,,,,,,
japan_navy,create_equipment_variant,Daisetsu Class,ship_hull_cruiser_4,JAP_MOUNTAIN,,,,,10,,,5,,5,,,,,,,,,,,,,,,,,,,,,,
japan_navy,create_equipment_variant,Jyounen Class,ship_hull_cruiser_4,JAP_MOUNTAIN,,,,,7,,,6,,7,,,,,,,,,,,,,,,,,,,,,,
japan_navy,create_equipment_variant,Takatsuma Class,ship_hull_cruiser_4,JAP_MOUNTAIN,,,,,10,,,4,,6,,,,,,,,,,,,,,,,,,,,,,
japan_navy,create_equipment_variant,Agano Class,ship_hull_cruiser_2,JAP_RIVER,,,,,5,,,2,,5,,,,,,,,,,,,,,,,,,,,,,
japan_navy,create_equipment_variant,Oyodo Class,ship_hull_cruiser_3,JAP_RIVER,,,,,6,,,3,,5,,,,,,,,,,,,,,,,,,,,,,
japan_navy,create_equipment_variant,Tenryu Class,ship_hull_cruiser_4,JAP_RIVER,,,,,10,,,3,,3,,,,,,,,,,,,,,,,,,,,,,
japan_navy,create_equipment_variant,Koise Class,ship_hull_cruiser_4,JAP_RIVER,,,,,10,,,5,,4,,,,,,,,,,,,,,,,,,,,,,
japan_navy,create_equipment_variant,Yoneshiro Class,ship_hull_cruiser_4,JAP_RIVER,,,,,6,,,2,,7,,,,,,,,,,,,,,,,,,,,,,
japan_navy,create_equipment_variant,Tsurumi Class,ship_hull_torpedo_cruiser_2,JAP_RIVER,,,,,15,,,7,,5,,,,,,,,,,,,,,,,,,,,,,
japan_navy,create_equipment_variant,Amatsuki Class,ship_hull_cruiser_4,JAP_RIVER,,,,,10,,,5,,4,,,,,,,,,,,,,,,,,,,,,,
japan_navy,create_equipment_variant,Nagara Class,ship_hull_cruiser_4,JAP_RIVER,,,,,10,,,5,,3,,,,,,,,,,,,,,,,,,,,,,
japan_navy,create_equipment_variant,Kuji Class,ship_hull_cruiser_4,JAP_RIVER,,,,,10,,,5,,5,,,,,,,,,,,,,,,,,,,,,,
japan_navy,create_equipment_variant,Suzuka Class,ship_hull_cruiser_4,JAP_RIVER,,,,,6,,,6,,8,,,,,,,,,,,,,,,,,,,,,,
japan_navy,create_equipment_variant,Yura Class,ship_hull_cruiser_4,JAP_RIVER,,,,,8,,,6,,4,,,,,,,,,,,,,,,,,,,,,,
japan_navy,create_equipment_variant,Katori Class,ship_hull_cruiser_2,JAP_RIVER,,,,,5,,,2,,5,,,,,,,,,,,,,,,,,,,,,,
japan_navy,create_equipment_variant,Akitsushima Class,ship_hull_cruiser_carrier_5,JAP_HISTORICAL_CC,,,,,8,,,4,,6,,,0,,,,,,,,,,,,,,,,,,,
japan_navy,create_equipment_variant,Hayasui Class,ship_hull_cruiser_carrier_5,JAP_HISTORICAL_CC,,,,,10,,,4,,6,,,0,,,,,,,,,,,,,,,,,,,
japan_navy,create_equipment_variant,Nissin Class,ship_hull_cruiser_carrier_5,JAP_HISTORICAL_CC,,,,,8,,,4,,6,,,2,,,,,,,,,,,,,,,,,,,
japan_navy,create_equipment_variant,Syunkou Class,ship_hull_cruiser_carrier_6,JAP_HISTORICAL_CC,,,,,8,,,6,,7,,,6,,,,,,,,,,,,,,,,,,,
japan_navy,create_equipment_variant,Okinoshima Class,ship_hull_cruiser_2,JAP_MINELAYERS_HISTORICAL,,,,,8,,,4,,5,,,,,,,,,,,,,,,,,,,,,,
japan_navy,create_equipment_variant,Reimei Class,ship_hull_cruiser_carrier_6,JAP_HISTORICAL_CC,,,,,8,,,4,,7,,,3,,,,,,,,,,,,,,,,,,,
japan_navy,create_equipment_variant,Kagerou Class,ship_hull_light_3,JAP_HISTORICAL_DD,,,,,5,,,2,,,5,,,,,,,,,,,,,,,,,,,,,
japan_navy,create_equipment_variant,Asashio Class,ship_hull_light_2,JAP_HISTORICAL_DD,,,,,5,,,2,,,5,,,,,,,,,,,,,,,,,,,,,
japan_navy,create_equipment_variant,Shimakaze Class,ship_hull_light_3,JAP_WEATHER,,,,,15,,,1,,,10,,,,,,,,,,,,,,,,,,,,,
japan_navy,create_equipment_variant,Yugumo Class,ship_hull_light_3,JAP_HISTORICAL_DD,,,,,6,,,2,,,6,,,,,,,,,,,,,,,,,,,,,
japan_navy,create_equipment_variant,Akishimo Class,ship_hull_light_3,JAP_HISTORICAL_DD,,,,,6,,,4,,,8,,,,,,,,,,,,,,,,,,,,,
japan_navy,create_equipment_variant,Akizuki Class,ship_hull_light_3,JAP_HISTORICAL_DD,,,,,6,,,0,,,4,,,,,,,,,,,,,,,,,,,,,
japan_navy,create_equipment_variant,Huyutsuki Class,ship_hull_light_3,JAP_HISTORICAL_DD,,,,,6,,,3,,,7,,,,,,,,,,,,,,,,,,,,,
japan_navy,create_equipment_variant,Hubuki Class,ship_hull_light_3,JAP_HISTORICAL_DD,,,,,8,,,4,,,8,,,,,,,,,,,,,,,,,,,,,
japan_navy,create_equipment_variant,Harekaze Class,ship_hull_light_3,JAP_HISTORICAL_DD,,,,,8,,,4,,,8,,,,,,,,,,,,,,,,,,,,,
japan_navy,create_equipment_variant,Hiiragi Class,ship_hull_light_3,JAP_PLANTS,,,,,8,,,5,,,8,,,,,,,,,,,,,,,,,,,,,
japan_navy,create_equipment_variant,Matsu Class,ship_hull_light_2,JAP_PLANTS,,,,,4,,,0,,,6,,,,,,,,,,,,,,,,,,,,,
japan_navy,create_equipment_variant,Tachibana Class,ship_hull_light_2,JAP_PLANTS,,,,,6,,,2,,,7,,,,,,,,,,,,,,,,,,,,,
japan_navy,create_equipment_variant,Tsuyu Class,ship_hull_light_3,JAP_HISTORICAL_DD,,,,,10,,,4,,,6,,,,,,,,,,,,,,,,,,,,,
japan_navy,create_equipment_variant,Kochi Class,ship_hull_light_3,JAP_HISTORICAL_DD,,,,,10,,,2,,,5,,,,,,,,,,,,,,,,,,,,,
japan_navy,create_equipment_variant,Natsukaze Class,ship_hull_light_3,JAP_HISTORICAL_DD,,,,,10,,,5,,,8,,,,,,,,,,,,,,,,,,,,,
japan_navy,create_equipment_variant,Kiyokaze Class,ship_hull_light_3,JAP_WEATHER,,,,,8,,,5,,,7,,,,,,,,,,,,,,,,,,,,,
japan_navy,create_equipment_variant,Mutsuki Class,ship_hull_light_3,JAP_HISTORICAL_DD,,,,,8,,,6,,,7,,,,,,,,,,,,,,,,,,,,,
japan_navy,create_equipment_variant,Ariake Class,ship_hull_light_3,JAP_WEATHER,,,,,15,,,4,,,10,,,,,,,,,,,,,,,,,,,,,
japan_navy,create_equipment_variant,Hatsutaka Class,ship_hull_light_2,JAP_PLANTS,,,,,14,,,6,,,4,,,,,,,,,,,,,,,,,,,,,
japan_navy,create_equipment_variant,Sen ko II Class,ship_hull_miget_sub,JAP_HISTORICAL_MS,0,,,,10,,,,,,,,,,,,8,,,,,,,,,,,,,,,
japan_navy,create_equipment_variant,Sen ko III Class,ship_hull_miget_sub,JAP_HISTORICAL_MS,0,,,,10,,,3,,,,,,,,,8,,,,,,,,,,,,,,,
japan_navy,create_equipment_variant,Kai Tyu VIII Class,ship_hull_submarine_2,JAP_MHISTORICAL_SS,,,,,5,,,2,,,,,,,,,4,,,,,,,,,,,,,,,
japan_navy,create_equipment_variant,Kai Tyu IX Class,ship_hull_submarine_3,JAP_MHISTORICAL_SS,,,,,7,,,2,,,,,,,,,4,,,,,,,,,,,,,,,
japan_navy,create_equipment_variant,Sen Taka Oo Class,ship_hull_submarine_3,JAP_HISTORICAL_SS,,,,,7,,,3,,,,,,,,,8,,,,,,,,,,,,,,,
japan_navy,create_equipment_variant,Kai Dai VII Class,ship_hull_submarine_3,JAP_HISTORICAL_SS,,,,,8,5,,5,,,,,,,,,8,,,,,,,,,,,,,,,
japan_navy,create_equipment_variant,Kai Dai VIII Class,ship_hull_submarine_3,JAP_HISTORICAL_SS,,,,,8,6,,6,,,,,,,,,8,,,,,,,,,,,,,,,
japan_navy,create_equipment_variant,Kai Dai IX Class,ship_hull_submarine_3,JAP_HISTORICAL_SS,,,,,10,8,,8,,,,,,,,,8,,,,,,,,,,,,,,,
japan_navy,create_equipment_variant,Jyun Sen Otsu Kai I Class,ship_hull_cruiser_submarine,JAP_HISTORICAL_SS,,,,,5,5,,5,,,,,,,,,6,,,,,,,,,,,,,,,
japan_navy,create_equipment_variant,Jyun Sen Otsu Kai II Class,ship_hull_cruiser_submarine,JAP_HISTORICAL_SS,,,,,8,6,,6,,,,,,,,,6,,,,,,,,,,,,,,,
japan_navy,create_equipment_variant,Jyun Sen Hei Class,ship_hull_cruiser_submarine,JAP_HISTORICAL_SS,,,,,10,5,,4,,,,,,,,,8,,,,,,,,,,,,,,,
Reichskommissariat_Norwegen_navy,create_equipment_variant,Oodinn Class,ship_hull_pre_dreadnought_0,,,,,,1,,,3,,,,,,3,,,,,,,,,,,,,,,,,,
Reichskommissariat_Norwegen_navy,create_equipment_variant,Frey Class,ship_hull_pre_dreadnought_0,,,,,,3,,,4,,,,,,7,,,,,,,,,,,,,,,,,,
Reichskommissariat_Norwegen_navy,create_equipment_variant,Dellingr Class,ship_hull_cruiser_armored_cruiser,,,,,,1,,,3,,4,,,,,,,,,,,,,,,,,,,,,,
Reichskommissariat_Norwegen_navy,create_equipment_variant,Tordenskjold Class,ship_hull_cruiser_coastal_defense_ship_1,,,,,,1,,,3,,4,,,,,,,,,,,,,,,,,,,,,,
Reichskommissariat_Norwegen_navy,create_equipment_variant,Eidsvold Class,ship_hull_cruiser_coastal_defense_ship_1,,,,,,1,,,3,,5,,,,,,,,,,,,,,,,,,,,,,
Reichskommissariat_Norwegen_navy,create_equipment_variant,Glommen Class,ship_hull_frigate_1,,,,,,5,,0,,,,,,,,,,,,,,,,,,,,,,,,,
Reichskommissariat_Norwegen_navy,create_equipment_variant,Brand Class,ship_hull_micro,,,,,,0,,3,,,,,,,,,,,,,,,,,,,,,,,,,
Reichskommissariat_Norwegen_navy,create_equipment_variant,Gor Class,ship_hull_micro,,,,,,0,,4,,,,,,,,,,,,,,,,,,,,,,,,,
Reichskommissariat_Norwegen_navy,create_equipment_variant,Vale Class,ship_hull_micro,,,,,,1,,2,,,,,,,,,,,,,,,,,,,,,,,,,
Reichskommissariat_Norwegen_navy,create_equipment_variant,Hela Class,ship_hull_cruiser_1,,,,,,3,,,0,,4,,,,,,,,,,,,,,,,,,,,,,
Reichskommissariat_Norwegen_navy,create_equipment_variant,Z1 Class,ship_hull_light_1,GER_HISTORICAL_DD,,,,,2,,,,,,6,,,,,,,,,,,,,,,,,,,,,
Reichskommissariat_Norwegen_navy,create_equipment_variant,Z5 Class,ship_hull_light_1,GER_HISTORICAL_DD,,,,,3,,,,,,6,,,,,,,,,,,,,,,,,,,,,
Reichskommissariat_Norwegen_navy,create_equipment_variant,Sleipner Class,ship_hull_light_1,NOR_HISTORICAL_DD,,,,,3,,,,,,6,,,,,,,,,,,,,,,,,,,,,
Reichskommissariat_Norwegen_navy,create_equipment_variant,A Class,ship_hull_submarine_1,NOR_HISTORICAL_SS_A,,,,,,,,,,,,,,,,,1,,,,,,,,,,,,,,,
Reichskommissariat_Norwegen_navy,create_equipment_variant,B Class,ship_hull_submarine_1,NOR_HISTORICAL_SS_A,,,,,,,,,,,,,,,,,2,,,,,,,,,,,,,,,
Reichskommissariat_Norwegen_navy,create_equipment_variant,U-Flak Class,ship_hull_submarine_1,NOR_HISTORICAL_SS_C,,,,,,,,,,,,,,,,,2,,,,,,,,,,,,,,,
romania_navy,create_equipment_variant,Marasti Class,ship_hull_light_0,ROM_HISTORICAL_DD,0,,,,1,,,,,,2,,,,,,,,,,,,,,,,,,,,,
romania_navy,create_equipment_variant,Regele Ferdinand Class,ship_hull_light_1,ROM_HISTORICAL_DD,0,,,,2,,,,,,3,,,,,,,,,,,,,,,,,,,,,
Libia_navy,create_equipment_variant,Alberto di Giussano Class,ship_hull_cruiser_1,ITA_HISTORICAL_CL,0,,,,0,,,0,,5,,,,,,,,,,,,,,,,,,,,,,
Libia_navy,create_equipment_variant,Eritrea Class,ship_hull_cruiser_1,ITA_HISTORICAL_CL,0,,,,5,,,0,,1,,,,,,,,,,,,,,,,,,,,,,
Libia_navy,create_equipment_variant,Giuseppe Sirtori Class,ship_hull_light_1_old,ITA_HISTORICAL_DD,,,,,3,,,,,,4,,,,,,,,,,,,,,,,,,,,,
Libia_navy,create_equipment_variant,Freccia Class,ship_hull_light_1,ITA_HISTORICAL_DD,,,,,4,,,0,,,4,,,,,,,,,,,,,,,,,,,,,
Libia_navy,create_equipment_variant,Climene Class,ship_hull_large_frigate,ITA_HISTORICAL_DD,,,,,4,,,0,,,4,,,,,,,,,,,,,,,,,,,,,
Libia_navy,create_equipment_variant,Perseo Class,ship_hull_large_frigate,ITA_HISTORICAL_DD,,,,,4,,,0,,,4,,,,,,,,,,,,,,,,,,,,,
Libia_navy,create_equipment_variant,Alcione Class,ship_hull_large_frigate,ITA_HISTORICAL_DD,,,,,4,,,0,,,4,,,,,,,,,,,,,,,,,,,,,
Albania_navy,create_equipment_variant,Faà di Bruno Class,ship_hull_monitor,ITA_HISTORICAL_BB,,,,,5,,,7,,0,,,,,,,,,,,,,,,,,,,,,,
Albania_navy,create_equipment_variant,Taranto Class,ship_hull_cruiser_0,ITA_HISTORICAL_CL,,,,,2,,,1,,4,,,,,,,,,,,,,,,,,,,,,,
Albania_navy,create_equipment_variant,Ancona Class,ship_hull_cruiser_0,ITA_HISTORICAL_CL,,,,,2,,,1,,4,,,,,,,,,,,,,,,,,,,,,,
Albania_navy,create_equipment_variant,Bari Class,ship_hull_cruiser_defenced_cruiser,ITA_HISTORICAL_CL,,,,,3,,,5,,4,,,,,,,,,,,,,,,,,,,,,,
Albania_navy,create_equipment_variant,Palestro Class,ship_hull_light_0_old,ITA_HISTORICAL_DD,,,,,3,,,,,,4,,,,,,,,,,,,,,,,,,,,,
Albania_navy,create_equipment_variant,Spica Class,ship_hull_large_frigate,ITA_HISTORICAL_DD,,,,,4,,,0,,,4,,,,,,,,,,,,,,,,,,,,,
Albania_navy,create_equipment_variant,Gabbiano Class,ship_hull_frigate_1,ITA_HISTORICAL_DD,,,,,3,,4,,0,,,,,,0,,,,,,,,,,,,,,,,,
Albania_navy,create_equipment_variant,Goffredo Mameli Class,ship_hull_submarine_1,ITA_HISTORICAL_SS,1,,,,,,,,,,,,,,,,1,,,,,,,,,,,,,,,
Albania_navy,create_equipment_variant,Vettor Pisani Class,ship_hull_submarine_1,ITA_HISTORICAL_SS,1,,,,1,,,1,,,,,,,,,1,,,,,,,,,,,,,,,
Albania_navy,create_equipment_variant,Sirena Class,ship_hull_submarine_2,ITA_HISTORICAL_SS,1,,,,1,,,1,,,,,,,,,1,,,,,,,,,,,,,,,
Albania_navy,create_equipment_variant,Luigi Settembrini Class,ship_hull_submarine_2,ITA_HISTORICAL_SS,1,,,,1,,,1,,,,,,,,,,,,,,,,,,,,,,,,
Albania_navy,create_equipment_variant,Pietro Micca Class,ship_hull_submarine_2,ITA_HISTORICAL_SS,1,,,,2,,,2,,,,,,,,,3,,,,,,,,,,,,,,,
Albania_navy,create_equipment_variant,Argonauta Class,ship_hull_miget_sub,ITA_HISTORICAL_SS,,,,,4,,,4,,,,,,,,,3,,,,,,,,,,,,,,,
Albania_navy,create_equipment_variant,Ettore Fieramosca Class,ship_hull_cruiser_submarine,ITA_HISTORICAL_SS,,,,,5,,,,,,,,,,,,3,,,,,,,,,,,,,,,
Albania_navy,create_equipment_variant,Pietro Calvi Class,ship_hull_cruiser_submarine,ITA_HISTORICAL_SS,,,,,6,,,2,,,,,,,,,3,,,,,,,,,,,,,,,
South_Africa_navy,create_equipment_variant,Grimsby Class,ship_hull_frigate_1,SAF_HISTORICAL_DD,0,,,,2,,2,,,,,,,,,,,,,,,,,,,,,,,,,
South_Africa_navy,create_equipment_variant,Flower Class,ship_hull_frigate_1,ENG_HISTORICAL_DD,,,,,3,,3,,,,,,,,,,,,,,,,,,,,,,,,,
South_Africa_navy,create_equipment_variant,M15 Class,ship_hull_monitor,SAF_HISTORICAL_BB,0,,,,3,,,5,,5,,,,,,,,,,,,,,,,,,,,,,
South_Africa_navy,create_equipment_variant,Artifex Class,ship_hull_cruiser_0_remodeling,SAF_HISTORICAL_CL,,,,,2,,,1,,5,,,,,,,,,,,,,,,,,,,,,,
Manchukou_navy,create_equipment_variant,Dingyan Class,ship_hull_super_heavy_1,MAN_HISTORICAL_BB,,,,,5,,,10,,,,,,5,,,,,,,,,,,,,,,,,,
Manchukou_navy,create_equipment_variant,Hailon Class,ship_hull_carrier_1,MAN_HISTORICAL_CV,,,,,6,,,3,,,,6,4,,,,,,,,,,,,,,,,,,,
Manchukou_navy,create_equipment_variant,Hairong Class,ship_hull_torpedo_cruiser_1,MAN_HISTORICAL_CL,,,,,5,,,3,,6,,,,,,,,,,,,,,,,,,,,,,
Manchukou_navy,create_equipment_variant,Haiwang Class,ship_hull_light_1,MAN_HISTORICAL_DD,,,,,4,,,0,,,5,,,,,,,,,,,,,,,,,,,,,
Manchukou_navy,create_equipment_variant,Jinghai Class,ship_hull_light_1,MAN_HISTORICAL_DD,,,,,5,,,1,,,5,,,,,,,,,,,,,,,,,,,,,
Manchukou_navy,create_equipment_variant,Baihu Class,ship_hull_light_0,MAN_HISTORICAL_DD,,,,,3,,,0,,,5,,,,,,,,,,,,,,,,,,,,,
Manchukou_navy,create_equipment_variant,Shenfeng Class,ship_hull_light_1,MAN_HISTORICAL_DD,,,,,5,,,2,,,6,,,,,,,,,,,,,,,,,,,,,
Manchukou_navy,create_equipment_variant,Muyue Class,ship_hull_light_1,MAN_HISTORICAL_DD,,,,,5,,,2,,,6,,,,,,,,,,,,,,,,,,,,,
Manchukou_navy,create_equipment_variant,Eun Min Class,ship_hull_frigate_2,MAN_HISTORICAL_DD,,,,,10,,10,,5,,,,,,5,,,,,,,,,,,,,,,,,
Manchukou_navy,create_equipment_variant,Aiguo Wan Class,ship_hull_cruiser_0_remodeling,MAN_HISTORICAL_MC,,,,,5,,,2,,5,,,,,,,,,,,,,,,,,,,,,,
Manchukou_navy,create_equipment_variant,Rong An Class,ship_hull_light_1,MAN_HISTORICAL_DD,,,,,5,,,0,,,3,,,,,,,,,,,,,,,,,,,,,
Manchukou_navy,create_equipment_variant,Xin Haida Class,ship_hull_submarine_3,MAN_HISTORICAL_SS,0,,,,8,,,,,,,,,,,,6,,,,,,,,,,,,,,,
Manchukou_navy,create_equipment_variant,Haida V Class,ship_hull_submarine_3,MAN_HISTORICAL_SS,0,,,,3,,,,,,,,,,,,5,,,,,,,,,,,,,,,
Manchukou_navy,create_equipment_variant,I IX Class,ship_hull_cruiser_submarine,MAN_HISTORICAL_SS,0,,,,3,,,,,,,,,,,,5,,,,,,,,,,,,,,,
Suez_Canal_navy,create_equipment_variant,Conte di Cavour Class,ship_hull_dreadnought,ITA_HISTORICAL_BC,,,,,0,,,1,,,,,,5,,,,,,,,,,,,,,,,,,
Suez_Canal_navy,create_equipment_variant,Giuseppe Miraglia Class,ship_hull_cruiser_0_remodeling,ITA_HISTORICAL_CL,,,,,5,,,3,,5,,,,,,,,,,,,,,,,,,,,,,
Suez_Canal_navy,create_equipment_variant,Luigi Cadorna Class,ship_hull_cruiser_1,ITA_HISTORICAL_CL,0,,,,0,,,0,,5,,,,,,,,,,,,,,,,,,,,,,
Suez_Canal_navy,create_equipment_variant,Alberto di Giussano Class,ship_hull_cruiser_1,ITA_HISTORICAL_CL,0,,,,0,,,0,,6,,,,,,,,,,,,,,,,,,,,,,
Suez_Canal_navy,create_equipment_variant,Animoso Class,ship_hull_light_0,ITA_HISTORICAL_DD,0,,,,5,,,,,,4,,,,,,,,,,,,,,,,,,,,,
Suez_Canal_navy,create_equipment_variant,Diana Class,ship_hull_cruiser_scout_cruiser,ITA_HISTORICAL_CL,,,,,1,,,0,,4,,,,,,,,,,,,,,,,,,,,,,
Suez_Canal_navy,create_equipment_variant,Navigatori Class,ship_hull_light_1,ITA_HISTORICAL_DD,,,,,5,,,2,,,5,,,,,,,,,,,,,,,,,,,,,
Suez_Canal_navy,create_equipment_variant,Sella Class,ship_hull_light_1,ITA_HISTORICAL_DD,,,,,4,,,0,,,3,,,,,,,,,,,,,,,,,,,,,
Suez_Canal_navy,create_equipment_variant,Curtatone Class,ship_hull_large_frigate,ITA_HISTORICAL_DD,,,,,4,,,0,,,4,,,,,,,,,,,,,,,,,,,,,
Suez_Canal_navy,create_equipment_variant,Carlo Mirabello Class,ship_hull_light_0_old,ITA_HISTORICAL_DD,,,,,3,,,,,,4,,,,,,,,,,,,,,,,,,,,,
Suez_Canal_navy,create_equipment_variant,Rosolino Pilo Class,ship_hull_light_0_old,ITA_HISTORICAL_DD,,,,,3,,,,,,4,,,,,,,,,,,,,,,,,,,,,
Suez_Canal_navy,create_equipment_variant,Leone Class,ship_hull_light_1_old,ITA_HISTORICAL_DD,,,,,3,,,,,,4,,,,,,,,,,,,,,,,,,,,,
Suez_Canal_navy,create_equipment_variant,Ariete Class,ship_hull_large_frigate,ITA_HISTORICAL_DD,,,,,2,,,3,,,4,,,,,,,,,,,,,,,,,,,,,
Italy_navy,create_equipment_variant,Luigi Cadorna Class,ship_hull_cruiser_1,ITA_HISTORICAL_CL,0,,,,0,,,0,,5,,,,,,,,,,,,,,,,,,,,,,
Italy_navy,create_equipment_variant,Alberto di Giussano Class,ship_hull_cruiser_1,ITA_HISTORICAL_CL,0,,,,0,,,0,,5,,,,,,,,,,,,,,,,,,,,,,
Italy_navy,create_equipment_variant,Nazario Sauro Class,ship_hull_light_0,ITA_HISTORICAL_DD,0,,,,,,,,,,3,,,,,,,,,,,,,,,,,,,,,
Italy_navy,create_equipment_variant,Soldati Class,ship_hull_light_1,ITA_HISTORICAL_DD,0,,,,1,,,,,,3,,,,,,,,,,,,,,,,,,,,,
Italy_navy,create_equipment_variant,Archimede Class,ship_hull_submarine_1,ITA_HISTORICAL_SS,0,,,,18,,,,,,,,,,,,0,,,,,,,,,,,,,,,
Italy_navy,create_equipment_variant,Brin Class,ship_hull_submarine_1,ITA_HISTORICAL_SS,0,,,,2,,,,,,,,,,,,4,,,,,,,,,,,,,,,
Italy_navy,create_equipment_variant,Adua Class,ship_hull_submarine_1,ITA_HISTORICAL_SS,0,,,,5,,,,,,,,,,,,1,,,,,,,,,,,,,,,
Italy_navy,create_equipment_variant,Perla Class,ship_hull_submarine_1,ITA_HISTORICAL_SS,0,,,,4,,,,,,,,,,,,1,,,,,,,,,,,,,,,
Italy_navy,create_equipment_variant,Eritrea Class,ship_hull_cruiser_1,ITA_HISTORICAL_CL,0,,,,5,,,0,,1,,,,,,,,,,,,,,,,,,,,,,
Italy_navy,create_equipment_variant,Giuseppe Sirtori Class,ship_hull_light_1_old,ITA_HISTORICAL_DD,,,,,3,,,,,,4,,,,,,,,,,,,,,,,,,,,,
Italy_navy,create_equipment_variant,Freccia Class,ship_hull_light_1,ITA_HISTORICAL_DD,,,,,4,,,0,,,4,,,,,,,,,,,,,,,,,,,,,
Italy_navy,create_equipment_variant,Climene Class,ship_hull_large_frigate,ITA_HISTORICAL_DD,,,,,4,,,0,,,4,,,,,,,,,,,,,,,,,,,,,
Italy_navy,create_equipment_variant,Perseo Class,ship_hull_large_frigate,ITA_HISTORICAL_DD,,,,,4,,,0,,,4,,,,,,,,,,,,,,,,,,,,,
Italy_navy,create_equipment_variant,Alcione Class,ship_hull_large_frigate,ITA_HISTORICAL_DD,,,,,4,,,0,,,4,,,,,,,,,,,,,,,,,,,,,
Italy_navy,create_equipment_variant,Conte di Cavour Class,ship_hull_dreadnought,ITA_HISTORICAL_BC,,,,,0,,,1,,,,,,5,,,,,,,,,,,,,,,,,,
Italy_navy,create_equipment_variant,Giuseppe Miraglia Class,ship_hull_cruiser_0_remodeling,ITA_HISTORICAL_CL,,,,,5,,,3,,5,,,,,,,,,,,,,,,,,,,,,,
Italy_navy,create_equipment_variant,Animoso Class,ship_hull_light_0,ITA_HISTORICAL_DD,0,,,,5,,,,,,4,,,,,,,,,,,,,,,,,,,,,
Italy_navy,create_equipment_variant,Diana Class,ship_hull_cruiser_scout_cruiser,ITA_HISTORICAL_CL,,,,,1,,,0,,4,,,,,,,,,,,,,,,,,,,,,,
Italy_navy,create_equipment_variant,Navigatori Class,ship_hull_light_1,ITA_HISTORICAL_DD,,,,,5,,,2,,,5,,,,,,,,,,,,,,,,,,,,,
Italy_navy,create_equipment_variant,Sella Class,ship_hull_light_1,ITA_HISTORICAL_DD,,,,,4,,,0,,,3,,,,,,,,,,,,,,,,,,,,,
Italy_navy,create_equipment_variant,Curtatone Class,ship_hull_large_frigate,ITA_HISTORICAL_DD,,,,,4,,,0,,,4,,,,,,,,,,,,,,,,,,,,,
Italy_navy,create_equipment_variant,Carlo Mirabello Class,ship_hull_light_0_old,ITA_HISTORICAL_DD,,,,,3,,,,,,4,,,,,,,,,,,,,,,,,,,,,
Italy_navy,create_equipment_variant,Rosolino Pilo Class,ship_hull_light_0_old,ITA_HISTORICAL_DD,,,,,3,,,,,,4,,,,,,,,,,,,,,,,,,,,,
Italy_navy,create_equipment_variant,Leone Class,ship_hull_light_1_old,ITA_HISTORICAL_DD,,,,,3,,,,,,4,,,,,,,,,,,,,,,,,,,,,
Italy_navy,create_equipment_variant,Ariete Class,ship_hull_large_frigate,ITA_HISTORICAL_DD,,,,,2,,,3,,,4,,,,,,,,,,,,,,,,,,,,,
Italy_navy,create_equipment_variant,Taranto Class,ship_hull_cruiser_0,ITA_HISTORICAL_CL,,,,,2,,,1,,4,,,,,,,,,,,,,,,,,,,,,,
Italy_navy,create_equipment_variant,Ancona Class,ship_hull_cruiser_0,ITA_HISTORICAL_CL,,,,,2,,,1,,4,,,,,,,,,,,,,,,,,,,,,,
Italy_navy,create_equipment_variant,Bari Class,ship_hull_cruiser_defenced_cruiser,ITA_HISTORICAL_CL,,,,,3,,,5,,4,,,,,,,,,,,,,,,,,,,,,,
Italy_navy,create_equipment_variant,Palestro Class,ship_hull_light_0_old,ITA_HISTORICAL_DD,,,,,3,,,,,,4,,,,,,,,,,,,,,,,,,,,,
Italy_navy,create_equipment_variant,Spica Class,ship_hull_large_frigate,ITA_HISTORICAL_DD,,,,,4,,,0,,,4,,,,,,,,,,,,,,,,,,,,,
Italy_navy,create_equipment_variant,Gabbiano Class,ship_hull_frigate_1,ITA_HISTORICAL_DD,,,,,4,,4,,2,,,,,,1,,,,,,,,,,,,,,,,,
Italy_navy,create_equipment_variant,Goffredo Mameli Class,ship_hull_submarine_1,ITA_HISTORICAL_SS,1,,,,,,,,,,,,,,,,1,,,,,,,,,,,,,,,
Italy_navy,create_equipment_variant,Vettor Pisani Class,ship_hull_submarine_1,ITA_HISTORICAL_SS,1,,,,1,,,1,,,,,,,,,1,,,,,,,,,,,,,,,
Italy_navy,create_equipment_variant,Sirena Class,ship_hull_submarine_2,ITA_HISTORICAL_SS,1,,,,1,,,1,,,,,,,,,1,,,,,,,,,,,,,,,
Italy_navy,create_equipment_variant,Luigi Settembrini Class,ship_hull_submarine_2,ITA_HISTORICAL_SS,1,,,,1,,,1,,,,,,,,,,,,,,,,,,,,,,,,
Italy_navy,create_equipment_variant,Pietro Micca Class,ship_hull_submarine_2,ITA_HISTORICAL_SS,1,,,,2,,,2,,,,,,,,,3,,,,,,,,,,,,,,,
Italy_navy,create_equipment_variant,Argonauta Class,ship_hull_miget_sub,ITA_HISTORICAL_SS,,,,,4,,,4,,,,,,,,,3,,,,,,,,,,,,,,,
Italy_navy,create_equipment_variant,Ettore Fieramosca Class,ship_hull_cruiser_submarine,ITA_HISTORICAL_SS,,,,,5,,,,,,,,,,,,3,,,,,,,,,,,,,,,
Italy_navy,create_equipment_variant,Pietro Calvi Class,ship_hull_cruiser_submarine,ITA_HISTORICAL_SS,,,,,6,,,2,,,,,,,,,3,,,,,,,,,,,,,,,
Italy_navy,create_equipment_variant,Caio Duilio Class,ship_hull_dreadnought,ITA_HISTORICAL_BC,,,,,3,,,2,,,,,,5,,,,,,,,,,,,,,,,,,
Italy_navy,create_equipment_variant,Vittorio Veneto Class,ship_hull_heavy_0,ITA_HISTORICAL_BB,,,,,5,,,5,,,,,,7,,,,,,,,,,,,,,,,,,
Italy_navy,create_equipment_variant,Italia Class,ship_hull_heavy_1,ITA_HISTORICAL_BB,,,,,5,,,3,,,,,,7,,,,,,,,,,,,,,,,,,
Italy_navy,create_equipment_variant,Valcamonica Class,ship_hull_heavy_2,ITA_HISTORICAL_BB,,,,,7,,,4,,,,,,7,,,,,,,,,,,,,,,,,,
Italy_navy,create_equipment_variant,Leonardo da Vinci Class,ship_hull_super_heavy_1,ITA_HISTORICAL_BB,,,,,3,,,2,,,,,,5,,,,,,,,,,,,,,,,,,
Italy_navy,create_equipment_variant,Aquila Class,ship_hull_carrier_conversion_mc,ITA_HISTORICAL_CV,,,,,5,,,1,,,,5,3,,,,,,,,,,,,,,,,,,,
Italy_navy,create_equipment_variant,Falco Class,ship_hull_carrier_2,ITA_HISTORICAL_CV,,,,,5,,,1,,,,4,3,,,,,,,,,,,,,,,,,,,
Italy_navy,create_equipment_variant,Sparviero Class,ship_hull_carrier_conversion_tp,ITA_HISTORICAL_CV,,,,,5,,,1,,,,5,0,,,,,,,,,,,,,,,,,,,
Italy_navy,create_equipment_variant,Avvoltoio Class,ship_hull_light_carrier_2,ITA_HISTORICAL_CV,,,,,5,,,5,,,,5,2,,,,,,,,,,,,,,,,,,,
Italy_navy,create_equipment_variant,Trento Class,ship_hull_cruiser_1,ITA_HISTORICAL_CA,,,,,5,,,1,,5,,,,,,,,,,,,,,,,,,,,,,
Italy_navy,create_equipment_variant,Zara Class,ship_hull_cruiser_1,ITA_HISTORICAL_CA,,,,,5,,,1,,5,,,,,,,,,,,,,,,,,,,,,,
Italy_navy,create_equipment_variant,Bolzano Class,ship_hull_cruiser_2,ITA_HISTORICAL_CA,,,,,5,,,3,,5,,,,,,,,,,,,,,,,,,,,,,
Italy_navy,create_equipment_variant,Raimondo Montecuccoli Class,ship_hull_cruiser_2,ITA_HISTORICAL_CL,0,,,,3,,,1,,6,,,,,,,,,,,,,,,,,,,,,,
Italy_navy,create_equipment_variant,Emanuele Filiberto Duca d'Aosta Class,ship_hull_cruiser_2,ITA_HISTORICAL_CL,0,,,,2,,,2,,5,,,,,,,,,,,,,,,,,,,,,,
Italy_navy,create_equipment_variant,Luigi di Savoia Duca degli Abruzzi Class,ship_hull_cruiser_3,ITA_HISTORICAL_CL,0,,,,3,,,2,,6,,,,,,,,,,,,,,,,,,,,,,
Italy_navy,create_equipment_variant,Costanzo Ciano Class,ship_hull_cruiser_3,ITA_HISTORICAL_CL,0,,,,3,,,3,,6,,,,,,,,,,,,,,,,,,,,,,
Italy_navy,create_equipment_variant,Capitani Romani Class,ship_hull_cruiser_3,ITA_HISTORICAL_CL,,,,,4,,,4,,8,,,,,,,,,,,,,,,,,,,,,,
Italy_navy,create_equipment_variant,Generale Class,ship_hull_light_0_old,ITA_HISTORICAL_DD,,,,,3,,,,,,4,,,,,,,,,,,,,,,,,,,,,
Italy_navy,create_equipment_variant,Turbine Class,ship_hull_light_0,ITA_HISTORICAL_DD,,,,,6,,,0,,,5,,,,,,,,,,,,,,,,,,,,,
Italy_navy,create_equipment_variant,Folgore Class,ship_hull_light_1,ITA_HISTORICAL_DD,,,,,4,,,2,,,4,,,,,,,,,,,,,,,,,,,,,
Italy_navy,create_equipment_variant,Maestrale Class,ship_hull_light_1,ITA_HISTORICAL_DD,,,,,4,,,2,,,3,,,,,,,,,,,,,,,,,,,,,
Italy_navy,create_equipment_variant,Alfredo Orian Class,ship_hull_light_1,ITA_HISTORICAL_DD,,,,,4,,,2,,,4,,,,,,,,,,,,,,,,,,,,,
Italy_navy,create_equipment_variant,Alfredo Orian Class,ship_hull_light_1,ITA_HISTORICAL_DD,,,,,4,,,2,,,4,,,,,,,,,,,,,,,,,,,,,
Italy_navy,create_equipment_variant,Camicia Nera Class,ship_hull_light_2,ITA_HISTORICAL_DD,,,,,4,,,2,,,4,,,,,,,,,,,,,,,,,,,,,
Italy_navy,create_equipment_variant,Soldati Class,ship_hull_light_2,ITA_HISTORICAL_DD,,,,,4,,,3,,,5,,,,,,,,,,,,,,,,,,,,,
Italy_navy,create_equipment_variant,Comandanti Medaglie d'Oro Class,ship_hull_light_3,ITA_HISTORICAL_DD,,,,,4,,,3,,,5,,,,,,,,,,,,,,,,,,,,,
Italy_navy,create_equipment_variant,Orsa Class,ship_hull_light_1,ITA_HISTORICAL_DD,,,,,5,,,3,,,7,,,,,,,,,,,,,,,,,,,,,
Italy_navy,create_equipment_variant,Gabbiano [Ape] Class,ship_hull_frigate_1,ITA_HISTORICAL_DD,,,,,4,,4,,3,,,,,,3,,,,,,,,,,,,,,,,,
Italy_navy,create_equipment_variant,Gabbiano [Antilope] Class,ship_hull_frigate_1,ITA_HISTORICAL_DD,,,,,6,,4,,3,,,,,,5,,,,,,,,,,,,,,,,,
Italy_navy,create_equipment_variant,Gabbiano [Artimede] Class,ship_hull_frigate_1,ITA_HISTORICAL_DD,,,,,6,,5,,5,,,,,,4,,,,,,,,,,,,,,,,,
Italy_navy,create_equipment_variant,Gabbiano [Scimitarra] Class,ship_hull_frigate_1,ITA_HISTORICAL_DD,,,,,8,,5,,5,,,,,,5,,,,,,,,,,,,,,,,,
Italy_navy,create_equipment_variant,Acciaio Class,ship_hull_submarine_2,ITA_HISTORICAL_SS,,,,,5,,,2,,,,,,,,,4,,,,,,,,,,,,,,,
Italy_navy,create_equipment_variant,Flutto Class,ship_hull_submarine_2,ITA_HISTORICAL_SS,,,,,2,,,2,,,,,,,,,4,,,,,,,,,,,,,,,
Italy_navy,create_equipment_variant,Bario Class,ship_hull_submarine_2,ITA_HISTORICAL_SS,,,,,5,,,2,,,,,,,,,4,,,,,,,,,,,,,,,
Italy_navy,create_equipment_variant,Attinio Class,ship_hull_submarine_3,ITA_HISTORICAL_SS,,,,,7,,,2,,,,,,,,,4,,,,,,,,,,,,,,,
Fareastern_State_navy,create_equipment_variant,Settsu Class,ship_hull_pre_dreadnought_1,FAE_HISTORICAL_BB,,,,,4,,,7,,,,,,4,,,,,,,,,,,,,,,,,,
Fareastern_State_navy,create_equipment_variant,project 26-bis Class,ship_hull_cruiser_2,FAE_HISTORICAL_CA,0,,,,3,,,2,,4,,,,,,,,,,,,,,,,,,,,,,
Fareastern_State_navy,create_equipment_variant,Tenryu Class,ship_hull_cruiser_0,FAE_HISTORICAL_CL,,,,,4,,,4,,5,,,,,,,,,,,,,,,,,,,,,,
Fareastern_State_navy,create_equipment_variant,Kuma Class,ship_hull_cruiser_0,FAE_HISTORICAL_CL,,,,,4,,,4,,5,,,,,,,,,,,,,,,,,,,,,,
Fareastern_State_navy,create_equipment_variant,Minoo Class,ship_hull_cruiser_0_transport_remodeling,FAE_HISTORICAL_CL,,,,,3,,,2,,4,,,,,,,,,,,,,,,,,,,,,,
Fareastern_State_navy,create_equipment_variant,Shirataka Class,ship_hull_light_0,FAE_HISTORICAL_DD,,,,,6,,,0,,,5,,,,,,,,,,,,,,,,,,,,,
Fareastern_State_navy,create_equipment_variant,Dai 31 Go Syokai Tei Class,ship_hull_light_0,FAE_HISTORICAL_DD,0,,,,5,,,,,,6,,,,,,,,,,,,,,,,,,,,,
Fareastern_State_navy,create_equipment_variant,Tsukushi Class,ship_hull_light_0,FAE_HISTORICAL_DD,,,,,6,,,2,,,5,,,,,,,,,,,,,,,,,,,,,
Fareastern_State_navy,create_equipment_variant,Gnevny Class,ship_hull_light_2,FAE_HISTORICAL_DD,,,,,4,,,0,,,6,,,,,,,,,,,,,,,,,,,,,
Fareastern_State_navy,create_equipment_variant,Hei Kai Class,ship_hull_frigate_2,FAE_HISTORICAL_DD,,,,,8,,8,,5,,,,,,5,,,,,,,,,,,,,,,,,
Fareastern_State_navy,create_equipment_variant,Etorofu Class,ship_hull_frigate_2,FAE_HISTORICAL_DD,,,,,5,,5,,2,,,,,,3,,,,,,,,,,,,,,,,,
Fareastern_State_navy,create_equipment_variant,Etorofu Kai Class,ship_hull_frigate_2,FAE_HISTORICAL_DD,,,,,6,,5,,3,,,,,,5,,,,,,,,,,,,,,,,,
Fareastern_State_navy,create_equipment_variant,Mikura Class,ship_hull_frigate_2,FAE_HISTORICAL_DD,,,,,7,,6,,5,,,,,,5,,,,,,,,,,,,,,,,,
Fareastern_State_navy,create_equipment_variant,IXbis Class,ship_hull_submarine_2,FAE_HISTORICAL_SS,,,,,5,,,2,,,,,,,,,4,,,,,,,,,,,,,,,
Fareastern_State_navy,create_equipment_variant,XI Class,ship_hull_submarine_2,FAE_HISTORICAL_SS,0,,,,7,4,,6,,,,,,,,,5,,,,,,,,,,,,,,,
Fareastern_State_navy,create_equipment_variant,VI Class,ship_hull_submarine_3,FAE_HISTORICAL_SS,,,,,7,,,2,,,,,,,,,4,,,,,,,,,,,,,,,
Fareastern_State_navy,create_equipment_variant,VIbis Class,ship_hull_submarine_3,FAE_HISTORICAL_SS,,,,,7,,,2,,,,,,,,,4,,,,,,,,,,,,,,,
Philippines_navy,create_equipment_variant,Great Pleiades Class,ship_hull_cruiser_coastal_defense_ship_2,PHI_HISTORICAL_BB,,,,,10,,,7,,7,,,,,,,,,,,,,,,,,,,,,,
Philippines_navy,create_equipment_variant,Pinatubo Class,ship_hull_cruiser_1,PHI_HISTORICAL_CA,0,,,,4,,,5,,8,,,,,,,,,,,,,,,,,,,,,,
Philippines_navy,create_equipment_variant,Quickness Class,ship_hull_cruiser_1,PHI_HISTORICAL_CL,,,,,4,,,0,,4,,,,,,,,,,,,,,,,,,,,,,
Philippines_navy,create_equipment_variant,Tarlac Class,ship_hull_torpedo_cruiser_1,PHI_HISTORICAL_CL,,,,,4,,,1,,4,,,,,,,,,,,,,,,,,,,,,,
Philippines_navy,create_equipment_variant,Datu Kalantiaw Class,ship_hull_light_0,PHI_HISTORICAL_DD,,,,,5,,,0,,,5,,,,,,,,,,,,,,,,,,,,,
Philippines_navy,create_equipment_variant,Starfish Class,ship_hull_light_0,PHI_HISTORICAL_DD,,,,,4,,,0,,,4,,,,,,,,,,,,,,,,,,,,,
Philippines_navy,create_equipment_variant,Clam Class,ship_hull_light_1,PHI_HISTORICAL_DD,,,,,4,,,0,,,4,,,,,,,,,,,,,,,,,,,,,
Philippines_navy,create_equipment_variant,Gregorio del Pilar Class,ship_hull_light_1,PHI_HISTORICAL_DD,,,,,4,,,0,,,5,,,,,,,,,,,,,,,,,,,,,
Philippines_navy,create_equipment_variant,Eagle Class,ship_hull_frigate_1,PHI_HISTORICAL_DD,0,,,,10,,12,,,,,,,,,,,,,,,,,,,,,,,,,
Philippines_navy,create_equipment_variant,PF01 Class,ship_hull_frigate_2,PHI_HISTORICAL_DD,,,,,10,,8,,2,,,,,,5,,,,,,,,,,,,,,,,,
Philippines_navy,create_equipment_variant,S01 Class,ship_hull_submarine_3,PHI_HISTORICAL_SS,0,,,,8,,,,,,,,,,,,6,,,,,,,,,,,,,,,
cuba_navy,create_equipment_variant,Cuba Class,ship_hull_cruiser_0,CUB_HISTORICAL_CL,,,,,0,,,0,,2,,,,,,,,,,,,,,,,,,,,,,
cuba_navy,create_equipment_variant,Patria Class,ship_hull_micro_3,CUB_HISTORICAL_DD,,,,,2,,0,,,,,,,,,,,,,,,,,,,,,,,,,
cuba_navy,create_equipment_variant,Baire Class,ship_hull_micro_2,CUB_HISTORICAL_DD,,,,,1,,0,,,,,,,,,,,,,,,,,,,,,,,,,
cuba_navy,create_equipment_variant,Habana Class,ship_hull_micro_2,CUB_HISTORICAL_DD,,,,,0,,5,,,,,,,,,,,,,,,,,,,,,,,,,
cuba_navy,create_equipment_variant,Diez de Otoubre Class,ship_hull_micro,CUB_HISTORICAL_DD,,,,,0,,5,,,,,,,,,,,,,,,,,,,,,,,,,
cuba_navy,create_equipment_variant,Yara Class,ship_hull_micro,CUB_HISTORICAL_DD,,,,,0,,3,,,,,,,,,,,,,,,,,,,,,,,,,
cuba_navy,create_equipment_variant,Gomez Class,ship_hull_cruiser_0_transport_remodeling,CUB_HISTORICAL_DD,,,,,6,,,6,,6,,,,,,,,,,,,,,,,,,,,,,
Caribbean_navy,create_equipment_variant,Danton Class,ship_hull_pre_dreadnought_1,WIN_HISTORICAL_BB,1,,,GFX_FRA_ship_hull_pre_dreadnought_1_medium,9,,,8,,,,,,4,,,,,,,,,,,,,,,,,,
Caribbean_navy,create_equipment_variant,Courbet Class,ship_hull_dreadnought,WIN_HISTORICAL_BB,1,,,GFX_FRA_ship_hull_dreadnought_medium,9,,,5,,,,,,4,,,,,,,,,,,,,,,,,,
Caribbean_navy,create_equipment_variant,Wyoming Class,ship_hull_dreadnought,WIN_HISTORICAL_BB,1,,,,6,,,3,,,,,,3,,,,,,,,,,,,,,,,,,
Caribbean_navy,create_equipment_variant,Provence Class,ship_hull_heavy_0,WIN_HISTORICAL_BB,3,,,GFX_FRA_ship_hull_heavy_0_medium,9,,,5,,,,,,3,,,,,,,,,,,,,,,,,,
Caribbean_navy,create_equipment_variant,Nevada Class,ship_hull_heavy_0,WIN_HISTORICAL_BB,3,,,,4,,,4,,,,,,3,,,,,,,,,,,,,,,,,,
Caribbean_navy,create_equipment_variant,Pennsylvania Class,ship_hull_heavy_0,WIN_HISTORICAL_BB,3,,,GFX_Pennsylvania,3,,,3,,,,,,2,,,,,,,,,,,,,,,,,,
Caribbean_navy,create_equipment_variant,New Mexico Class,ship_hull_heavy_0,WIN_HISTORICAL_BB,1,,,,2,,,2,,,,,,2,,,,,,,,,,,,,,,,,,
Caribbean_navy,create_equipment_variant,Tennessee Class,ship_hull_heavy_1,WIN_HISTORICAL_BB,1,,,,7,,,5,,,,,,2,,,,,,,,,,,,,,,,,,
Caribbean_navy,create_equipment_variant,Colorado Class,ship_hull_heavy_1,WIN_HISTORICAL_BB,1,,,,7,,,4,,,,,,2,,,,,,,,,,,,,,,,,,
Caribbean_navy,create_equipment_variant,Dunkerque Class,ship_hull_heavy_2,WIN_HISTORICAL_BB,1,,,,6,,,3,,,,,,2,,,,,,,,,,,,,,,,,,
Caribbean_navy,create_equipment_variant,Richelieu Class,ship_hull_heavy_2,WIN_HISTORICAL_BB,1,,,,5,,,4,,,,,,2,,,,,,,,,,,,,,,,,,
Caribbean_navy,create_equipment_variant,France Class,ship_hull_heavy_3,WIN_HISTORICAL_BB,1,,,,7,,,5,,,,,,2,,,,,,,,,,,,,,,,,,
Caribbean_navy,create_equipment_variant,Iowa Class,ship_hull_heavy_3,WIN_HISTORICAL_BB,1,,,,7,,,5,,,,,,4,,,,,,,,,,,,,,,,,,
Caribbean_navy,create_equipment_variant,Béarn Class,ship_hull_carrier_conversion_bb,WIN_HISTORICAL_CV,,,,,4,,,1,,,,4,2,,,,,,,,,,,,,,,,,,,
Caribbean_navy,create_equipment_variant,Lorraine Class,ship_hull_carrier_conversion_bb,WIN_HISTORICAL_CV,,,,,4,,,2,,,,4,4,,,,,,,,,,,,,,,,,,,
Caribbean_navy,create_equipment_variant,Joffre Class,ship_hull_carrier_1,WIN_HISTORICAL_CV,,,,,9,,,5,,,,7,3,,,,,,,,,,,,,,,,,,,
Caribbean_navy,create_equipment_variant,Comandant Teste Class,ship_hull_carrier_1,WIN_HISTORICAL_CV,,,,,8,,,5,,,,7,3,,,,,,,,,,,,,,,,,,,
Caribbean_navy,create_equipment_variant,Independence Class,ship_hull_carrier_conversion_ca_2,WIN_HISTORICAL_CV,0,,,GFX_Independence,5,,,0,,,,,2,,,,,,,,,,,,,,,,,,,
Caribbean_navy,create_equipment_variant,Casablanca Class,ship_hull_carrier_conversion_mc,WIN_HISTORICAL_CV,,,,,5,,,1,,,,5,2,,,,,,,,,,,,,,,,,,,
Caribbean_navy,create_equipment_variant,Commencement Bay Class,ship_hull_light_carrier_1,WIN_HISTORICAL_CV,0,,,,5,,,2,,,,2,3,,,,,,,,,,,,,,,,,,,
Caribbean_navy,create_equipment_variant,Alaska Class,ship_hull_CB,WIN_HISTORICAL_BB,,,,,10,,,4,,5,,,,,,,,,,,,,,,,,,,,,,
Caribbean_navy,create_equipment_variant,Algérie Class,ship_hull_cruiser_1,WIN_HISTORICAL_CA,,,,,5,,,3,,7,,,,,,,,,,,,,,,,,,,,,,
Caribbean_navy,create_equipment_variant,Duguay Trouin Class,ship_hull_cruiser_1,WIN_HISTORICAL_CL,,,,,5,,,0,,7,,,,,,,,,,,,,,,,,,,,,,
Caribbean_navy,create_equipment_variant,Jeanne D'Arc Class,ship_hull_cruiser_1,WIN_HISTORICAL_CL,,,,,5,,,0,,7,,,,,,,,,,,,,,,,,,,,,,
Caribbean_navy,create_equipment_variant,Java Class,ship_hull_cruiser_1,WIN_HISTORICAL_CL,,,,,5,,,0,,7,,,,,,,,,,,,,,,,,,,,,,
Caribbean_navy,create_equipment_variant,Omaha Class,ship_hull_cruiser_1,WIN_HISTORICAL_CL,,,,GFX_Omaha,5,,,1,,7,,,,,,,,,,,,,,,,,,,,,,
Caribbean_navy,create_equipment_variant,La Galissonnière Class,ship_hull_cruiser_2,WIN_HISTORICAL_CL,,,,,5,,,0,,5,,,,,,,,,,,,,,,,,,,,,,
Caribbean_navy,create_equipment_variant,Emile Bertin Class,ship_hull_cruiser_2,WIN_HISTORICAL_CL,,,,,5,,,1,,6,,,,,,,,,,,,,,,,,,,,,,
Caribbean_navy,create_equipment_variant,De Grasse Class,ship_hull_cruiser_2,WIN_HISTORICAL_CL,,,,,5,,,2,,7,,,,,,,,,,,,,,,,,,,,,,
Caribbean_navy,create_equipment_variant,Le Fantasque Class,ship_hull_cruiser_scout_cruiser,WIN_HISTORICAL_DD,,,,,3,,,0,,4,,,,,,,,,,,,,,,,,,,,,,
Caribbean_navy,create_equipment_variant,Gryf Class,ship_hull_cruiser_scout_cruiser,WIN_HISTORICAL_DD,,,,,3,,,0,,4,,,,,,,,,,,,,,,,,,,,,,
Caribbean_navy,create_equipment_variant,Chamois Class,ship_hull_large_frigate,WIN_HISTORICAL_DD,0,,,,3,,,0,,,4,,,,,,,,,,,,,,,,,,,,,
Caribbean_navy,create_equipment_variant,Grom Class,ship_hull_light_1,WIN_HISTORICAL_DD,,,,,4,,,0,,,5,,,,,,,,,,,,,,,,,,,,,
Caribbean_navy,create_equipment_variant,Leningrad Class,ship_hull_light_1,WIN_HISTORICAL_DD,,,,,4,,,0,,,5,,,,,,,,,,,,,,,,,,,,,
Caribbean_navy,create_equipment_variant,Burza Class,ship_hull_light_1,WIN_HISTORICAL_DD,,,,,4,,,0,,,5,,,,,,,,,,,,,,,,,,,,,
Caribbean_navy,create_equipment_variant,Fletcher Class,ship_hull_light_3,WIN_HISTORICAL_DD,,,,GFX_Fletcher,3,,,1,,,8,,,,,,,,,,,,,,,,,,,,,
Caribbean_navy,create_equipment_variant,Evarts Class,ship_hull_light_3,WIN_HISTORICAL_DD,,,,,5,,,2,,,5,,,,,,,,,,,,,,,,,,,,,
Caribbean_navy,create_equipment_variant,Tacoma Class,ship_hull_frigate_2,WIN_HISTORICAL_CL,,,,GFX_Tacoma,10,,4,,5,,,,,,5,,,,,,,,,,,,,,,,,
Caribbean_navy,create_equipment_variant,Diligente Class,ship_hull_frigate_1,WIN_HISTORICAL_DD,0,,,,2,,2,,,,,,,,,,,,,,,,,,,,,,,,,
Caribbean_navy,create_equipment_variant,Élan Class,ship_hull_frigate_1,WIN_HISTORICAL_DD,0,,,,2,,2,,2,,,,,,,,,,,,,,,,,,,,,,,
Caribbean_navy,create_equipment_variant,Orzeł Class,ship_hull_submarine_2,WIN_HISTORICAL_SS,,,,,2,,,2,,,,,,,,,2,,,,,,,,,,,,,,,
Caribbean_navy,create_equipment_variant,Surcouf Class,ship_hull_cruiser_submarine,WIN_HISTORICAL_SS,0,,,,6,4,,5,,,,,,,,,4,,,,,,,,,,,,,,,
turkey_navy,create_equipment_variant,Moltke Class,ship_hull_dreadnought,TUR_HISTORICAL_BC,,,,,3,,,4,,,,,,5,,,,,,,,,,,,,,,,,,
turkey_navy,create_equipment_variant,Demirhisar Class,ship_hull_light_1,TUR_HISTORICAL_DD,,,,,4,,,1,,,3,,,,,,,,,,,,,,,,,,,,,
turkey_navy,create_equipment_variant,Kocatepe Class,ship_hull_light_1,TUR_HISTORICAL_DD,,,,,4,,,2,,,4,,,,,,,,,,,,,,,,,,,,,
turkey_navy,create_equipment_variant,Tinaztepe Class,ship_hull_light_1,TUR_HISTORICAL_DD,,,,,4,,,2,,,4,,,,,,,,,,,,,,,,,,,,,
turkey_navy,create_equipment_variant,Ay Class,ship_hull_submarine_1,TUR_HISTORICAL_SS,1,,,,,1,,,,,,,,,,,1,,,,,,,,,,,,,,,
turkey_navy,create_equipment_variant,Oruç Reis Class,ship_hull_submarine_1,TUR_HISTORICAL_SS,1,,,,,,,,,,,,,,,,1,,,,,,,,,,,,,,,
turkey_navy,create_equipment_variant,U-Boot Class Type I,ship_hull_submarine_1,TUR_HISTORICAL_SS,0,,,,,1,,,,,,,,,,,2,,,,,,,,,,,,,,,
turkey_navy,create_equipment_variant,U-Boot Class Type UB III,ship_hull_submarine_1,TUR_HISTORICAL_SS,0,,,,,,,,,,,,,,,,2,,,,,,,,,,,,,,,
turkey_navy,create_equipment_variant,Vettor Pisani Class,ship_hull_submarine_1,TUR_HISTORICAL_SS,1,,,,1,,,1,,,,,,,,,1,,,,,,,,,,,,,,,
turkey_navy,create_equipment_variant,Argonauta Class,ship_hull_miget_sub,TUR_HISTORICAL_SS,,,,,4,,,4,,,,,,,,,3,,,,,,,,,,,,,,,
America_navy,create_equipment_variant,Constitution Class,ship_hull_wooden_hulled_heavy,ENG_HISTORICAL_BB,3,,,,3,,,5,,,,,,3,,,,,,,,,,,,,,,,,,
America_navy,create_equipment_variant,Ranger Class,ship_hull_carrier_1,USA_HISTORICAL_CV,,,,,9,,,5,,,,7,5,,,,,,,,,,,,,,,,,,,
America_navy,create_equipment_variant,Yorktown Class,ship_hull_carrier_1,USA_HISTORICAL_CV,,,,,5,,,5,,,,7,3,,,,,,,,,,,,,,,,,,,
America_navy,create_equipment_variant,Essex Class,ship_hull_carrier_3,USA_HISTORICAL_CV,,,,,10,,,7,,,,8,5,,,,,,,,,,,,,,,,,,,
America_navy,create_equipment_variant,Lexington Class,ship_hull_carrier_3,USA_HISTORICAL_CV,,,,,10,,,7,,,,8,5,,,,,,,,,,,,,,,,,,,
America_navy,create_equipment_variant,Yorktown Class,ship_hull_carrier_3,USA_HISTORICAL_CV,,,,,10,,,7,,,,10,5,,,,,,,,,,,,,,,,,,,
America_navy,create_equipment_variant,Shangri-la Class,ship_hull_carrier_3,USA_HISTORICAL_CV,,,,,10,,,7,,,,10,17,,,,,,,,,,,,,,,,,,,
America_navy,create_equipment_variant,Independence Class,ship_hull_carrier_conversion_ca_2,USA_HISTORICAL_CV,0,,,GFX_Independence,5,,,0,,,,,2,,,,,,,,,,,,,,,,,,,
America_navy,create_equipment_variant,Wyoming Class,ship_hull_dreadnought,USA_HISTORICAL_BB,1,,,,6,,,3,,,,,,3,,,,,,,,,,,,,,,,,,
America_navy,create_equipment_variant,Baltimore Class,ship_hull_carrier_conversion_ca_2,USA_HISTORICAL_CV,0,,,,5,,,2,,,,,2,,,,,,,,,,,,,,,,,,,
America_navy,create_equipment_variant,New York Class,ship_hull_heavy_0,USA_HISTORICAL_BB,3,,,GFX_NewYork,2,,,3,,,,,,3,,,,,,,,,,,,,,,,,,
America_navy,create_equipment_variant,Nevada Class,ship_hull_heavy_0,USA_HISTORICAL_BB,3,,,,4,,,4,,,,,,3,,,,,,,,,,,,,,,,,,
America_navy,create_equipment_variant,Pennsylvania Class,ship_hull_heavy_0,USA_HISTORICAL_BB,3,,,GFX_Pennsylvania,3,,,3,,,,,,2,,,,,,,,,,,,,,,,,,
America_navy,create_equipment_variant,New Mexico Class,ship_hull_heavy_0,USA_HISTORICAL_BB,1,,,,2,,,2,,,,,,2,,,,,,,,,,,,,,,,,,
America_navy,create_equipment_variant,Tennessee Class,ship_hull_heavy_1,USA_HISTORICAL_BB,1,,,,7,,,5,,,,,,2,,,,,,,,,,,,,,,,,,
America_navy,create_equipment_variant,Colorado Class,ship_hull_heavy_1,USA_HISTORICAL_BB,1,,,,7,,,4,,,,,,2,,,,,,,,,,,,,,,,,,
America_navy,create_equipment_variant,North Carolina Class,ship_hull_heavy_2,USA_HISTORICAL_BB,1,,,,7,,,5,,,,,,5,,,,,,,,,,,,,,,,,,
America_navy,create_equipment_variant,South Dakota Class,ship_hull_heavy_2,USA_HISTORICAL_BB,1,,,,7,,,6,,,,,,3,,,,,,,,,,,,,,,,,,
America_navy,create_equipment_variant,Iowa Class,ship_hull_heavy_3,USA_HISTORICAL_BB,1,,,,7,,,5,,,,,,4,,,,,,,,,,,,,,,,,,
America_navy,create_equipment_variant,Ticonderoga Class,ship_hull_carrier_3,USA_HISTORICAL_CV,,,,,10,,,7,,,,8,5,,,,,,,,,,,,,,,,,,,
America_navy,create_equipment_variant,Commencement Bay Class,ship_hull_light_carrier_1,USA_HISTORICAL_CVL,0,,,,5,,,2,,,,2,3,,,,,,,,,,,,,,,,,,,
America_navy,create_equipment_variant,Fletcher Class,ship_hull_light_3,USA_HISTORICAL_DD,,,,GFX_Fletcher,3,,,1,,,8,,,,,,,,,,,,,,,,,,,,,
America_navy,create_equipment_variant,Rudderow Class,ship_hull_light_3,USA_DE_HISTORICAL,,,,,10,,,3,,,2,,,,,,,,,,,,,,,,,,,,,
America_navy,create_equipment_variant,Lewis Hancock Class,ship_hull_light_3,USA_HISTORICAL_DD,,,,,6,,,3,,,5,,,,,,,,,,,,,,,,,,,,,
America_navy,create_equipment_variant,Allen M.Sumner Class,ship_hull_light_3,USA_HISTORICAL_DD,,,,,5,,,2,,,5,,,,,,,,,,,,,,,,,,,,,
America_navy,create_equipment_variant,Gearing Class,ship_hull_light_3,USA_HISTORICAL_DD,,,,,7,,,3,,,6,,,,,,,,,,,,,,,,,,,,,
America_navy,create_equipment_variant,Samuel B. Roberts Class,ship_hull_light_3,USA_HISTORICAL_DD,,,,,7,,,4,,,6,,,,,,,,,,,,,,,,,,,,,
America_navy,create_equipment_variant,Theodore E. Chandler Class,ship_hull_light_3,USA_HISTORICAL_DD,,,,,7,,,3,,,6,,,,,,,,,,,,,,,,,,,,,
America_navy,create_equipment_variant,Lofberg Class,ship_hull_light_3,USA_HISTORICAL_DD,,,,,5,,,2,,,5,,,,,,,,,,,,,,,,,,,,,
America_navy,create_equipment_variant,Evarts Class,ship_hull_light_3,USA_HISTORICAL_DD,,,,,5,,,2,,,5,,,,,,,,,,,,,,,,,,,,,
America_navy,create_equipment_variant,Tacoma Class,ship_hull_frigate_2,USA_HISTORICAL_CL,,,,GFX_Tacoma,10,,4,,5,,,,,,5,,,,,,,,,,,,,,,,,
America_navy,create_equipment_variant,Omaha Class,ship_hull_cruiser_1,USA_HISTORICAL_CL,,,,GFX_Omaha,5,,,1,,7,,,,,,,,,,,,,,,,,,,,,,
America_navy,create_equipment_variant,Atlanta Class,ship_hull_cruiser_2,USA_HISTORICAL_CL,,,,,5,,,2,,7,,,,,,,,,,,,,,,,,,,,,,
America_navy,create_equipment_variant,Baltimore Class,ship_hull_cruiser_1,USA_HISTORICAL_CA,,,,,5,,,2,,7,,,,,,,,,,,,,,,,,,,,,,
America_navy,create_equipment_variant,Gato Class,ship_hull_submarine_2,USA_HISTORICAL_SS,0,,,,7,3,,5,,,,,,,,,4,,,,,,,,,,,,,,,
America_navy,create_equipment_variant,Alaska Class,ship_hull_CB,USA_HISTORICAL_BB,,,,,10,,,4,,5,,,,,,,,,,,,,,,,,,,,,,
America_navy,create_equipment_variant,Charleston Harbor Class,ship_hull_CB,USA_HISTORICAL_BB,,,,,10,,,4,,8,,,,,,,,,,,,,,,,,,,,,,
America_navy,create_equipment_variant,Montana Class,ship_hull_super_heavy_1,USA_HISTORICAL_BB,0,,,,1,,,1,,,,,,3,,,,,,,,,,,,,,,,,,
America_navy,create_equipment_variant,Iowa Class,ship_hull_super_heavy_1,USA_HISTORICAL_BB,0,,,,2,,,3,,,,,,5,,,,,,,,,,,,,,,,,,
America_navy,create_equipment_variant,Colorado Class,ship_hull_super_heavy_1,USA_HISTORICAL_BB,0,,,,3,,,6,,,,,,3,,,,,,,,,,,,,,,,,,
America_navy,create_equipment_variant,Northampton Class,ship_hull_cruiser_1,USA_HISTORICAL_CA,,,,,5,,,3,,5,,,,,,,,,,,,,,,,,,,,,,
America_navy,create_equipment_variant,Des Moines Class,ship_hull_cruiser_3,USA_HISTORICAL_CA,,,,,4,,,3,,3,,,,,,,,,,,,,,,,,,,,,,
America_navy,create_equipment_variant,Cleveland Class,ship_hull_cruiser_2,USA_HISTORICAL_CL,,,,,3,,,2,,3,,,,,,,,,,,,,,,,,,,,,,
America_navy,create_equipment_variant,Fargo Class,ship_hull_cruiser_2,USA_HISTORICAL_CL,,,,,4,,,3,,4,,,,,,,,,,,,,,,,,,,,,,
America_navy,create_equipment_variant,Worcester Class,ship_hull_cruiser_3,USA_HISTORICAL_CL,,,,,4,,,3,,4,,,,,,,,,,,,,,,,,,,,,,
America_navy,create_equipment_variant,Oakland Class,ship_hull_cruiser_3,USA_HISTORICAL_CL,,,,,5,,,4,,3,,,,,,,,,,,,,,,,,,,,,,
America_navy,create_equipment_variant,Porpoise Class,ship_hull_submarine_3,USA_HISTORICAL_SS,0,,,,5,2,,1,,,,,,,,,2,,,,,,,,,,,,,,,
America_navy,create_equipment_variant,Tambor Class,ship_hull_submarine_3,USA_HISTORICAL_SS,0,,,,5,2,,2,,,,,,,,,2,,,,,,,,,,,,,,,
America_navy,create_equipment_variant,Salmon Class,ship_hull_submarine_3,USA_HISTORICAL_SS,0,,,,5,2,,2,,,,,,,,,3,,,,,,,,,,,,,,,
America_navy,create_equipment_variant,Tench Class,ship_hull_submarine_3,USA_HISTORICAL_SS,0,,,,5,3,,2,,,,,,,,,4,,,,,,,,,,,,,,,
America_navy,create_equipment_variant,New Orleans Class,ship_hull_cruiser_1,USA_HISTORICAL_CA,,,,,5,,,3,,7,,,,,,,,,,,,,,,,,,,,,,
America_navy,create_equipment_variant,Wichita Class,ship_hull_cruiser_1,USA_HISTORICAL_CA,,,,,5,,,3,,7,,,,,,,,,,,,,,,,,,,,,,
mexico_navy,create_equipment_variant,Gearing Class,ship_hull_light_3,MEX_HISTORICAL_DD,,,,,7,,,3,,,6,,,,,,,,,,,,,,,,,,,,,
mexico_navy,create_equipment_variant,Baltimore Class,ship_hull_cruiser_1,MEX_HISTORICAL_CA,,,,,5,,,2,,7,,,,,,,,,,,,,,,,,,,,,,
mexico_navy,create_equipment_variant,Fletcher Class,ship_hull_light_3,MEX_HISTORICAL_DD,,,,GFX_Fletcher,3,,,1,,,8,,,,,,,,,,,,,,,,,,,,,
mexico_navy,create_equipment_variant,Omaha Class,ship_hull_cruiser_1,MEX_HISTORICAL_CL,,,,GFX_Omaha,5,,,1,,7,,,,,,,,,,,,,,,,,,,,,,
mexico_navy,create_equipment_variant,Casablanca Class,ship_hull_carrier_conversion_mc,MEX_HISTORICAL_CV,,,,,5,,,1,,,,5,2,,,,,,,,,,,,,,,,,,,
mexico_navy,create_equipment_variant,Tacoma Class,ship_hull_frigate_2,MEX_HISTORICAL_DD,,,,GFX_Tacoma,10,,4,,5,,,,,,5,,,,,,,,,,,,,,,,,
mexico_navy,create_equipment_variant,Progreso Class,ship_hull_cruiser_0_transport_remodeling,MEX_HISTORICAL_CL,,,,,3,,,2,,4,,,,,,,,,,,,,,,,,,,,,,
mexico_navy,create_equipment_variant,Edsall Class,ship_hull_light_3,MEX_HISTORICAL_DD,,,,,5,,,2,,,3,,,,,,,,,,,,,,,,,,,,,
mexico_navy,create_equipment_variant,Crosley Class,ship_hull_light_3,MEX_HISTORICAL_DD,,,,,5,,,2,,,5,,,,,,,,,,,,,,,,,,,,,
mexico_navy,create_equipment_variant,Blas Godínez Class,ship_hull_micro_3,,,,,,8,,8,,,,,,,,,,,,,,,,,,,,,,,,,
mexico_navy,create_equipment_variant,Admirable Class,ship_hull_micro_4,,,,,,6,,5,,,,,,,,,,,,,,,,,,,,,,,,,
mexico_navy,create_equipment_variant,Auk Class,ship_hull_micro_4,,,,,,6,,6,,,,,,,,,,,,,,,,,,,,,,,,,
mexico_navy,create_equipment_variant,Abnaki Class,ship_hull_micro_4,,,,,,6,,6,,,,,,,,,,,,,,,,,,,,,,,,,
mexico_navy,create_equipment_variant,Durango Class,ship_hull_micro_4,,,,,,6,,6,,,,,,,,,,,,,,,,,,,,,,,,,
mexico_navy,create_equipment_variant,Guanajuato Class,ship_hull_micro_4,,,,,,6,,6,,,,,,,,,,,,,,,,,,,,,,,,,
mexico_navy,create_equipment_variant,Wyoming Class,ship_hull_dreadnought,MEX_HISTORICAL_BB,1,,,,6,,,3,,,,,,3,,,,,,,,,,,,,,,,,,
mexico_navy,create_equipment_variant,Anáhuac Class,ship_hull_cruiser_coastal_defense_ship_1,MEX_HISTORICAL_BB,0,,,,4,,,5,,10,,,,,,,,,,,,,,,,,,,,,,
Australian_Administrative_Union_of_New_Guinea_Navy,create_equipment_variant,London Class,ship_hull_cruiser_1,PNG_HISTORICAL_CA,,,,,5,,,2,,5,,,,,,,,,,,,,,,,,,,,,,
Australian_Administrative_Union_of_New_Guinea_Navy,create_equipment_variant,Koningin Regentes Class,ship_hull_cruiser_coastal_defense_ship_1,PNG_HISTORICAL_BB,,,,,6,,,4,,1,,,,,,,,,,,,,,,,,,,,,,
Australian_Administrative_Union_of_New_Guinea_Navy,create_equipment_variant,Jacob van Heemskerck Class,ship_hull_cruiser_coastal_defense_ship_1,PNG_HISTORICAL_BB,,,,,5,,,2,,1,,,,,,,,,,,,,,,,,,,,,,
Australian_Administrative_Union_of_New_Guinea_Navy,create_equipment_variant,Java Class,ship_hull_cruiser_1,PNG_HISTORICAL_CL,,,,,5,,,0,,7,,,,,,,,,,,,,,,,,,,,,,
Australian_Administrative_Union_of_New_Guinea_Navy,create_equipment_variant,De Ruyter Class,ship_hull_cruiser_2,PNG_HISTORICAL_CL,,,,,5,,,2,,5,,,,,,,,,,,,,,,,,,,,,,
Australian_Administrative_Union_of_New_Guinea_Navy,create_equipment_variant,Tromp Class,ship_hull_cruiser_2,PNG_HISTORICAL_CL,,,,,5,,,2,,5,,,,,,,,,,,,,,,,,,,,,,
Australian_Administrative_Union_of_New_Guinea_Navy,create_equipment_variant,Abdiel Class,ship_hull_cruiser_1,PNG_HISTORICAL_CL,,,,,3,,,1,,5,,,,,,,,,,,,,,,,,,,,,,
Australian_Administrative_Union_of_New_Guinea_Navy,create_equipment_variant,Second M Class,ship_hull_light_2,ENG_HISTORICAL_DD,,,,,4,,,0,,,6,,,,,,,,,,,,,,,,,,,,,
Australian_Administrative_Union_of_New_Guinea_Navy,create_equipment_variant,Hunt II Class,ship_hull_light_1,PNG_HISTORICAL_DD,0,,,,2,,,0,,,0,,,,,,,,,,,,,,,,,,,,,
Australian_Administrative_Union_of_New_Guinea_Navy,create_equipment_variant,Hunt III Class,ship_hull_light_1,PNG_HISTORICAL_DD,0,,,,2,,,0,,,0,,,,,,,,,,,,,,,,,,,,,
Australian_Administrative_Union_of_New_Guinea_Navy,create_equipment_variant,Second H Class,ship_hull_light_1,PNG_HISTORICAL_DD,,,,,4,,,1,,,3,,,,,,,,,,,,,,,,,,,,,
Australian_Administrative_Union_of_New_Guinea_Navy,create_equipment_variant,Second F Class,ship_hull_light_1,PNG_HISTORICAL_DD,0,,,,4,,,0,,,3,,,,,,,,,,,,,,,,,,,,,
Australian_Administrative_Union_of_New_Guinea_Navy,create_equipment_variant,O Class,ship_hull_light_1,PNG_HISTORICAL_DD,,,,,3,,,0,,,5,,,,,,,,,,,,,,,,,,,,,
Australian_Administrative_Union_of_New_Guinea_Navy,create_equipment_variant,Prophase Battle Class,ship_hull_light_2,PNG_HISTORICAL_DD,,,,,4,,,0,,,5,,,,,,,,,,,,,,,,,,,,,
Australian_Administrative_Union_of_New_Guinea_Navy,create_equipment_variant,Ch Class,ship_hull_light_2,PNG_HISTORICAL_DD,0,,,,4,,,0,,,6,,,,,,,,,,,,,,,,,,,,,
Australian_Administrative_Union_of_New_Guinea_Navy,create_equipment_variant,Van Galen Class,ship_hull_light_1,PNG_HISTORICAL_DD,,,,,4,,,0,,,5,,,,,,,,,,,,,,,,,,,,,
Australian_Administrative_Union_of_New_Guinea_Navy,create_equipment_variant,N Class,ship_hull_light_1,ENG_HISTORICAL_DD,,,,,3,,,0,,,4,,,,,,,,,,,,,,,,,,,,,
Australian_Administrative_Union_of_New_Guinea_Navy,create_equipment_variant,Flores Class,ship_hull_light_monitor,PNG_HISTORICAL_DD,,,,,5,,5,5,,,,,,,,,,,,,,,,,,,,,,,,
Australian_Administrative_Union_of_New_Guinea_Navy,create_equipment_variant,Johan Maurits van Nassau Class,ship_hull_light_monitor,PNG_HISTORICAL_DD,,,,,5,,5,5,,,,,,,,,,,,,,,,,,,,,,,,
Australian_Administrative_Union_of_New_Guinea_Navy,create_equipment_variant,Krakatau Class,ship_hull_light_monitor,PNG_HISTORICAL_DD,,,,,5,,5,5,,,,,,,,,,,,,,,,,,,,,,,,
Australian_Administrative_Union_of_New_Guinea_Navy,create_equipment_variant,K XIV Class,ship_hull_submarine_2,PNG_HISTORICAL_SS,,,,,0,,,3,,,,,,,,,3,,,,,,,,,,,,,,,
Australian_Administrative_Union_of_New_Guinea_Navy,create_equipment_variant,O-19 Class,ship_hull_submarine_2,PNG_HISTORICAL_SS,,,,,4,,,2,,,,,,,,,2,,,,,,,,,,,,,,,
Australian_Administrative_Union_of_New_Guinea_Navy,create_equipment_variant,O-21 Class,ship_hull_submarine_2,PNG_HISTORICAL_SS,,,,,4,,,2,,,,,,,,,2,,,,,,,,,,,,,,,
Japanese_military_rule_in_New_Guinea_navy,create_equipment_variant,Kumotori Class,ship_hull_heavy_2,EPA_MOUNTAIN,0,,,,6,,,5,,,,,,5,,,,,,,,,,,,,,,,,,
Japanese_military_rule_in_New_Guinea_navy,create_equipment_variant,Inaba Class,ship_hull_cruiser_coastal_defense_ship_2,EPA_HISTORICAL_BB,,,,,10,,,7,,7,,,,,,,,,,,,,,,,,,,,,,
Japanese_military_rule_in_New_Guinea_navy,create_equipment_variant,Unryu Class,ship_hull_carrier_1,EPA_HISTORICAL_CV,,,,,6,,,3,,,,6,4,,,,,,,,,,,,,,,,,,,
Japanese_military_rule_in_New_Guinea_navy,create_equipment_variant,Takao Class,ship_hull_cruiser_2,JAP_MOUNTAIN,,,,,5,,,3,,5,,,,,,,,,,,,,,,,,,,,,,
Japanese_military_rule_in_New_Guinea_navy,create_equipment_variant,Ooyodo Class,ship_hull_cruiser_3,EPA_RIVER,,,,,6,,,3,,4,,,,,,,,,,,,,,,,,,,,,,
Japanese_military_rule_in_New_Guinea_navy,create_equipment_variant,Yugumo Class,ship_hull_light_3,EPA_HISTORICAL_DD,,,,,6,,,2,,,6,,,,,,,,,,,,,,,,,,,,,
Japanese_military_rule_in_New_Guinea_navy,create_equipment_variant,Matsu Class,ship_hull_light_2,EPA_PLANTS,,,,,4,,,0,,,6,,,,,,,,,,,,,,,,,,,,,
Japanese_military_rule_in_New_Guinea_navy,create_equipment_variant,Ukuru Class,ship_hull_frigate_2,EPA_HISTORICAL_CV,,,,,10,,10,,5,,,,,,5,,,,,,,,,,,,,,,,,
Japanese_military_rule_in_New_Guinea_navy,create_equipment_variant,Jyun Sen Otsu Class,ship_hull_cruiser_submarine,EPA_HISTORICAL_SS,,,,,3,,,,,,,,,,,,4,,,,,,,,,,,,,,,
Indonesian_West_Irian,create_equipment_variant,Soerabaja Class,ship_hull_cruiser_coastal_defense_ship_1,INS_HISTORICAL_BC,0,,,,4,,,5,,10,,,,,,,,,,,,,,,,,,,,,,
Indonesian_West_Irian,create_equipment_variant,Sarwadjala Class,ship_hull_cruiser_armored_cruiser,INS_HISTORICAL_CA,,,,,6,,,3,,2,,,,,,,,,,,,,,,,,,,,,,
Indonesian_West_Irian,create_equipment_variant,Soetomo Class,ship_hull_cruiser_0,INS_HISTORICAL_CL,0,,,,3,,,,,3,,,,,,,,,,,,,,,,,,,,,,
Indonesian_West_Irian,create_equipment_variant,Irian Class,ship_hull_cruiser_1,INS_HISTORICAL_CL,0,,,,3,,,,,3,,,,,,,,,,,,,,,,,,,,,,
Indonesian_West_Irian,create_equipment_variant,Imam Bonjol Class,ship_hull_cruiser_1,INS_HISTORICAL_CL,0,,,,5,,,5,,7,,,,,,,,,,,,,,,,,,,,,,
Indonesian_West_Irian,create_equipment_variant,Bataha Santiago Class,ship_hull_light_2,JAP_PLANTS,,,,,14,,,6,,,4,,,,,,,,,,,,,,,,,,,,,
Indonesian_West_Irian,create_equipment_variant,Kapuas Class,ship_hull_micro_4,INS_HISTORICAL_DD,0,,,,8,,10,,,,,,,,,,,,,,,,,,,,,,,,,
Indonesian_West_Irian,create_equipment_variant,Baabullah Class,ship_hull_micro_4,INS_HISTORICAL_DD,0,,,,8,,10,,,,,,,,,,,,,,,,,,,,,,,,,
Indonesian_West_Irian,create_equipment_variant,Falcon Class,ship_hull_frigate_1,INS_HISTORICAL_DD,0,,,,8,,10,,,,,,,,,,,,,,,,,,,,,,,,,
Indonesian_West_Irian,create_equipment_variant,Sen ko II Class,ship_hull_miget_sub,INS_HISTORICAL_SS,0,,,,10,,,,,,,,,,,,8,,,,,,,,,,,,,,,
Serbia_navy,create_equipment_variant,Lubin Class,ship_hull_cruiser_0_remodeling,,,,,GFX_Biskaya,5,,,2,,5,,,,,,,,,,,,,,,,,,,,,,
Serbia_navy,create_equipment_variant,Nestin Class,ship_hull_large_frigate,,,,,GFX_Hestin,4,,,0,,,4,,,,,,,,,,,,,,,,,,,,,
Serbia_navy,create_equipment_variant,Dubrovnik Class,ship_hull_light_1,,,,,,4,,,0,,,4,,,,,,,,,,,,,,,,,,,,,
Serbia_navy,create_equipment_variant,Beograd Class,ship_hull_light_1,,,,,,4,,,0,,,4,,,,,,,,,,,,,,,,,,,,,
Serbia_navy,create_equipment_variant,Zmaj Class,ship_hull_cruiser_0_transport_remodeling,,,,,,5,,,0,,3,,,,,,,,,,,,,,,,,,,,,,
Serbia_navy,create_equipment_variant,Dalmacija Class,ship_hull_cruiser_defenced_cruiser,,,,,,4,,,4,,1,,,,,,,,,,,,,,,,,,,,,,
Serbia_navy,create_equipment_variant,Neretva Class,ship_hull_ironclad,,,,,,4,,,4,,1,,,,,,,,,,,,,,,,,,,,,,
Serbia_navy,create_equipment_variant,Zlarin Class,ship_hull_cruiser_unprotected_cruiser,,,,,,4,,,4,,1,,,,,,,,,,,,,,,,,,,,,,
Serbia_navy,create_equipment_variant,Marjan Class,ship_hull_micro_2,,0,,,,5,,3,,,,,,,,,,,,,,,,,,,,,,,,,
Serbia_navy,create_equipment_variant,T1 Class,ship_hull_micro_3,,0,,,,5,,7,,,,,,,,,,,,,,,,,,,,,,,,,
Serbia_navy,create_equipment_variant,T5 Class,ship_hull_micro_3,,0,,,,5,,7,,,,,,,,,,,,,,,,,,,,,,,,,
Serbia_navy,create_equipment_variant,Beli Orao Class,ship_hull_micro_4,,,,,,2,,1,,,,,,,,,,,,,,,,,,,,,,,,,
Serbia_navy,create_equipment_variant,TČ101 Class,ship_hull_micro_4,,,,,,4,,3,,,,,,,,,,,,,,,,,,,,,,,,,
Serbia_navy,create_equipment_variant,Hrabri Class,ship_hull_submarine_1,,1,,,,,,,,,,,,,,,,1,,,,,,,,,,,,,,,
Serbia_navy,create_equipment_variant,Smeli Class,ship_hull_submarine_1,,1,,,,,1,,,,,,,,,,,2,,,,,,,,,,,,,,,
Serbia_navy,create_equipment_variant,Orao Class,ship_hull_frigate_1,,0,,,,8,,10,,,,,,,,,,,,,,,,,,,,,,,,,
Serbia_navy,create_equipment_variant,Orjen Class,ship_hull_micro_2,,0,,,,4,,5,,,,,,,,,,,,,,,,,,,,,,,,,
Serbia_navy,create_equipment_variant,Uskok Class,ship_hull_micro_2,,0,,,,4,,5,,,,,,,,,,,,,,,,,,,,,,,,,
Serbia_navy,create_equipment_variant,D1 Class,ship_hull_frigate_1,,0,,,,8,,10,,,,,,,,,,,,,,,,,,,,,,,,,
mittel_africa_navy,create_equipment_variant,Braunschweig Class,ship_hull_cruiser_1,,0,,,,2,,,2,,4,,,,,,,,,,,,,,,,,,,,,,
mittel_africa_navy,create_equipment_variant,Gazelle Class,ship_hull_cruiser_defenced_cruiser,,,,,,4,,,4,,1,,,,,,,,,,,,,,,,,,,,,,
mittel_africa_navy,create_equipment_variant,Dresden Class,ship_hull_cruiser_defenced_cruiser,,,,,,1,,,1,,3,,,,,,,,,,,,,,,,,,,,,,
mittel_africa_navy,create_equipment_variant,Afrika Class,ship_hull_cruiser_1,,,,,,1,,,1,,3,,,,,,,,,,,,,,,,,,,,,,
mittel_africa_navy,create_equipment_variant,De Grasse Class,ship_hull_cruiser_2,,,,,,5,,,2,,7,,,,,,,,,,,,,,,,,,,,,,
mittel_africa_navy,create_equipment_variant,Z1 Class,ship_hull_light_0,,0,,,,2,,,,,,2,,,,,,,,,,,,,,,,,,,,,
mittel_africa_navy,create_equipment_variant,Z5 Class,ship_hull_light_1,,0,,,,3,,,,,,3,,,,,,,,,,,,,,,,,,,,,
mittel_africa_navy,create_equipment_variant,Z17 Class,ship_hull_light_2,,,,,,3,,,,,,5,,,,,,,,,,,,,,,,,,,,,
mittel_africa_navy,create_equipment_variant,1923 Class,ship_hull_light_1,,,,,,5,,,2,,,5,,,,,,,,,,,,,,,,,,,,,
mittel_africa_navy,create_equipment_variant,1924 Class,ship_hull_light_1,,,,,,5,,,2,,,5,,,,,,,,,,,,,,,,,,,,,
mittel_africa_navy,create_equipment_variant,G7 Class,ship_hull_large_frigate,,,,,,5,,,0,,,5,,,,,,,,,,,,,,,,,,,,,
Greece_navy,create_equipment_variant,Salamis Class,ship_hull_dreadnought,GRE_HISTORICAL_BB,0,,,,3,,,2,,,,,,5,,,,,,,,,,,,,,,,,,
Greece_navy,create_equipment_variant,Kilkis Class,ship_hull_pre_dreadnought_0,GRE_HISTORICAL_BB,,,,,4,,,7,,,,,,5,,,,,,,,,,,,,,,,,,
Greece_navy,create_equipment_variant,Nauarkhos Miaoulis Class,ship_hull_pre_dreadnought_0,GRE_HISTORICAL_BB,,,,,4,,,7,,,,,,5,,,,,,,,,,,,,,,,,,
Greece_navy,create_equipment_variant,Georgios Averof Class,ship_hull_cruiser_armored_cruiser,GRE_HISTORICAL_BB,,,,,4,,,3,,5,,,,,,,,,,,,,,,,,,,,,,
Greece_navy,create_equipment_variant,Vasileus Konstantinos Class,ship_hull_cruiser_1,GRE_HISTORICAL_CA,0,,,,2,,,2,,4,,,,,,,,,,,,,,,,,,,,,,
Greece_navy,create_equipment_variant,T/K Psara Class,ship_hull_cruiser_1,GRE_HISTORICAL_CL,,,,,1,,,1,,3,,,,,,,,,,,,,,,,,,,,,,
Greece_navy,create_equipment_variant,Elli Class,ship_hull_cruiser_defenced_cruiser,GRE_HISTORICAL_CL,,,,,6,,,4,,1,,,,,,,,,,,,,,,,,,,,,,
Greece_navy,create_equipment_variant,Antinauarkhos Kountouriotis Class,ship_hull_cruiser_defenced_cruiser,GRE_HISTORICAL_CL,,,,,4,,,4,,1,,,,,,,,,,,,,,,,,,,,,,
Greece_navy,create_equipment_variant,Niki Class,ship_hull_light_0_old,GRE_HISTORICAL_DD,,,,,2,,,,,,2,,,,,,,,,,,,,,,,,,,,,
Greece_navy,create_equipment_variant,Thuella Class,ship_hull_light_0_old,GRE_HISTORICAL_DD,,,,,3,,,,,,3,,,,,,,,,,,,,,,,,,,,,
Greece_navy,create_equipment_variant,Aetos Class,ship_hull_light_1_old,GRE_HISTORICAL_DD,,,,,3,,,,,,4,,,,,,,,,,,,,,,,,,,,,
Greece_navy,create_equipment_variant,Ydra Class,ship_hull_light_1,GRE_HISTORICAL_DD,0,,,,2,,,0,,,0,,,,,,,,,,,,,,,,,,,,,
Greece_navy,create_equipment_variant,Vasileus Georgios I Class,ship_hull_light_1,GRE_HISTORICAL_DD,0,,,,2,,,0,,,0,,,,,,,,,,,,,,,,,,,,,
Greece_navy,create_equipment_variant,Aktion Class,ship_hull_light_1,GRE_HISTORICAL_DD,,,,,4,,,0,,,5,,,,,,,,,,,,,,,,,,,,,
Greece_navy,create_equipment_variant,Kriezis Class,ship_hull_light_1,GRE_HISTORICAL_DD,,,,,4,,,2,,,5,,,,,,,,,,,,,,,,,,,,,
Greece_navy,create_equipment_variant,Aigli Class,ship_hull_frigate_1,GRE_HISTORICAL_DD,,,,,2,,0,,,,,,,,,,,,,,,,,,,,,,,,,
Greece_navy,create_equipment_variant,Proussa Class,ship_hull_frigate_1,GRE_HISTORICAL_DD,,,,,2,,0,,,,,,,,,,,,,,,,,,,,,,,,,
Greece_navy,create_equipment_variant,Kyzikos Class,ship_hull_frigate_1,GRE_HISTORICAL_DD,,,,,2,,2,,,,,,,,,,,,,,,,,,,,,,,,,
Greece_navy,create_equipment_variant,Katsonis Class,ship_hull_submarine_1,GRE_HISTORICAL_SS,0,,,,,1,,,,,,,,,,,2,,,,,,,,,,,,,,,
Greece_navy,create_equipment_variant,Glaukos Class,ship_hull_submarine_1,GRE_HISTORICAL_SS,0,,,,,3,,,,,,,,,,,3,,,,,,,,,,,,,,,
Greece_navy,create_equipment_variant,Triaina Class,ship_hull_submarine_2,GRE_HISTORICAL_SS,0,,,,7,4,,6,,,,,,,,,5,,,,,,,,,,,,,,,
Greece_navy,create_equipment_variant,Kissa Class,ship_hull_micro,GRE_HISTORICAL_DD,,,,,5,,2,,,,,,,,,,,,,,,,,,,,,,,,,
Greece_navy,create_equipment_variant,A1 Class,ship_hull_micro,GRE_HISTORICAL_DD,,,,,5,,2,,,,,,,,,,,,,,,,,,,,,,,,,
Greece_navy,create_equipment_variant,Pleias Class,ship_hull_micro_2,GRE_HISTORICAL_DD,,,,,5,,2,,,,,,,,,,,,,,,,,,,,,,,,,
Greece_navy,create_equipment_variant,Aktiou Class,ship_hull_micro_2,GRE_HISTORICAL_DD,,,,,5,,2,,,,,,,,,,,,,,,,,,,,,,,,,
pelu_navy,create_equipment_variant,Independencia Class,ship_hull_cruiser_1,PRU_HISTORICAL_CA,,,,GFX_Pensacola,5,,,3,,5,,,,,,,,,,,,,,,,,,,,,,
pelu_navy,create_equipment_variant,Manqu Qhapaq Class,ship_hull_cruiser_armored_cruiser,PRU_HISTORICAL_CA,,,,GFX_ACR_11,4,,,2,,2,,,,,,,,,,,,,,,,,,,,,,
pelu_navy,create_equipment_variant,Almirante Grau Class,ship_hull_cruiser_defenced_cruiser,PRU_HISTORICAL_CL,,,,,3,,,5,,4,,,,,,,,,,,,,,,,,,,,,,
pelu_navy,create_equipment_variant,Lima Class,ship_hull_cruiser_1,PRU_HISTORICAL_CL,,,,GFX_Omaha,5,,,1,,7,,,,,,,,,,,,,,,,,,,,,,
pelu_navy,create_equipment_variant,Almirante Villar Class,ship_hull_light_0_old,PRU_HISTORICAL_DD,,,,GFX_Novik,2,,,,,,2,,,,,,,,,,,,,,,,,,,,,
pelu_navy,create_equipment_variant,Teniente Rodriguez Class,ship_hull_light_3,PRU_HISTORICAL_DD,,,,GFX_Fletcher,3,,,1,,,8,,,,,,,,,,,,,,,,,,,,,
pelu_navy,create_equipment_variant,Ferré Class,ship_hull_frigate_2,PRU_HISTORICAL_DD,,,,GFX_Tacoma,10,,4,,5,,,,,,5,,,,,,,,,,,,,,,,,
pelu_navy,create_equipment_variant,Cusco Class,ship_hull_light_3,PRU_HISTORICAL_DD,,,,GFX_Canon,5,,,2,,,5,,,,,,,,,,,,,,,,,,,,,
pelu_navy,create_equipment_variant,R1 Class,ship_hull_submarine_1,PRU_HISTORICAL_SS,,,,GFX_R1,,,,,,,,,,,,,3,,,,,,,,,,,,,,,
Dominica_navy,create_equipment_variant,Independencia Class,ship_hull_light_3,DOM_HISTORICAL_DD,,,,GFX_Fletcher,3,,,1,,,8,,,,,,,,,,,,,,,,,,,,,
Dominica_navy,create_equipment_variant,Trujillo Class,ship_hull_light_1,DOM_HISTORICAL_DD,,,,,4,,,1,,,3,,,,,,,,,,,,,,,,,,,,,
Dominica_navy,create_equipment_variant,Generalissimo Class,ship_hull_light_1,DOM_HISTORICAL_DD,0,,,,4,,,0,,,3,,,,,,,,,,,,,,,,,,,,,
Dominica_navy,create_equipment_variant,Presidente Trujillo Class,ship_hull_frigate_1,DOM_HISTORICAL_DD,,,,,0,,1,,,,,,,,,,,,,,,,,,,,,,,,,
Dominica_navy,create_equipment_variant,Sanchez Class,ship_hull_frigate_1,DOM_HISTORICAL_DD,,,,GFX_Sanchez,0,,1,,,,,,,,,,,,,,,,,,,,,,,,,
Dominica_navy,create_equipment_variant,San Rafael Class,ship_hull_frigate_2,DOM_HISTORICAL_DD,,,,GFX_Tacoma,10,,4,,5,,,,,,5,,,,,,,,,,,,,,,,,
Ecuador_navy,create_equipment_variant,Libertador Bolívar Class,ship_hull_cruiser_1,ECU_HISTORICAL_CL,,,,GFX_Omaha,5,,,1,,7,,,,,,,,,,,,,,,,,,,,,,
Ecuador_navy,create_equipment_variant,Presidente Eloy Alfaro Class,ship_hull_light_3,ECU_HISTORICAL_DD,,,,GFX_Fletcher,3,,,1,,,8,,,,,,,,,,,,,,,,,,,,,
Ecuador_navy,create_equipment_variant,Guayas Class,ship_hull_frigate_2,ECU_HISTORICAL_DD,,,,GFX_Tacoma,10,,4,,5,,,,,,5,,,,,,,,,,,,,,,,,
Ecuador_navy,create_equipment_variant,Esmeraldas Class,ship_hull_micro_2,ECU_HISTORICAL_DD,,,,GFX_Esmeraldas,1,,0,,,,,,,,,,,,,,,,,,,,,,,,,
Ecuador_navy,create_equipment_variant,Presidente Alfaro Class,ship_hull_micro_3,ECU_HISTORICAL_DD,,,,GFX_Presidente_Alfaro,2,,0,,,,,,,,,,,,,,,,,,,,,,,,,
Venezuela_navy,create_equipment_variant,Bolívar Class,ship_hull_light_3,VEN_HISTORICAL_DD,,,,GFX_Fletcher,3,,,1,,,8,,,,,,,,,,,,,,,,,,,,,
Venezuela_navy,create_equipment_variant,Carabobo Class,ship_hull_frigate_1,VEN_HISTORICAL_DD,,,,GFX_Flower,3,,3,,,,,,,,,,,,,,,,,,,,,,,,,
Venezuela_navy,create_equipment_variant,General Salóm Class,ship_hull_micro_3,VEN_HISTORICAL_DD,,,,GFX_General_Salom,2,,0,,,,,,,,,,,,,,,,,,,,,,,,,
Colombia_navy,create_equipment_variant,Antioquia Class,ship_hull_light_0,COL_HISTORICAL_DD,0,,,GFX_Antioquia,7,,,0,,,6,,,,,,,,,,,,,,,,,,,,,
Colombia_navy,create_equipment_variant,Almirante Padilla Class,ship_hull_frigate_2,COL_HISTORICAL_DD,,,,GFX_Tacoma,10,,4,,5,,,,,,5,,,,,,,,,,,,,,,,,
Colombia_navy,create_equipment_variant,Bogotá Class,ship_hull_micro_4,COL_HISTORICAL_DD,,,,GFX_M1916,6,,5,,,,,,,,,,,,,,,,,,,,,,,,,
Colombia_navy,create_equipment_variant,Carabobo Class,ship_hull_micro_2,COL_HISTORICAL_DD,,,,GFX_Carabobo,1,,0,,,,,,,,,,,,,,,,,,,,,,,,,
Colombia_navy,create_equipment_variant,Mariscal Sucre Class,ship_hull_micro_2,COL_HISTORICAL_DD,,,,GFX_Mariscal_Sucre,1,,0,,,,,,,,,,,,,,,,,,,,,,,,,
Uruguay_navy,create_equipment_variant,General Rivera Class,ship_hull_light_3,URG_HISTORICAL_DD,,,,GFX_Fletcher,3,,,1,,,8,,,,,,,,,,,,,,,,,,,,,
Uruguay_navy,create_equipment_variant,Malvinas Class,ship_hull_light_3,PRU_HISTORICAL_DD,,,,GFX_Canon,5,,,2,,,5,,,,,,,,,,,,,,,,,,,,,
Uruguay_navy,create_equipment_variant,Uruguay Class,ship_hull_cruiser_scout_cruiser,PRU_HISTORICAL_CL,,,,,2,,,0,,2,,,,,,,,,,,,,,,,,,,,,,
Argentine_navy,create_equipment_variant,Independencia Class,ship_hull_cruiser_coastal_defense_ship_1,ARG_HISTORICAL_BB,,,,,4,,,4,,7,,,,,,,,,,,,,,,,,,,,,,
Argentine_navy,create_equipment_variant,Azopardo Class,ship_hull_heavy_0,ARG_HISTORICAL_BB,3,,,GFX_NewYork,2,,,3,,,,,,3,,,,,,,,,,,,,,,,,,
Newzealand_navy,create_equipment_variant,Danae Class,ship_hull_cruiser_1,NZL_HISTORICAL_CL,0,,,,1,,,0,,3,,,,,,,,,,,,,,,,,,,,,,
Newzealand_navy,create_equipment_variant,Leander Class,ship_hull_cruiser_1,NZL_HISTORICAL_CL,0,,,,5,,,1,,5,,,,,,,,,,,,,,,,,,,,,,
Newzealand_navy,create_equipment_variant,Bellona Class,ship_hull_cruiser_2,NZL_HISTORICAL_CL,0,,,,3,,,1,,5,,,,,,,,,,,,,,,,,,,,,,
Newzealand_navy,create_equipment_variant,Fiji Class,ship_hull_cruiser_2,NZL_HISTORICAL_CL,0,,,,3,,,0,,5,,,,,,,,,,,,,,,,,,,,,,
Newzealand_navy,create_equipment_variant,Hunt I Class,ship_hull_light_1,NZL_HISTORICAL_DD,0,,,,0,,,3,,,1,,,,,,,,,,,,,,,,,,,,,
Newzealand_navy,create_equipment_variant,Loch Class,ship_hull_frigate_1,NZL_HISTORICAL_DD,0,,,,3,,3,,,,,,,,,,,,,,,,,,,,,,,,,
Newzealand_navy,create_equipment_variant,Erebus Class,ship_hull_monitor_2,NZL_HISTORICAL_BB,0,,,,6,,,0,,0,,,,,,,,,,,,,,,,,,,,,,
Newzealand_navy,create_equipment_variant,Maidstone Class,ship_hull_cruiser_0_transport_remodeling,NZL_HISTORICAL_CL,,,,,2,,,1,,5,,,,,,,,,,,,,,,,,,,,,,
